"chr","QTL","pos_lo","pos_hi","TRAIT","locusName","start","end","Best.hit.arabi.name","arabi.symbol","arabi.defline","Best.hit.rice.name","rice.defline"
"Chr07K","7K@41.91",46620604,49229533,"Al27","Pavir.7KG261800",48768322,48773838,"AT3G06910","ULP1A","UB-like protease 1A","LOC_Os09g11380","expressed protein"
"Chr07K","7K@41.91",46620604,49229533,"Al27","Pavir.7KG262070",48774203,48776561,"AT4G38180","FRS5","FAR1-related sequence 5","LOC_Os08g33270","transposon protein, putative, unclassified, expressed"
"Chr07K","7K@41.91",46620604,49229533,"Al27","Pavir.7KG262340",48780766,48781467,"AT2G19130","","S-locus lectin protein kinase family protein","LOC_Os04g54140","receptor-like kinase, putative, expressed"
"Chr07K","7K@41.91",46620604,49229533,"Al27","Pavir.7KG262610",48781475,48782687,"AT1G65790","ARK1,RK1","receptor kinase 1","LOC_Os04g54130","TKL_IRAK_DUF26-ld.1 - DUF26 kinases have homology to DUF26 containing loci, expressed"
"Chr07K","7K@41.91",46620604,49229533,"Al27","Pavir.7KG262880",48794136,48794603,"AT1G11300","","protein serine/threonine kinases;protein kinases;ATP binding;sugar binding;kinases;carbohydrate binding","LOC_Os04g54130","TKL_IRAK_DUF26-ld.1 - DUF26 kinases have homology to DUF26 containing loci, expressed"
"Chr07K","7K@41.91",46620604,49229533,"Al27","Pavir.7KG286800",47894065,47897106,"AT5G26940","","Polynucleotidyl transferase, ribonuclease H-like superfamily protein","LOC_Os04g53200","exonuclease, putative, expressed"
"Chr07K","7K@41.91",46620604,49229533,"Al27","Pavir.7KG287000",47873576,47879552,"AT2G43020","ATPAO2,PAO2","polyamine oxidase 2","LOC_Os04g53190","CPuORF12 - conserved peptide uORF-containing transcript, expressed"
"Chr07K","7K@41.91",46620604,49229533,"Al27","Pavir.7KG333800",46639059,46645127,"AT3G10700","GalAK","galacturonic acid kinase","LOC_Os04g51880","GHMP kinases ATP-binding protein, putative, expressed"
"Chr07K","7K@41.91",46620604,49229533,"Al27","Pavir.7KG333900",46655291,46656137,"AT2G24400","","SAUR-like auxin-responsive protein family ","LOC_Os04g51890","OsSAUR20 - Auxin-responsive SAUR gene family member, expressed"
"Chr07K","7K@41.91",46620604,49229533,"Al27","Pavir.7KG334000",46662665,46669075,"AT5G05680","MOS7","nuclear pore complex protein-related","LOC_Os04g51900","expressed protein"
"Chr07K","7K@41.91",46620604,49229533,"Al27","Pavir.7KG334200",46692312,46696475,"AT3G13060","ECT5","evolutionarily conserved C-terminal region 5","LOC_Os04g51940","YT521-B, putative, expressed"
"Chr07K","7K@41.91",46620604,49229533,"Al27","Pavir.7KG334270",46669442,46677094,"AT2G32730","","26S proteasome regulatory complex, non-ATPase subcomplex, Rpn2/Psmd1 subunit","LOC_Os08g12820","proteasome/cyclosome repeat containing protein, expressed"
"Chr07K","7K@41.91",46620604,49229533,"Al27","Pavir.7KG334300",46696583,46699932,"AT4G31170","","Protein kinase superfamily protein","LOC_Os04g51950","serine/threonine-protein kinase HT1, putative, expressed"
"Chr07K","7K@41.91",46620604,49229533,"Al27","Pavir.7KG334500",46713743,46717518,"AT1G32910","","HXXXD-type acyl-transferase family protein","LOC_Os04g51980","transferase family domain containing protein, expressed"
"Chr07K","7K@41.91",46620604,49229533,"Al27","Pavir.7KG334540",46686719,46690503,"AT4G31240","","protein kinase C-like zinc finger protein","LOC_Os04g51920","protein disulfide isomerase, putative, expressed"
"Chr07K","7K@41.91",46620604,49229533,"Al27","Pavir.7KG334600",46741881,46743041,"AT1G32910","","HXXXD-type acyl-transferase family protein","LOC_Os04g51990","transferase family domain containing protein, expressed"
"Chr07K","7K@41.91",46620604,49229533,"Al27","Pavir.7KG334700",46743514,46746453,"","","","",""
"Chr07K","7K@41.91",46620604,49229533,"Al27","Pavir.7KG334800",46748423,46750316,"AT1G32910","","HXXXD-type acyl-transferase family protein","LOC_Os04g51990","transferase family domain containing protein, expressed"
"Chr07K","7K@41.91",46620604,49229533,"Al27","Pavir.7KG334900",46751578,46756458,"AT4G28400","","Protein phosphatase 2C family protein","LOC_Os04g52000","protein phosphatase 2C, putative, expressed"
"Chr07K","7K@41.91",46620604,49229533,"Al27","Pavir.7KG335100",46760274,46798224,"AT1G79350","EMB1135","RING/FYVE/PHD zinc finger superfamily protein","LOC_Os08g12680","zinc finger domain, LSD1 subclass family protein, expressed"
"Chr07K","7K@41.91",46620604,49229533,"Al27","Pavir.7KG335200",46803048,46807383,"AT1G79350","EMB1135","RING/FYVE/PHD zinc finger superfamily protein","LOC_Os04g52050","TNP1, putative, expressed"
"Chr07K","7K@41.91",46620604,49229533,"Al27","Pavir.7KG335370",46801485,46802642,"","","","LOC_Os04g52050","TNP1, putative, expressed"
"Chr07K","7K@41.91",46620604,49229533,"Al27","Pavir.7KG335470",46858927,46864673,"AT1G79350","EMB1135","RING/FYVE/PHD zinc finger superfamily protein","LOC_Os04g52074","expressed protein"
"Chr07K","7K@41.91",46620604,49229533,"Al27","Pavir.7KG335740",46866175,46867500,"","","","LOC_Os04g52074","expressed protein"
"Chr07K","7K@41.91",46620604,49229533,"Al27","Pavir.7KG337500",47044318,47049792,"AT1G79460","ATKS,ATKS1,GA2,KS,KS1","Terpenoid cyclases/Protein prenyltransferases superfamily protein","LOC_Os04g52230","ent-kaurene synthase, chloroplast precursor, putative, expressed"
"Chr07K","7K@41.91",46620604,49229533,"Al27","Pavir.7KG337600",47054936,47056810,"AT1G79480","","Carbohydrate-binding X8 domain superfamily protein","LOC_Os09g38784","retrotransposon protein, putative, unclassified, expressed"
"Chr07K","7K@41.91",46620604,49229533,"Al27","Pavir.7KG337700",47064201,47065191,"AT3G22142","","Bifunctional inhibitor/lipid-transfer protein/seed storage 2S albumin superfamily protein","LOC_Os04g52260","LTPL124 - Protease inhibitor/seed storage/LTP family protein precursor, expressed"
"Chr07K","7K@41.91",46620604,49229533,"Al27","Pavir.7KG337800",47065624,47069731,"AT1G30630","","Coatomer epsilon subunit","LOC_Os04g52270","coatomer subunit epsilon, putative, expressed"
"Chr07K","7K@41.91",46620604,49229533,"Al27","Pavir.7KG337900",47072772,47076580,"AT4G39330","ATCAD9,CAD9","cinnamyl alcohol dehydrogenase 9","LOC_Os04g52280","dehydrogenase, putative, expressed"
"Chr07K","7K@41.91",46620604,49229533,"Al27","Pavir.7KG338000",47079745,47080818,"AT1G05780","","Vacuolar ATPase assembly integral membrane protein VMA21-like domain","LOC_Os04g52300","expressed protein"
"Chr07K","7K@41.91",46620604,49229533,"Al27","Pavir.7KG338100",47082963,47085511,"AT3G12750","ZIP1","zinc transporter 1 precursor","LOC_Os04g52310","metal cation transporter, putative, expressed"
"Chr07K","7K@41.91",46620604,49229533,"Al27","Pavir.7KG338170",47076618,47079223,"AT1G79490","EMB2217","Pentatricopeptide repeat (PPR) superfamily protein","LOC_Os04g52290","PPR repeat domain containing protein, putative, expressed"
"Chr07K","7K@41.91",46620604,49229533,"Al27","Pavir.7KG338200",47089830,47097183,"","","","LOC_Os03g01940","expressed protein"
"Chr07K","7K@41.91",46620604,49229533,"Al27","Pavir.7KG338300",47126233,47129912,"AT4G20050","QRT3","Pectin lyase-like superfamily protein","LOC_Os04g52320","QRT3, putative, expressed"
"Chr07K","7K@41.91",46620604,49229533,"Al27","Pavir.7KG338500",47143437,47145255,"AT1G79510","","Uncharacterized conserved protein (DUF2358)","LOC_Os04g52330","expressed protein"
"Chr07K","7K@41.91",46620604,49229533,"Al27","Pavir.7KG338600",47146094,47151686,"AT3G20800","","Cell differentiation, Rcd1-like protein","LOC_Os07g37790","expressed protein"
"Chr07K","7K@41.91",46620604,49229533,"Al27","Pavir.7KG338700",47152006,47154095,"AT5G23740","RPS11-BETA","ribosomal protein S11-beta","LOC_Os08g10608","ribosomal protein S17, putative, expressed"
"Chr07K","7K@41.91",46620604,49229533,"Al27","Pavir.7KG338800",47153267,47158551,"AT2G35020","GlcNAc1pUT2","N-acetylglucosamine-1-phosphate uridylyltransferase 2","LOC_Os04g52370","UTP--glucose-1-phosphate uridylyltransferase, putative, expressed"
"Chr07K","7K@41.91",46620604,49229533,"Al27","Pavir.7KG338900",47159303,47159747,"","","","",""
"Chr07K","7K@41.91",46620604,49229533,"Al27","Pavir.7KG339000",47166608,47170136,"AT5G52230","MBD13","methyl-CPG-binding domain protein 13","LOC_Os04g52380","methyl-CpG binding domain containing protein, putative, expressed"
"Chr07K","7K@41.91",46620604,49229533,"Al27","Pavir.7KG339100",47172827,47178228,"AT2G35060","KUP11","K+ uptake permease 11","LOC_Os04g52390","potassium transporter, putative, expressed"
"Chr07K","7K@41.91",46620604,49229533,"Al27","Pavir.7KG339200",47184447,47187355,"AT3G12800","DECR,SDRB","short-chain dehydrogenase-reductase B","LOC_Os04g52400","oxidoreductase, short chain dehydrogenase/reductase family protein, putative, expressed"
"Chr07K","7K@41.91",46620604,49229533,"Al27","Pavir.7KG339300",47187695,47189921,"AT3G12800","DECR,SDRB","short-chain dehydrogenase-reductase B","LOC_Os04g52400","oxidoreductase, short chain dehydrogenase/reductase family protein, putative, expressed"
"Chr07K","7K@41.91",46620604,49229533,"Al27","Pavir.7KG339400",47192789,47195929,"AT5G23260","ABS,AGL32,TT16","K-box region and MADS-box transcription factor family protein ","LOC_Os04g52410","OsMADS31 - MADS-box family gene with MIKCc type-box, expressed"
"Chr07K","7K@41.91",46620604,49229533,"Al27","Pavir.7KG339500",47196927,47202203,"AT3G22200","GABA-T,HER1,POP2","Pyridoxal phosphate (PLP)-dependent transferases superfamily protein","LOC_Os04g52450","aminotransferase, putative, expressed"
"Chr07K","7K@41.91",46620604,49229533,"Al27","Pavir.7KG339600",47205975,47215623,"AT2G32240","","","LOC_Os04g52460","retrotransposon protein, putative, unclassified, expressed"
"Chr07K","7K@41.91",46620604,49229533,"Al27","Pavir.7KG339700",47215457,47217578,"AT1G19250","FMO1","flavin-dependent monooxygenase 1","LOC_Os06g10170","flavin-containing monooxygenase family protein, putative, expressed"
"Chr07K","7K@41.91",46620604,49229533,"Al27","Pavir.7KG339770",47205662,47206608,"","","","",""
"Chr07K","7K@41.91",46620604,49229533,"Al27","Pavir.7KG339800",47231505,47237494,"AT5G45030","","Trypsin family protein","LOC_Os04g52479","peptidase, trypsin-like serine and cysteine proteases, putative, expressed"
"Chr07K","7K@41.91",46620604,49229533,"Al27","Pavir.7KG340000",47238013,47242266,"AT4G19860","","alpha/beta-Hydrolases superfamily protein","LOC_Os04g52500","lecithine cholesterol acyltransferase, putative, expressed"
"Chr07K","7K@41.91",46620604,49229533,"Al27","Pavir.7KG340100",47242883,47243310,"AT2G32210","","","",""
"Chr07K","7K@41.91",46620604,49229533,"Al27","Pavir.7KG340200",47256453,47260559,"AT1G64810","APO1","Arabidopsis thaliana protein of unknown function (DUF794)","LOC_Os04g52520","APO, putative, expressed"
"Chr07K","7K@41.91",46620604,49229533,"Al27","Pavir.7KG340300",47256170,47257221,"AT1G51100","","","LOC_Os01g48500","expressed protein"
"Chr07K","7K@41.91",46620604,49229533,"Al27","Pavir.7KG340600",47262492,47263772,"AT3G06130","","Heavy metal transport/detoxification superfamily protein ","LOC_Os04g52530","heavy metal-associated domain containing protein, expressed"
"Chr07K","7K@41.91",46620604,49229533,"Al27","Pavir.7KG340800",47267802,47273648,"AT1G31280","AGO2","Argonaute family protein","LOC_Os04g52540","retrotransposon protein, putative, unclassified, expressed"
"Chr07K","7K@41.91",46620604,49229533,"Al27","Pavir.7KG340870",47265569,47266226,"","","","",""
"Chr07K","7K@41.91",46620604,49229533,"Al27","Pavir.7KG341000",47278643,47281908,"AT1G56080","","","LOC_Os04g52570","expressed protein"
"Chr07K","7K@41.91",46620604,49229533,"Al27","Pavir.7KG341100",47284282,47286352,"AT1G56090","","Tetratricopeptide repeat (TPR)-like superfamily protein","LOC_Os04g52580","tetratricopeptide repeat domain containing protein, expressed"
"Chr07K","7K@41.91",46620604,49229533,"Al27","Pavir.7KG341200",47289115,47302709,"AT1G56130","","Leucine-rich repeat transmembrane protein kinase","LOC_Os04g52600","SHR5-receptor-like kinase, putative, expressed"
"Chr07K","7K@41.91",46620604,49229533,"Al27","Pavir.7KG341300",47305187,47312558,"AT1G56130","","Leucine-rich repeat transmembrane protein kinase","LOC_Os04g52640","SHR5-receptor-like kinase, putative, expressed"
"Chr07K","7K@41.91",46620604,49229533,"Al27","Pavir.7KG341400",47313249,47322238,"AT1G56130","","Leucine-rich repeat transmembrane protein kinase","LOC_Os04g52600","SHR5-receptor-like kinase, putative, expressed"
"Chr07K","7K@41.91",46620604,49229533,"Al27","Pavir.7KG341500",47324445,47326914,"AT3G50710","","F-box/RNI-like/FBD-like domains-containing protein","LOC_Os01g06360","transposon protein, putative, unclassified, expressed"
"Chr07K","7K@41.91",46620604,49229533,"Al27","Pavir.7KG341600",47330267,47333672,"","","","LOC_Os04g52660","expressed protein"
"Chr07K","7K@41.91",46620604,49229533,"Al27","Pavir.7KG341700",47334347,47339025,"","","","LOC_Os09g24870","expressed protein"
"Chr07K","7K@41.91",46620604,49229533,"Al27","Pavir.7KG341970",47341369,47348150,"","","","LOC_Os05g34520","ulp1 protease family protein, putative, expressed"
"Chr07K","7K@41.91",46620604,49229533,"Al27","Pavir.7KG342000",47348562,47348988,"","","","",""
"Chr07K","7K@41.91",46620604,49229533,"Al27","Pavir.7KG342200",47351654,47354231,"AT3G06790","","plastid developmental protein DAG, putative","LOC_Os03g38490","DAG protein, chloroplast precursor, putative, expressed"
"Chr07K","7K@41.91",46620604,49229533,"Al27","Pavir.7KG342270",47350836,47351258,"","","","",""
"Chr07K","7K@41.91",46620604,49229533,"Al27","Pavir.7KG342470",47356491,47357960,"AT1G79130","","SAUR-like auxin-responsive protein family ","LOC_Os04g52670","OsSAUR21 - Auxin-responsive SAUR gene family member, expressed"
"Chr07K","7K@41.91",46620604,49229533,"Al27","Pavir.7KG342500",47363087,47366294,"","","","",""
"Chr07K","7K@41.91",46620604,49229533,"Al27","Pavir.7KG342600",47372022,47372808,"AT2G46690","","SAUR-like auxin-responsive protein family ","LOC_Os02g05050","OsSAUR4 - Auxin-responsive SAUR gene family member, expressed"
"Chr07K","7K@41.91",46620604,49229533,"Al27","Pavir.7KG342700",47374744,47380782,"AT1G03000","PEX6","peroxin 6","LOC_Os04g52690","AAA family ATPase, putative, expressed"
"Chr07K","7K@41.91",46620604,49229533,"Al27","Pavir.7KG342800",47395267,47395581,"AT4G00880","","SAUR-like auxin-responsive protein family ","LOC_Os04g52684","expressed protein"
"Chr07K","7K@41.91",46620604,49229533,"Al27","Pavir.7KG343070",47401702,47402793,"","","","",""
"Chr07K","7K@41.91",46620604,49229533,"Al27","Pavir.7KG343340",47403073,47409489,"AT1G03000","PEX6","peroxin 6","LOC_Os04g52690","AAA family ATPase, putative, expressed"
"Chr07K","7K@41.91",46620604,49229533,"Al27","Pavir.7KG343600",46874498,46875586,"AT3G15210","ATERF-4,ATERF4,ERF4,RAP2.5","ethylene responsive element binding factor 4","LOC_Os04g52090","AP2 domain containing protein, expressed"
"Chr07K","7K@41.91",46620604,49229533,"Al27","Pavir.7KG343800",46877932,46881225,"AT1G13270","MAP1B,MAP1C","methionine aminopeptidase 1B","LOC_Os04g52100","peptidase, M24 family protein, putative, expressed"
"Chr07K","7K@41.91",46620604,49229533,"Al27","Pavir.7KG343870",46876950,46877402,"","","","",""
"Chr07K","7K@41.91",46620604,49229533,"Al27","Pavir.7KG344070",46889039,46891373,"","","","",""
"Chr07K","7K@41.91",46620604,49229533,"Al27","Pavir.7KG344200",46904080,46905446,"AT5G44310","","Late embryogenesis abundant protein (LEA) family protein","LOC_Os04g52110","late embryogenesis abundant protein, group 3, putative, expressed"
"Chr07K","7K@41.91",46620604,49229533,"Al27","Pavir.7KG344340",46896421,46897137,"AT4G29090","","Ribonuclease H-like superfamily protein","LOC_Os09g02040","expressed protein"
"Chr07K","7K@41.91",46620604,49229533,"Al27","Pavir.7KG344500",46920404,46922009,"AT5G56190","","Transducin/WD40 repeat-like superfamily protein","LOC_Os02g48964","WD-40 repeat family protein, putative, expressed"
"Chr07K","7K@41.91",46620604,49229533,"Al27","Pavir.7KG344610",46903404,46903739,"","","","",""
"Chr07K","7K@41.91",46620604,49229533,"Al27","Pavir.7KG344700",46931744,46933168,"AT3G08690","ATUBC11,UBC11","ubiquitin-conjugating enzyme 11","LOC_Os09g12230","ubiquitin-conjugating enzyme, putative, expressed"
"Chr07K","7K@41.91",46620604,49229533,"Al27","Pavir.7KG344770",46922213,46922858,"","","","LOC_Os02g48920","ubiquitin-conjugating enzyme, putative, expressed"
"Chr07K","7K@41.91",46620604,49229533,"Al27","Pavir.7KG344900",46938293,46942871,"","","","LOC_Os04g52660","expressed protein"
"Chr07K","7K@41.91",46620604,49229533,"Al27","Pavir.7KG345000",46943096,46953605,"AT5G09400","KUP7","K+ uptake permease 7","LOC_Os04g52120","potassium transporter, putative, expressed"
"Chr07K","7K@41.91",46620604,49229533,"Al27","Pavir.7KG345100",46955077,46959124,"AT1G03475","ATCPO-I,HEMF1,LIN2","Coproporphyrinogen III oxidase","LOC_Os04g52130","coproporphyrinogen III oxidase, chloroplast precursor, putative, expressed"
"Chr07K","7K@41.91",46620604,49229533,"Al27","Pavir.7KG345200",46963163,46965599,"AT3G58700","","Ribosomal L5P family protein","LOC_Os05g11710","ribosomal protein L5, putative, expressed"
"Chr07K","7K@41.91",46620604,49229533,"Al27","Pavir.7KG345400",46994228,47000369,"AT4G24480","","Protein kinase superfamily protein","LOC_Os04g52140","protein kinase domain containing protein, expressed"
"Chr07K","7K@41.91",46620604,49229533,"Al27","Pavir.7KG345500",47000085,47004070,"AT1G64520","RPN12a","regulatory particle non-ATPase 12A","LOC_Os07g25420","26S proteasome non-ATPase regulatory subunit 8, putative, expressed"
"Chr07K","7K@41.91",46620604,49229533,"Al27","Pavir.7KG345600",47007733,47011547,"AT3G23840","","HXXXD-type acyl-transferase family protein","LOC_Os04g52164","transferase family protein, putative, expressed"
"Chr07K","7K@41.91",46620604,49229533,"Al27","Pavir.7KG345700",47015260,47016689,"","","","LOC_Os04g52180","expressed protein"
"Chr07K","7K@41.91",46620604,49229533,"Al27","Pavir.7KG345800",47023486,47027020,"AT1G30900","BP80-3;3,VSR3;3,VSR6","VACUOLAR SORTING RECEPTOR 6","LOC_Os04g52190","vacuolar-sorting receptor precursor, putative, expressed"
"Chr07K","7K@41.91",46620604,49229533,"Al27","Pavir.7KG345900",47026910,47033722,"AT4G19610","","nucleotide binding;nucleic acid binding;RNA binding","LOC_Os04g52200","RNA recognition motif containing protein, putative, expressed"
"Chr07K","7K@41.91",46620604,49229533,"Al27","Pavir.7KG347100",47413726,47415171,"AT1G79160","","","LOC_Os04g52700","expressed protein"
"Chr07K","7K@41.91",46620604,49229533,"Al27","Pavir.7KG347300",47426466,47432328,"AT3G22425","HISN5A,IGPD","imidazoleglycerol-phosphate dehydratase","LOC_Os04g52710","imidazoleglycerol-phosphate dehydratase, putative, expressed"
"Chr07K","7K@41.91",46620604,49229533,"Al27","Pavir.7KG347400",47439129,47442037,"AT3G14580","","Pentatricopeptide repeat (PPR) superfamily protein","LOC_Os04g52725","PPR repeat domain containing protein, putative, expressed"
"Chr07K","7K@41.91",46620604,49229533,"Al27","Pavir.7KG347500",47445170,47449068,"AT1G30620","HSR8,MUR4,UXE1","NAD(P)-binding Rossmann-fold superfamily protein","LOC_Os04g52730","NAD dependent epimerase/dehydratase family domain containing protein, expressed"
"Chr07K","7K@41.91",46620604,49229533,"Al27","Pavir.7KG347570",47432823,47434139,"AT3G05950","","RmlC-like cupins superfamily protein","LOC_Os04g52720","Cupin domain containing protein, expressed"
"Chr07K","7K@41.91",46620604,49229533,"Al27","Pavir.7KG347600",47449130,47450541,"","","","LOC_Os04g52740","expressed protein"
"Chr07K","7K@41.91",46620604,49229533,"Al27","Pavir.7KG347800",47455924,47457113,"","","","",""
"Chr07K","7K@41.91",46620604,49229533,"Al27","Pavir.7KG347840",47437941,47438344,"","","","",""
"Chr07K","7K@41.91",46620604,49229533,"Al27","Pavir.7KG347900",47509341,47509697,"","","","LOC_Os04g53080","hypothetical protein"
"Chr07K","7K@41.91",46620604,49229533,"Al27","Pavir.7KG348070",47474749,47477577,"","","","LOC_Os12g43900","retrotransposon protein, putative, LINE subclass, expressed"
"Chr07K","7K@41.91",46620604,49229533,"Al27","Pavir.7KG348700",47512161,47514468,"","","","",""
"Chr07K","7K@41.91",46620604,49229533,"Al27","Pavir.7KG348800",47521917,47524173,"","","","",""
"Chr07K","7K@41.91",46620604,49229533,"Al27","Pavir.7KG348900",47533696,47537253,"AT4G20410","GAMMA-SNAP,GSNAP","gamma-soluble NSF attachment protein","LOC_Os04g52760","gamma-soluble NSF attachment protein, putative, expressed"
"Chr07K","7K@41.91",46620604,49229533,"Al27","Pavir.7KG348970",47515335,47515559,"","","","",""
"Chr07K","7K@41.91",46620604,49229533,"Al27","Pavir.7KG349000",47539419,47541006,"AT1G09530","PAP3,PIF3,POC1","phytochrome interacting factor 3","LOC_Os04g52770","helix-loop-helix DNA-binding domain containing protein, expressed"
"Chr07K","7K@41.91",46620604,49229533,"Al27","Pavir.7KG349100",47540667,47545547,"AT5G46330","FLS2","Leucine-rich receptor-like protein kinase family protein","LOC_Os04g52780","leucine-rich repeat receptor protein kinase EXS precursor, putative, expressed"
"Chr07K","7K@41.91",46620604,49229533,"Al27","Pavir.7KG349200",47549421,47550702,"AT1G56020","","","LOC_Os04g52800","expressed protein"
"Chr07K","7K@41.91",46620604,49229533,"Al27","Pavir.7KG349300",47567529,47570311,"AT1G56010","anac021,ANAC022,NAC1","NAC domain containing protein 1","LOC_Os08g10080","no apical meristem protein, putative, expressed"
"Chr07K","7K@41.91",46620604,49229533,"Al27","Pavir.7KG349370",47547148,47547835,"","","","",""
"Chr07K","7K@41.91",46620604,49229533,"Al27","Pavir.7KG349400",47595595,47601633,"AT5G16780","DOT2,MDF","SART-1 family","LOC_Os02g30730","SART-1 family protein, putative, expressed"
"Chr07K","7K@41.91",46620604,49229533,"Al27","Pavir.7KG349600",47608409,47612426,"AT5G60570","","Galactose oxidase/kelch repeat superfamily protein","LOC_Os04g52830","OsFBK15 - F-box domain and kelch repeat containing protein, expressed"
"Chr07K","7K@41.91",46620604,49229533,"Al27","Pavir.7KG349670",47602340,47602642,"","","","",""
"Chr07K","7K@41.91",46620604,49229533,"Al27","Pavir.7KG349700",47611977,47615872,"AT1G16670","","Protein kinase superfamily protein","LOC_Os04g52840","tyrosine protein kinase domain containing protein, putative, expressed"
"Chr07K","7K@41.91",46620604,49229533,"Al27","Pavir.7KG350100",47658333,47669619,"AT1G16670","","Protein kinase superfamily protein","LOC_Os07g17230","WRKY123, expressed"
"Chr07K","7K@41.91",46620604,49229533,"Al27","Pavir.7KG350370",47665265,47665816,"","","","",""
"Chr07K","7K@41.91",46620604,49229533,"Al27","Pavir.7KG350400",47677611,47681653,"","","","LOC_Os04g53300","polyphenol oxidase, putative, expressed"
"Chr07K","7K@41.91",46620604,49229533,"Al27","Pavir.7KG350600",47683576,47687507,"AT1G30570","HERK2","hercules receptor kinase 2","LOC_Os04g52860","TKL_IRAK_CrRLK1L-1.9 - The CrRLK1L-1 subfamily has homology to the CrRLK1L homolog, expressed"
"Chr07K","7K@41.91",46620604,49229533,"Al27","Pavir.7KG350700",47693115,47694296,"","","","LOC_Os04g52880","expressed protein"
"Chr07K","7K@41.91",46620604,49229533,"Al27","Pavir.7KG350800",47707499,47712055,"AT5G52060","ATBAG1,BAG1","BCL-2-associated athanogene 1","LOC_Os04g52890","ATBAG1, putative, expressed"
"Chr07K","7K@41.91",46620604,49229533,"Al27","Pavir.7KG351100",47712114,47725091,"AT2G34660","ATMRP2,EST4,MRP2","multidrug resistance-associated protein 2","LOC_Os04g52900","ABC transporter family protein, putative, expressed"
"Chr07K","7K@41.91",46620604,49229533,"Al27","Pavir.7KG351300",47744639,47747750,"AT1G30320","","Remorin family protein","LOC_Os04g52920","remorin family protein, putative, expressed"
"Chr07K","7K@41.91",46620604,49229533,"Al27","Pavir.7KG351370",47731156,47731842,"","","","",""
"Chr07K","7K@41.91",46620604,49229533,"Al27","Pavir.7KG351500",47756866,47764875,"AT1G30470","","SIT4 phosphatase-associated family protein","LOC_Os04g52940","SIT4 phosphatase-associated protein domain containing protein, expressed"
"Chr07K","7K@41.91",46620604,49229533,"Al27","Pavir.7KG351570",47748907,47749948,"","","","",""
"Chr07K","7K@41.91",46620604,49229533,"Al27","Pavir.7KG351600",47765227,47769776,"","","","",""
"Chr07K","7K@41.91",46620604,49229533,"Al27","Pavir.7KG351640",47734271,47734654,"","","","",""
"Chr07K","7K@41.91",46620604,49229533,"Al27","Pavir.7KG351700",47770337,47770870,"AT5G55850","NOI","RPM1-interacting protein 4 (RIN4) family protein","LOC_Os04g52950","nitrate-induced NOI protein, expressed"
"Chr07K","7K@41.91",46620604,49229533,"Al27","Pavir.7KG351800",47826874,47834249,"AT3G14470","","NB-ARC domain-containing disease resistance protein","LOC_Os04g53160","NBS-LRR disease resistance protein, putative, expressed"
"Chr07K","7K@41.91",46620604,49229533,"Al27","Pavir.7KG351900",47837521,47841007,"","","","LOC_Os02g12840","DEAD-box ATP-dependent RNA helicase, putative, expressed"
"Chr07K","7K@41.91",46620604,49229533,"Al27","Pavir.7KG351970",47785088,47786121,"AT1G14650","","SWAP (Suppressor-of-White-APricot)/surp domain-containing protein / ubiquitin family protein","LOC_Os02g14780","splicing factor 3 subunit 1, putative, expressed"
"Chr07K","7K@41.91",46620604,49229533,"Al27","Pavir.7KG352000",47847279,47847638,"","","","LOC_Os04g53080","hypothetical protein"
"Chr07K","7K@41.91",46620604,49229533,"Al27","Pavir.7KG352100",47850999,47851358,"","","","LOC_Os04g53080","hypothetical protein"
"Chr07K","7K@41.91",46620604,49229533,"Al27","Pavir.7KG352200",47853582,47854040,"","","","LOC_Os04g53080","hypothetical protein"
"Chr07K","7K@41.91",46620604,49229533,"Al27","Pavir.7KG352240",47788208,47790263,"","","","LOC_Os04g53080","hypothetical protein"
"Chr07K","7K@41.91",46620604,49229533,"Al27","Pavir.7KG352400",47858606,47864524,"AT3G14460","","LRR and NB-ARC domains-containing disease resistance protein","LOC_Os04g53160","NBS-LRR disease resistance protein, putative, expressed"
"Chr07K","7K@41.91",46620604,49229533,"Al27","Pavir.7KG352510",47791720,47792079,"","","","LOC_Os04g53080","hypothetical protein"
"Chr07K","7K@41.91",46620604,49229533,"Al27","Pavir.7KG352670",47864285,47866890,"AT5G65630","GTE7","global transcription factor group E7","LOC_Os04g53170","bromodomain containing protein, expressed"
"Chr07K","7K@41.91",46620604,49229533,"Al27","Pavir.7KG352780",47795758,47797131,"","","","LOC_Os07g14310","expressed protein"
"Chr07K","7K@41.91",46620604,49229533,"Al27","Pavir.7KG352941",47869517,47870928,"","","","",""
"Chr07K","7K@41.91",46620604,49229533,"Al27","Pavir.7KG353050",47804089,47804660,"","","","",""
"Chr07K","7K@41.91",46620604,49229533,"Al27","Pavir.7KG353320",47825225,47826631,"","","","LOC_Os04g53080","hypothetical protein"
"Chr07K","7K@41.91",46620604,49229533,"Al27","Pavir.7KG391300",47912263,47916035,"AT4G18360","","Aldolase-type TIM barrel family protein","LOC_Os04g53210","hydroxyacid oxidase 1, putative, expressed"
"Chr07K","7K@41.91",46620604,49229533,"Al27","Pavir.7KG391400",47917495,47920775,"","","","LOC_Os08g06730","expressed protein"
"Chr07K","7K@41.91",46620604,49229533,"Al27","Pavir.7KG391500",47927235,47932739,"AT4G18360","","Aldolase-type TIM barrel family protein","LOC_Os04g53210","hydroxyacid oxidase 1, putative, expressed"
"Chr07K","7K@41.91",46620604,49229533,"Al27","Pavir.7KG391600",47933943,47936747,"AT4G18360","","Aldolase-type TIM barrel family protein","LOC_Os04g53210","hydroxyacid oxidase 1, putative, expressed"
"Chr07K","7K@41.91",46620604,49229533,"Al27","Pavir.7KG391700",47937166,47939826,"AT2G43640","","Signal recognition particle, SRP9/SRP14 subunit","LOC_Os04g53220","signal recognition particle 14 kDa protein, putative, expressed"
"Chr07K","7K@41.91",46620604,49229533,"Al27","Pavir.7KG391800",47940344,47943847,"AT1G11860","","Glycine cleavage T-protein family","LOC_Os04g53230","aminomethyltransferase, putative, expressed"
"Chr07K","7K@41.91",46620604,49229533,"Al27","Pavir.7KG392000",47957872,47961340,"","","","",""
"Chr07K","7K@41.91",46620604,49229533,"Al27","Pavir.7KG392070",47945525,47945917,"","","","",""
"Chr07K","7K@41.91",46620604,49229533,"Al27","Pavir.7KG392100",47965597,47968707,"AT1G62040","ATG8C","Ubiquitin-like superfamily protein","LOC_Os08g09240","autophagy-related protein, putative, expressed"
"Chr07K","7K@41.91",46620604,49229533,"Al27","Pavir.7KG392200",47970300,47972673,"","","","LOC_Os04g53300","polyphenol oxidase, putative, expressed"
"Chr07K","7K@41.91",46620604,49229533,"Al27","Pavir.7KG392300",47998708,48004717,"AT5G45190","","Cyclin family protein","LOC_Os02g24190","cyclin-T1-2, putative, expressed"
"Chr07K","7K@41.91",46620604,49229533,"Al27","Pavir.7KG392340",47949928,47952885,"AT4G22010","sks4","SKU5  similar 4","LOC_Os06g46500","monocopper oxidase, putative, expressed"
"Chr07K","7K@41.91",46620604,49229533,"Al27","Pavir.7KG392570",48007629,48010107,"AT5G27120","","NOP56-like pre RNA processing ribonucleoprotein","LOC_Os11g37120","nucleolar protein 5, putative, expressed"
"Chr07K","7K@41.91",46620604,49229533,"Al27","Pavir.7KG392600",48012889,48021073,"AT1G11720","ATSS3,SS3","starch synthase 3","LOC_Os04g53310","soluble starch synthase 3, chloroplast precursor, putative, expressed"
"Chr07K","7K@41.91",46620604,49229533,"Al27","Pavir.7KG392700",48025906,48026515,"","","","LOC_Os02g06850","expressed protein"
"Chr07K","7K@41.91",46620604,49229533,"Al27","Pavir.7KG392800",48027329,48031556,"AT1G50660","","","LOC_Os04g53350","expressed protein"
"Chr07K","7K@41.91",46620604,49229533,"Al27","Pavir.7KG392840",48010604,48011182,"","","","",""
"Chr07K","7K@41.91",46620604,49229533,"Al27","Pavir.7KG393100",48045020,48049046,"AT3G20490","","","LOC_Os04g53360","expressed protein"
"Chr07K","7K@41.91",46620604,49229533,"Al27","Pavir.7KG393300",48059342,48063349,"AT1G59990","","DEA(D/H)-box RNA helicase family protein","LOC_Os09g21520","DEAD-box ATP-dependent RNA helicase, putative, expressed"
"Chr07K","7K@41.91",46620604,49229533,"Al27","Pavir.7KG393370",48056112,48058378,"","","","",""
"Chr07K","7K@41.91",46620604,49229533,"Al27","Pavir.7KG393400",48071833,48075835,"AT4G30580","ATS2,EMB1995,LPAT1","Phospholipid/glycerol acyltransferase family protein","LOC_Os04g53370","acyltransferase, putative, expressed"
"Chr07K","7K@41.91",46620604,49229533,"Al27","Pavir.7KG393500",48075263,48095986,"AT4G27010","","","LOC_Os04g53380","expressed protein"
"Chr07K","7K@41.91",46620604,49229533,"Al27","Pavir.7KG393600",48097275,48098282,"AT3G06190","ATBPM2,BPM2","BTB-POZ and MATH domain 2","LOC_Os04g53410","MBTB7 - Bric-a-Brac, Tramtrack, Broad Complex BTB domain with Meprin and TRAF Homology MATH domain, expressed"
"Chr07K","7K@41.91",46620604,49229533,"Al27","Pavir.7KG393700",48098657,48103625,"AT3G06190","ATBPM2,BPM2","BTB-POZ and MATH domain 2","LOC_Os04g53410","MBTB7 - Bric-a-Brac, Tramtrack, Broad Complex BTB domain with Meprin and TRAF Homology MATH domain, expressed"
"Chr07K","7K@41.91",46620604,49229533,"Al27","Pavir.7KG393800",48105063,48110237,"AT3G06190","ATBPM2,BPM2","BTB-POZ and MATH domain 2","LOC_Os04g53410","MBTB7 - Bric-a-Brac, Tramtrack, Broad Complex BTB domain with Meprin and TRAF Homology MATH domain, expressed"
"Chr07K","7K@41.91",46620604,49229533,"Al27","Pavir.7KG393900",48110908,48112474,"","","","",""
"Chr07K","7K@41.91",46620604,49229533,"Al27","Pavir.7KG394000",48116666,48117733,"AT3G06190","ATBPM2,BPM2","BTB-POZ and MATH domain 2","LOC_Os04g53410","MBTB7 - Bric-a-Brac, Tramtrack, Broad Complex BTB domain with Meprin and TRAF Homology MATH domain, expressed"
"Chr07K","7K@41.91",46620604,49229533,"Al27","Pavir.7KG394100",48123752,48124879,"AT5G19000","ATBPM1,BPM1","BTB-POZ and MATH domain 1","LOC_Os08g13000","MBTB20 - Bric-a-Brac, Tramtrack, Broad Complex BTB domain with Meprin and TRAF Homology MATH domain, expressed"
"Chr07K","7K@41.91",46620604,49229533,"Al27","Pavir.7KG394200",48128364,48129469,"AT2G39760","ATBPM3,BPM3","BTB/POZ/MATH-domains containing protein","LOC_Os04g53410","MBTB7 - Bric-a-Brac, Tramtrack, Broad Complex BTB domain with Meprin and TRAF Homology MATH domain, expressed"
"Chr07K","7K@41.91",46620604,49229533,"Al27","Pavir.7KG394300",48130003,48131786,"AT3G06190","ATBPM2,BPM2","BTB-POZ and MATH domain 2","LOC_Os04g53410","MBTB7 - Bric-a-Brac, Tramtrack, Broad Complex BTB domain with Meprin and TRAF Homology MATH domain, expressed"
"Chr07K","7K@41.91",46620604,49229533,"Al27","Pavir.7KG394400",48132595,48136648,"AT1G11650","ATRBP45B,RBP45B","RNA-binding (RRM/RBD/RNP motifs) family protein","LOC_Os04g53440","RNA recognition motif containing protein, putative, expressed"
"Chr07K","7K@41.91",46620604,49229533,"Al27","Pavir.7KG394500",48137352,48141927,"AT5G54920","","","LOC_Os04g53450","expressed protein"
"Chr07K","7K@41.91",46620604,49229533,"Al27","Pavir.7KG394600",48141869,48145789,"","","","LOC_Os04g53460","AT hook motif family protein, expressed"
"Chr07K","7K@41.91",46620604,49229533,"Al27","Pavir.7KG394870",48182831,48184362,"","","","",""
"Chr07K","7K@41.91",46620604,49229533,"Al27","Pavir.7KG395100",48198054,48207461,"AT3G14470","","NB-ARC domain-containing disease resistance protein","LOC_Os06g49380","NBS-LRR disease resistance protein, putative, expressed"
"Chr07K","7K@41.91",46620604,49229533,"Al27","Pavir.7KG395300",48212677,48219583,"AT4G21750","ATML1","Homeobox-leucine zipper family protein / lipid-binding START domain-containing protein","LOC_Os04g53540","homeobox and START domains containing protein, putative, expressed"
"Chr07K","7K@41.91",46620604,49229533,"Al27","Pavir.7KG395370",48207927,48210009,"AT3G15160","","","LOC_Os04g53530","expressed protein"
"Chr07K","7K@41.91",46620604,49229533,"Al27","Pavir.7KG395400",48231504,48232412,"AT1G63270","ATNAP10,NAP10","non-intrinsic ABC protein 10","LOC_Os04g53550","ABC transporter, ATP-binding protein, putative, expressed"
"Chr07K","7K@41.91",46620604,49229533,"Al27","Pavir.7KG395500",48237225,48238617,"","","","LOC_Os04g53560","expressed protein"
"Chr07K","7K@41.91",46620604,49229533,"Al27","Pavir.7KG395600",48254641,48256240,"AT4G28556","RIC7","PAK-box/P21-Rho-binding family protein","LOC_Os04g53580","P21-Rho-binding domain containing protein, putative, expressed"
"Chr07K","7K@41.91",46620604,49229533,"Al27","Pavir.7KG395640",48210094,48212777,"AT3G15160","","","LOC_Os04g53530","expressed protein"
"Chr07K","7K@41.91",46620604,49229533,"Al27","Pavir.7KG395700",48258270,48259358,"AT4G27130","","Translation initiation factor SUI1 family protein","LOC_Os01g58220","translation initiation factor SUI1, putative, expressed"
"Chr07K","7K@41.91",46620604,49229533,"Al27","Pavir.7KG395770",48253807,48254050,"","","","",""
"Chr07K","7K@41.91",46620604,49229533,"Al27","Pavir.7KG395800",48259977,48262444,"AT3G21740","APO4","Arabidopsis thaliana protein of unknown function (DUF794)","LOC_Os04g53612","APO, putative, expressed"
"Chr07K","7K@41.91",46620604,49229533,"Al27","Pavir.7KG395900",48263631,48265273,"AT4G05320","UBQ10","polyubiquitin 10","LOC_Os06g46770","ubiquitin family protein, putative, expressed"
"Chr07K","7K@41.91",46620604,49229533,"Al27","Pavir.7KG396070",48262022,48263765,"","","","",""
"Chr07K","7K@41.91",46620604,49229533,"Al27","Pavir.7KG396100",48268351,48270743,"AT4G11290","","Peroxidase superfamily protein","LOC_Os04g53640","peroxidase precursor, putative, expressed"
"Chr07K","7K@41.91",46620604,49229533,"Al27","Pavir.7KG396200",48275414,48276183,"AT1G61760","","Late embryogenesis abundant (LEA) hydroxyproline-rich glycoprotein family","LOC_Os04g53650","harpin-induced protein 1 domain containing protein, expressed"
"Chr07K","7K@41.91",46620604,49229533,"Al27","Pavir.7KG396400",48280510,48288574,"AT3G20720","","","LOC_Os04g53670","expressed protein"
"Chr07K","7K@41.91",46620604,49229533,"Al27","Pavir.7KG396600",48302957,48306126,"AT3G21865","PEX22","peroxin 22","LOC_Os04g53690","expressed protein"
"Chr07K","7K@41.91",46620604,49229533,"Al27","Pavir.7KG396670",48292087,48293079,"AT1G40390","","DNAse I-like superfamily protein","LOC_Os11g16250","expressed protein"
"Chr07K","7K@41.91",46620604,49229533,"Al27","Pavir.7KG396700",48306058,48310280,"AT3G21820","ATXR2,SDG36","histone-lysine N-methyltransferase ATXR2","LOC_Os04g53700","zinc finger protein, putative, expressed"
"Chr07K","7K@41.91",46620604,49229533,"Al27","Pavir.7KG396800",48311451,48312463,"AT1G72230","","Cupredoxin superfamily protein","LOC_Os04g53710","plastocyanin-like domain containing protein, putative, expressed"
"Chr07K","7K@41.91",46620604,49229533,"Al27","Pavir.7KG396900",48314146,48317072,"AT1G34750","","Protein phosphatase 2C family protein","LOC_Os04g37904","protein phosphatase 2C, putative, expressed"
"Chr07K","7K@41.91",46620604,49229533,"Al27","Pavir.7KG396940",48298758,48300541,"AT3G21870","CYCP2;1","cyclin p2;1","LOC_Os04g53680","cyclin, putative, expressed"
"Chr07K","7K@41.91",46620604,49229533,"Al27","Pavir.7KG397000",48317364,48333240,"AT1G50410","","SNF2 domain-containing protein / helicase domain-containing protein / zinc finger protein-related","LOC_Os04g53720","SNF2 family N-terminal domain containing protein, expressed"
"Chr07K","7K@41.91",46620604,49229533,"Al27","Pavir.7KG397270",48333325,48334035,"AT1G50410","","SNF2 domain-containing protein / helicase domain-containing protein / zinc finger protein-related","LOC_Os04g53720","SNF2 family N-terminal domain containing protein, expressed"
"Chr07K","7K@41.91",46620604,49229533,"Al27","Pavir.7KG399000",48513084,48515784,"AT5G45530","","Protein of unknown function (DUF594)","LOC_Os01g24080","expressed protein"
"Chr07K","7K@41.91",46620604,49229533,"Al27","Pavir.7KG399200",48531576,48534636,"AT1G61660","","basic helix-loop-helix (bHLH) DNA-binding superfamily protein","LOC_Os04g53990","ethylene-responsive protein related, putative, expressed"
"Chr07K","7K@41.91",46620604,49229533,"Al27","Pavir.7KG399300",48536810,48541808,"AT1G11330","","S-locus lectin protein kinase family protein","LOC_Os04g53994","kinase, putative, expressed"
"Chr07K","7K@41.91",46620604,49229533,"Al27","Pavir.7KG399400",48550099,48560797,"AT4G21390","B120","S-locus lectin protein kinase family protein","LOC_Os04g53994","kinase, putative, expressed"
"Chr07K","7K@41.91",46620604,49229533,"Al27","Pavir.7KG399500",48639750,48641242,"AT4G23180","CRK10,RLK4","cysteine-rich RLK (RECEPTOR-like protein kinase) 10","LOC_Os04g53994","kinase, putative, expressed"
"Chr07K","7K@41.91",46620604,49229533,"Al27","Pavir.7KG399670",48564274,48567032,"AT4G21390","B120","S-locus lectin protein kinase family protein","LOC_Os04g53994","kinase, putative, expressed"
"Chr07K","7K@41.91",46620604,49229533,"Al27","Pavir.7KG399700",48567076,48568478,"AT1G65790","ARK1,RK1","receptor kinase 1","LOC_Os04g54120","serine/threonine-protein kinase receptor precursor, putative, expressed"
"Chr07K","7K@41.91",46620604,49229533,"Al27","Pavir.7KG399800",48569166,48569510,"","","","",""
"Chr07K","7K@41.91",46620604,49229533,"Al27","Pavir.7KG400100",48641300,48643554,"AT4G21390","B120","S-locus lectin protein kinase family protein","LOC_Os04g54002","serine/threonine-protein kinase receptor precursor, putative, expressed"
"Chr07K","7K@41.91",46620604,49229533,"Al27","Pavir.7KG400370",48650677,48651177,"","","","",""
"Chr07K","7K@41.91",46620604,49229533,"Al27","Pavir.7KG401700",48679769,48683391,"AT4G21380","ARK3,RK3","receptor kinase 3","LOC_Os04g54070","receptor-like kinase, putative, expressed"
"Chr07K","7K@41.91",46620604,49229533,"Al27","Pavir.7KG402500",48685435,48689425,"AT4G27290","","S-locus lectin protein kinase family protein","LOC_Os04g54140","receptor-like kinase, putative, expressed"
"Chr07K","7K@41.91",46620604,49229533,"Al27","Pavir.7KG402770",48689653,48690840,"","","","",""
"Chr07K","7K@41.91",46620604,49229533,"Al27","Pavir.7KG403040",48700830,48701513,"AT1G43760","","DNAse I-like superfamily protein","LOC_Os12g43900","retrotransposon protein, putative, LINE subclass, expressed"
"Chr07K","7K@41.91",46620604,49229533,"Al27","Pavir.7KG403310",48705408,48706691,"AT3G09850","","D111/G-patch domain-containing protein","LOC_Os08g19170","G-patch domain containing protein, expressed"
"Chr07K","7K@41.91",46620604,49229533,"Al27","Pavir.7KG403900",48717058,48717753,"AT2G29840","","RING/U-box superfamily protein","LOC_Os12g05270","zinc finger, C3HC4 type domain containing protein, expressed"
"Chr07K","7K@41.91",46620604,49229533,"Al27","Pavir.7KG404200",48758586,48762494,"AT4G21380","ARK3,RK3","receptor kinase 3","LOC_Os04g54140","receptor-like kinase, putative, expressed"
"Chr07K","7K@41.91",46620604,49229533,"Al27","Pavir.7KG404470",48766002,48766427,"","","","",""
"Chr07K","7K@41.91",46620604,49229533,"Al27","Pavir.7KG404500",48796804,48800112,"AT4G23180","CRK10,RLK4","cysteine-rich RLK (RECEPTOR-like protein kinase) 10","LOC_Os04g54190","cysteine-rich receptor-like protein kinase 8 precursor, putative, expressed"
"Chr07K","7K@41.91",46620604,49229533,"Al27","Pavir.7KG404600",48807935,48813024,"AT2G20900","ATDGK5,DGK5","diacylglycerol kinase 5","LOC_Os04g54200","diacylglycerol kinase, putative, expressed"
"Chr07K","7K@41.91",46620604,49229533,"Al27","Pavir.7KG404700",48814049,48814580,"AT4G10270","","Wound-responsive family protein","LOC_Os04g54210","expressed protein"
"Chr07K","7K@41.91",46620604,49229533,"Al27","Pavir.7KG404800",48815327,48816228,"","","","LOC_Os04g54220","expressed protein"
"Chr07K","7K@41.91",46620604,49229533,"Al27","Pavir.7KG404900",48818177,48818846,"AT4G10265","","Wound-responsive family protein","LOC_Os04g54230","wound induced protein, putative, expressed"
"Chr07K","7K@41.91",46620604,49229533,"Al27","Pavir.7KG405000",48822009,48822570,"AT4G10265","","Wound-responsive family protein","LOC_Os04g54240","wound induced protein, putative, expressed"
"Chr07K","7K@41.91",46620604,49229533,"Al27","Pavir.7KG405200",48830221,48830469,"AT4G10270","","Wound-responsive family protein","LOC_Os04g54240","wound induced protein, putative, expressed"
"Chr07K","7K@41.91",46620604,49229533,"Al27","Pavir.7KG405300",48833746,48834348,"AT4G10270","","Wound-responsive family protein","LOC_Os04g54240","wound induced protein, putative, expressed"
"Chr07K","7K@41.91",46620604,49229533,"Al27","Pavir.7KG405400",48836499,48837060,"AT4G10265","","Wound-responsive family protein","LOC_Os04g54240","wound induced protein, putative, expressed"
"Chr07K","7K@41.91",46620604,49229533,"Al27","Pavir.7KG405600",48860378,48862343,"AT4G21445","","","LOC_Os04g54320","expressed protein"
"Chr07K","7K@41.91",46620604,49229533,"Al27","Pavir.7KG405670",48847715,48848284,"AT4G10270","","Wound-responsive family protein","LOC_Os04g54240","wound induced protein, putative, expressed"
"Chr07K","7K@41.91",46620604,49229533,"Al27","Pavir.7KG405700",48862434,48865579,"AT1G03560","","Pentatricopeptide repeat (PPR-like) superfamily protein","LOC_Os07g30930","pentatricopeptide repeat domain containing protein, putative, expressed"
"Chr07K","7K@41.91",46620604,49229533,"Al27","Pavir.7KG405900",48866146,48868812,"AT5G13780","","Acyl-CoA N-acyltransferases (NAT) superfamily protein","LOC_Os04g54330","acetyltransferase, GNAT family, putative, expressed"
"Chr07K","7K@41.91",46620604,49229533,"Al27","Pavir.7KG406000",48869352,48871707,"AT2G03870","","Small nuclear ribonucleoprotein family protein","LOC_Os08g08040","LSM domain containing protein, expressed"
"Chr07K","7K@41.91",46620604,49229533,"Al27","Pavir.7KG406200",48877164,48880587,"","","","LOC_Os04g54350","SPRY-domain containing protein, putative, expressed"
"Chr07K","7K@41.91",46620604,49229533,"Al27","Pavir.7KG406270",48871652,48874805,"AT5G54260","ATMRE11,MRE11","DNA repair and meiosis protein (Mre11)","LOC_Os04g54340","double-strand break repair protein MRE11, putative, expressed"
"Chr07K","7K@41.91",46620604,49229533,"Al27","Pavir.7KG406300",48881666,48884273,"AT2G20810","GAUT10,LGT4","galacturonosyltransferase 10","LOC_Os04g54360","glycosyl transferase 8 domain containing protein, putative, expressed"
"Chr07K","7K@41.91",46620604,49229533,"Al27","Pavir.7KG406400",48884349,48888013,"","","","LOC_Os04g54370","expressed protein"
"Chr07K","7K@41.91",46620604,49229533,"Al27","Pavir.7KG406540",48875313,48877123,"AT5G54260","ATMRE11,MRE11","DNA repair and meiosis protein (Mre11)","LOC_Os04g54340","double-strand break repair protein MRE11, putative, expressed"
"Chr07K","7K@41.91",46620604,49229533,"Al27","Pavir.7KG406600",48899873,48906157,"","","","LOC_Os04g54380","aluminum resistance protein, putative, expressed"
"Chr07K","7K@41.91",46620604,49229533,"Al27","Pavir.7KG406650",48908032,48908391,"","","","LOC_Os04g53080","hypothetical protein"
"Chr07K","7K@41.91",46620604,49229533,"Al27","Pavir.7KG406670",48894035,48894849,"","","","",""
"Chr07K","7K@41.91",46620604,49229533,"Al27","Pavir.7KG406701",48915275,48915634,"","","","LOC_Os04g53080","hypothetical protein"
"Chr07K","7K@41.91",46620604,49229533,"Al27","Pavir.7KG406751",48922066,48930922,"AT1G11190","BFN1,ENDO1","bifunctional nuclease i","LOC_Os04g54390","nuclease PA3, putative, expressed"
"Chr07K","7K@41.91",46620604,49229533,"Al27","Pavir.7KG406800",48931956,48935972,"AT5G03250","","Phototropic-responsive NPH3 family protein","LOC_Os04g54400","BTBN12 - Bric-a-Brac, Tramtrack, Broad Complex BTB domain with non-phototropic hypocotyl 3 NPH3 and coiled-coil domains, expressed"
"Chr07K","7K@41.91",46620604,49229533,"Al27","Pavir.7KG406900",48935475,48942376,"AT4G39690","","","LOC_Os04g54410","expressed protein"
"Chr07K","7K@41.91",46620604,49229533,"Al27","Pavir.7KG406940",48895322,48896071,"AT1G43760","","DNAse I-like superfamily protein","LOC_Os12g43900","retrotransposon protein, putative, LINE subclass, expressed"
"Chr07K","7K@41.91",46620604,49229533,"Al27","Pavir.7KG406950",48949161,48949634,"","","","",""
"Chr07K","7K@41.91",46620604,49229533,"Al27","Pavir.7KG407000",48949845,48953448,"AT5G65180","","ENTH/VHS family protein","LOC_Os04g54420","protein of unknown function, DUF618 domain containing protein, expressed"
"Chr07K","7K@41.91",46620604,49229533,"Al27","Pavir.7KG407100",48955657,48958782,"","","","LOC_Os04g54430","immediate-early protein RSP40, putative, expressed"
"Chr07K","7K@41.91",46620604,49229533,"Al27","Pavir.7KG407300",48962188,48964389,"AT2G41060","","RNA-binding (RRM/RBD/RNP motifs) family protein","LOC_Os04g54440","RNA binding protein, putative, expressed"
"Chr07K","7K@41.91",46620604,49229533,"Al27","Pavir.7KG407350",48970356,48970919,"","","","",""
"Chr07K","7K@41.91",46620604,49229533,"Al27","Pavir.7KG407400",48971900,48978657,"AT5G10030","OBF4,TGA4","TGACG motif-binding factor 4","LOC_Os04g54474","transcription factor, putative, expressed"
"Chr07K","7K@41.91",46620604,49229533,"Al27","Pavir.7KG407500",48979861,48981008,"AT1G34245","EPF2","Putative membrane lipoprotein","LOC_Os04g54490","expressed protein"
"Chr07K","7K@41.91",46620604,49229533,"Al27","Pavir.7KG407800",48999940,49001720,"AT5G61160","AACT1","anthocyanin 5-aromatic acyltransferase 1","LOC_Os04g54560","transferase family protein, putative, expressed"
"Chr07K","7K@41.91",46620604,49229533,"Al27","Pavir.7KG407850",49010758,49011309,"","","","",""
"Chr07K","7K@41.91",46620604,49229533,"Al27","Pavir.7KG407900",49011871,49013082,"","","","LOC_Os04g54590","expressed protein"
"Chr07K","7K@41.91",46620604,49229533,"Al27","Pavir.7KG408000",49018279,49019496,"AT4G39610","","Protein of unknown function, DUF617","LOC_Os04g54600","DUF617 domain containing protein, expressed"
"Chr07K","7K@41.91",46620604,49229533,"Al27","Pavir.7KG408100",49029295,49029600,"","","","LOC_Os04g54610","expressed protein"
"Chr07K","7K@41.91",46620604,49229533,"Al27","Pavir.7KG408250",49038790,49039686,"","","","",""
"Chr07K","7K@41.91",46620604,49229533,"Al27","Pavir.7KG408400",49043169,49043987,"","","","LOC_Os04g54620","expressed protein"
"Chr07K","7K@41.91",46620604,49229533,"Al27","Pavir.7KG408466",49045814,49046146,"","","","",""
"Chr07K","7K@41.91",46620604,49229533,"Al27","Pavir.7KG408532",49046212,49046874,"AT2G21970","SEP2","stress enhanced protein 2","LOC_Os04g54630","expressed protein"
"Chr07K","7K@41.91",46620604,49229533,"Al27","Pavir.7KG408600",49047736,49050488,"AT2G21960","","","LOC_Os04g54640","peptidase, cysteine peptidase active site, putative, expressed"
"Chr07K","7K@41.91",46620604,49229533,"Al27","Pavir.7KG408700",49050552,49059345,"AT1G71810","","Protein kinase superfamily protein","LOC_Os04g54790"," ELMO/CED-12 family protein, putative, expressed"
"Chr07K","7K@41.91",46620604,49229533,"Al27","Pavir.7KG408800",49058161,49060635,"AT2G21940","ATSK1,SK1","shikimate kinase 1","LOC_Os04g54800","shikimate kinase, putative, expressed"
"Chr07K","7K@41.91",46620604,49229533,"Al27","Pavir.7KG408900",49062904,49070235,"AT5G64570","ATBXL4,XYL4","beta-D-xylosidase 4","LOC_Os04g54810","beta-D-xylosidase, putative, expressed"
"Chr07K","7K@41.91",46620604,49229533,"Al27","Pavir.7KG409000",49075748,49079683,"AT5G64830","","programmed cell death 2 C-terminal domain-containing protein","LOC_Os04g54820","programmed cell death 2 C-terminal domain-containing protein, putative, expressed"
"Chr07K","7K@41.91",46620604,49229533,"Al27","Pavir.7KG409300",48981551,48988831,"AT1G50840","POLGAMMA2","polymerase gamma 2","LOC_Os08g07840","PolI-like DNA polymerase, putative, expressed"
"Chr07K","7K@41.91",46620604,49229533,"Al27","Pavir.7KG409400",48989271,48990612,"AT5G07900","","Mitochondrial transcription termination factor family protein","LOC_Os04g54510","mTERF family protein, expressed"
"Chr07K","7K@41.91",46620604,49229533,"Al27","Pavir.7KG409900",49021861,49022344,"","","","",""
"Chr07K","7K@41.91",46620604,49229533,"Al27","Pavir.7KG411200",49083710,49083841,"","","","",""
"Chr07K","7K@41.91",46620604,49229533,"Al27","Pavir.7KG411300",49082251,49086125,"AT5G64550","","loricrin-related","LOC_Os04g54830","expressed protein"
"Chr07K","7K@41.91",46620604,49229533,"Al27","Pavir.7KG411400",49087153,49099656,"AT3G23780","DMS2,DRD2,NRPD2,NRPD2A,NRPE2","nuclear RNA polymerase D2A","LOC_Os04g54840","DNA-directed RNA polymerase subunit, putative, expressed"
"Chr07K","7K@41.91",46620604,49229533,"Al27","Pavir.7KG411433",49099692,49099835,"","","","",""
"Chr07K","7K@41.91",46620604,49229533,"Al27","Pavir.7KG411466",49103003,49103628,"","","","",""
"Chr07K","7K@41.91",46620604,49229533,"Al27","Pavir.7KG411500",49105147,49108110,"AT2G26450","","Plant invertase/pectin methylesterase inhibitor superfamily","LOC_Os04g54850","pectinesterase, putative, expressed"
"Chr07K","7K@41.91",46620604,49229533,"Al27","Pavir.7KG411600",49110548,49112221,"AT5G39865","","Glutaredoxin family protein","LOC_Os04g54860","glutaredoxin, putative, expressed"
"Chr07K","7K@41.91",46620604,49229533,"Al27","Pavir.7KG411700",49112455,49116238,"AT1G14340","","RNA-binding (RRM/RBD/RNP motifs) family protein","LOC_Os04g54870","RNA recognition motif containing protein, putative, expressed"
"Chr07K","7K@41.91",46620604,49229533,"Al27","Pavir.7KG411800",49130808,49131787,"AT3G28857","","basic helix-loop-helix (bHLH) DNA-binding family protein","LOC_Os04g54900","bHLH family protein, putative, expressed"
"Chr07K","7K@41.91",46620604,49229533,"Al27","Pavir.7KG411901",49139721,49140450,"","","","",""
"Chr07K","7K@41.91",46620604,49229533,"Al27","Pavir.7KG412000",49141109,49152076,"AT3G28860","ABCB19,ATABCB19,ATMDR1,ATMDR11,ATPGP19,MDR1,MDR11,PGP19","ATP binding cassette subfamily B19","LOC_Os04g38570","multidrug resistance protein, putative, expressed"
"Chr07K","7K@41.91",46620604,49229533,"Al27","Pavir.7KG412100",49178064,49181846,"AT3G47690","ATEB1A,ATEB1H2,EB1A","microtubule end binding protein EB1A","LOC_Os04g54940","ATEB1A-like microtubule associated protein, putative, expressed"
"Chr07K","7K@41.91",46620604,49229533,"Al27","Pavir.7KG412500",49196934,49198241,"AT3G58730","","vacuolar ATP synthase subunit D (VATD) / V-ATPase D subunit / vacuolar proton pump D subunit (VATPD)","LOC_Os04g55040","vacuolar ATP synthase subunit D 1, putative, expressed"
"Chr07K","7K@41.91",46620604,49229533,"Al27","Pavir.7KG412601",49204987,49205669,"","","","",""
"Chr07K","7K@41.91",46620604,49229533,"Al27","Pavir.7KG413100",48349222,48355730,"AT1G50410","","SNF2 domain-containing protein / helicase domain-containing protein / zinc finger protein-related","LOC_Os04g53720","SNF2 family N-terminal domain containing protein, expressed"
"Chr07K","7K@41.91",46620604,49229533,"Al27","Pavir.7KG413200",48356008,48356767,"AT3G22070","","proline-rich family protein","LOC_Os04g53730","expressed protein"
"Chr07K","7K@41.91",46620604,49229533,"Al27","Pavir.7KG413300",48358595,48360064,"AT1G11530","ATCXXS1,CXXS1","C-terminal cysteine residue is changed to a serine 1","LOC_Os04g53740","thioredoxin, putative, expressed"
"Chr07K","7K@41.91",46620604,49229533,"Al27","Pavir.7KG413370",48355148,48355684,"","","","",""
"Chr07K","7K@41.91",46620604,49229533,"Al27","Pavir.7KG413400",48360841,48365654,"AT4G05190","ATK5","kinesin 5","LOC_Os04g53760","kinesin motor domain containing protein, putative, expressed"
"Chr07K","7K@41.91",46620604,49229533,"Al27","Pavir.7KG413600",48381176,48386387,"AT1G13160","","ARM repeat superfamily protein","LOC_Os04g53770","SDA1, putative, expressed"
"Chr07K","7K@41.91",46620604,49229533,"Al27","Pavir.7KG413670",48379838,48380749,"","","","",""
"Chr07K","7K@41.91",46620604,49229533,"Al27","Pavir.7KG413700",48388612,48390599,"AT1G61720","BAN","NAD(P)-binding Rossmann-fold superfamily protein","LOC_Os04g53920","leucoanthocyanidin reductase, putative, expressed"
"Chr07K","7K@41.91",46620604,49229533,"Al27","Pavir.7KG413800",48407709,48409824,"AT1G61720","BAN","NAD(P)-binding Rossmann-fold superfamily protein","LOC_Os04g53850","leucoanthocyanidin reductase, putative, expressed"
"Chr07K","7K@41.91",46620604,49229533,"Al27","Pavir.7KG413900",48410804,48412834,"AT1G61720","BAN","NAD(P)-binding Rossmann-fold superfamily protein","LOC_Os04g53850","leucoanthocyanidin reductase, putative, expressed"
"Chr07K","7K@41.91",46620604,49229533,"Al27","Pavir.7KG414000",48414408,48416363,"AT1G61720","BAN","NAD(P)-binding Rossmann-fold superfamily protein","LOC_Os04g53850","leucoanthocyanidin reductase, putative, expressed"
"Chr07K","7K@41.91",46620604,49229533,"Al27","Pavir.7KG414200",48412347,48423736,"AT1G61720","BAN","NAD(P)-binding Rossmann-fold superfamily protein","LOC_Os04g53850","leucoanthocyanidin reductase, putative, expressed"
"Chr07K","7K@41.91",46620604,49229533,"Al27","Pavir.7KG414300",48425790,48428268,"AT1G61720","BAN","NAD(P)-binding Rossmann-fold superfamily protein","LOC_Os04g53920","leucoanthocyanidin reductase, putative, expressed"
"Chr07K","7K@41.91",46620604,49229533,"Al27","Pavir.7KG414400",48430073,48431938,"AT1G61720","BAN","NAD(P)-binding Rossmann-fold superfamily protein","LOC_Os04g53920","leucoanthocyanidin reductase, putative, expressed"
"Chr07K","7K@41.91",46620604,49229533,"Al27","Pavir.7KG414500",48471582,48477267,"AT3G20660","4-Oct,AtOCT4","organic cation/carnitine transporter4","LOC_Os04g53930","organic cation transporter protein, putative, expressed"
"Chr07K","7K@41.91",46620604,49229533,"Al27","Pavir.7KG414600",48480814,48481902,"AT2G21060","ATCSP4,ATGRP2B,GRP2B","glycine-rich protein 2B","LOC_Os08g03520","retrotransposon protein, putative, Ty1-copia subclass, expressed"
"Chr07K","7K@41.91",46620604,49229533,"Al27","Pavir.7KG414700",48493003,48495080,"AT4G03210","XTH9","xyloglucan endotransglucosylase/hydrolase 9","LOC_Os04g53950","glycosyl hydrolases family 16 protein, protein, expressed"
"Chr07K","7K@41.91",46620604,49229533,"Al27","Pavir.7KG416470",46621187,46627991,"AT4G10310","ATHKT1,HKT1","high-affinity K+ transporter 1","LOC_Os04g51830","OsHKT1;4 - Na+ transporter, expressed"
"Chr07K","7K@41.91",46620604,49229533,"Al27","Pavir.7KG434600",48895307,48898653,"","","","LOC_Os08g09890","expressed protein"
