"SITE","LINE","traits","Sr88","SITE2"
"CLMB","1","Sr88","12.49072424","CLMB"
"CLMB","2","Sr88","6.005526875","CLMB"
"CLMB","3","Sr88","6.003090953","CLMB"
"CLMB","4","Sr88","11.60936978","CLMB"
"CLMB","5","Sr88","8.964360342","CLMB"
"CLMB","7","Sr88","8.567641499","CLMB"
"CLMB","8","Sr88","*","CLMB"
"CLMB","9","Sr88","9.528326707","CLMB"
"CLMB","10","Sr88","*","CLMB"
"CLMB","11","Sr88","6.562144827","CLMB"
"CLMB","12","Sr88","10.87273007","CLMB"
"CLMB","13","Sr88","7.811215178","CLMB"
"CLMB","14","Sr88","*","CLMB"
"CLMB","15","Sr88","5.73874298","CLMB"
"CLMB","16","Sr88","*","CLMB"
"CLMB","17","Sr88","5.476847136","CLMB"
"CLMB","18","Sr88","*","CLMB"
"CLMB","19","Sr88","10.70078154","CLMB"
"CLMB","20","Sr88","10.50673402","CLMB"
"CLMB","21","Sr88","5.54686926","CLMB"
"CLMB","22","Sr88","*","CLMB"
"CLMB","23","Sr88","10.87348496","CLMB"
"CLMB","24","Sr88","5.905706401","CLMB"
"CLMB","25","Sr88","8.684758276","CLMB"
"CLMB","26","Sr88","10.14860749","CLMB"
"CLMB","27","Sr88","9.635155908","CLMB"
"CLMB","28","Sr88","6.432338074","CLMB"
"CLMB","29","Sr88","*","CLMB"
"CLMB","30","Sr88","9.137141956","CLMB"
"CLMB","31","Sr88","*","CLMB"
"CLMB","32","Sr88","9.828984886","CLMB"
"CLMB","33","Sr88","6.834253874","CLMB"
"CLMB","34","Sr88","*","CLMB"
"CLMB","35","Sr88","7.551875144","CLMB"
"CLMB","36","Sr88","8.486751715","CLMB"
"CLMB","37","Sr88","7.362097632","CLMB"
"CLMB","38","Sr88","11.25609922","CLMB"
"CLMB","39","Sr88","7.949593313","CLMB"
"CLMB","40","Sr88","9.402108127","CLMB"
"CLMB","41","Sr88","7.497163843","CLMB"
"CLMB","42","Sr88","*","CLMB"
"CLMB","43","Sr88","9.512646274","CLMB"
"CLMB","44","Sr88","7.615223883","CLMB"
"CLMB","46","Sr88","7.346710516","CLMB"
"CLMB","48","Sr88","7.316179914","CLMB"
"CLMB","49","Sr88","7.910114623","CLMB"
"CLMB","50","Sr88","8.397517366","CLMB"
"CLMB","52","Sr88","9.572115025","CLMB"
"CLMB","53","Sr88","7.063796486","CLMB"
"CLMB","54","Sr88","7.172405911","CLMB"
"CLMB","55","Sr88","8.745456829","CLMB"
"CLMB","56","Sr88","*","CLMB"
"CLMB","57","Sr88","10.18093226","CLMB"
"CLMB","58","Sr88","*","CLMB"
"CLMB","59","Sr88","7.200881183","CLMB"
"CLMB","60","Sr88","7.849328631","CLMB"
"CLMB","61","Sr88","9.496499515","CLMB"
"CLMB","62","Sr88","13.20045616","CLMB"
"CLMB","63","Sr88","6.686679176","CLMB"
"CLMB","64","Sr88","*","CLMB"
"CLMB","65","Sr88","10.12541633","CLMB"
"CLMB","66","Sr88","6.701967953","CLMB"
"CLMB","67","Sr88","4.18918452","CLMB"
"CLMB","68","Sr88","6.740774176","CLMB"
"CLMB","69","Sr88","7.444101111","CLMB"
"CLMB","70","Sr88","*","CLMB"
"CLMB","71","Sr88","12.97559892","CLMB"
"CLMB","72","Sr88","8.705692539","CLMB"
"CLMB","73","Sr88","10.02531303","CLMB"
"CLMB","74","Sr88","6.78489892","CLMB"
"CLMB","75","Sr88","12.27507861","CLMB"
"CLMB","76","Sr88","9.132725478","CLMB"
"CLMB","77","Sr88","*","CLMB"
"CLMB","78","Sr88","8.456197293","CLMB"
"CLMB","79","Sr88","10.0036992","CLMB"
"CLMB","80","Sr88","4.901472396","CLMB"
"CLMB","81","Sr88","*","CLMB"
"CLMB","83","Sr88","8.131966029","CLMB"
"CLMB","84","Sr88","*","CLMB"
"CLMB","85","Sr88","7.219033039","CLMB"
"CLMB","86","Sr88","12.19808765","CLMB"
"CLMB","87","Sr88","4.796333177","CLMB"
"CLMB","88","Sr88","5.218518547","CLMB"
"CLMB","89","Sr88","12.18574274","CLMB"
"CLMB","90","Sr88","12.5350658","CLMB"
"CLMB","91","Sr88","7.680456308","CLMB"
"CLMB","93","Sr88","6.900643071","CLMB"
"CLMB","94","Sr88","7.660218023","CLMB"
"CLMB","95","Sr88","*","CLMB"
"CLMB","96","Sr88","*","CLMB"
"CLMB","97","Sr88","7.655507645","CLMB"
"CLMB","99","Sr88","10.92953669","CLMB"
"CLMB","100","Sr88","5.503489157","CLMB"
"CLMB","101","Sr88","*","CLMB"
"CLMB","102","Sr88","7.277174597","CLMB"
"CLMB","103","Sr88","9.896561553","CLMB"
"CLMB","104","Sr88","8.351079946","CLMB"
"CLMB","105","Sr88","8.32967959","CLMB"
"CLMB","106","Sr88","8.463526262","CLMB"
"CLMB","107","Sr88","13.48586305","CLMB"
"CLMB","110","Sr88","10.55322258","CLMB"
"CLMB","111","Sr88","10.13844444","CLMB"
"CLMB","112","Sr88","7.322921541","CLMB"
"CLMB","113","Sr88","*","CLMB"
"CLMB","114","Sr88","8.488645541","CLMB"
"CLMB","115","Sr88","*","CLMB"
"CLMB","116","Sr88","8.682478938","CLMB"
"CLMB","117","Sr88","10.30660534","CLMB"
"CLMB","118","Sr88","10.05082104","CLMB"
"CLMB","119","Sr88","8.114305136","CLMB"
"CLMB","120","Sr88","8.14006885","CLMB"
"CLMB","122","Sr88","5.992998058","CLMB"
"CLMB","123","Sr88","9.143446887","CLMB"
"CLMB","125","Sr88","6.102494827","CLMB"
"CLMB","126","Sr88","*","CLMB"
"CLMB","127","Sr88","*","CLMB"
"CLMB","128","Sr88","11.50771213","CLMB"
"CLMB","130","Sr88","8.782264295","CLMB"
"CLMB","131","Sr88","10.36558626","CLMB"
"CLMB","132","Sr88","11.27011566","CLMB"
"CLMB","134","Sr88","6.217684286","CLMB"
"CLMB","135","Sr88","9.351751803","CLMB"
"CLMB","136","Sr88","*","CLMB"
"CLMB","137","Sr88","8.594091317","CLMB"
"CLMB","138","Sr88","*","CLMB"
"CLMB","139","Sr88","*","CLMB"
"CLMB","141","Sr88","6.494748296","CLMB"
"CLMB","142","Sr88","7.640230124","CLMB"
"CLMB","143","Sr88","7.244724788","CLMB"
"CLMB","144","Sr88","*","CLMB"
"CLMB","145","Sr88","11.19199874","CLMB"
"CLMB","146","Sr88","*","CLMB"
"CLMB","147","Sr88","7.750197119","CLMB"
"CLMB","148","Sr88","*","CLMB"
"CLMB","150","Sr88","9.171104375","CLMB"
"CLMB","151","Sr88","9.879579838","CLMB"
"CLMB","152","Sr88","*","CLMB"
"CLMB","153","Sr88","7.601169915","CLMB"
"CLMB","154","Sr88","10.17295841","CLMB"
"CLMB","155","Sr88","8.494975406","CLMB"
"CLMB","156","Sr88","9.699959073","CLMB"
"CLMB","157","Sr88","8.418968121","CLMB"
"CLMB","158","Sr88","7.874759825","CLMB"
"CLMB","159","Sr88","11.58014901","CLMB"
"CLMB","161","Sr88","7.512149698","CLMB"
"CLMB","163","Sr88","11.17629419","CLMB"
"CLMB","164","Sr88","9.865417686","CLMB"
"CLMB","166","Sr88","12.81386974","CLMB"
"CLMB","167","Sr88","12.91097928","CLMB"
"CLMB","168","Sr88","6.464587191","CLMB"
"CLMB","169","Sr88","*","CLMB"
"CLMB","170","Sr88","11.18932145","CLMB"
"CLMB","171","Sr88","8.348727684","CLMB"
"CLMB","172","Sr88","5.128914557","CLMB"
"CLMB","173","Sr88","7.561340596","CLMB"
"CLMB","174","Sr88","10.08029512","CLMB"
"CLMB","175","Sr88","8.525352455","CLMB"
"CLMB","176","Sr88","14.80620925","CLMB"
"CLMB","177","Sr88","7.759104171","CLMB"
"CLMB","178","Sr88","6.846156997","CLMB"
"CLMB","179","Sr88","9.363022124","CLMB"
"CLMB","180","Sr88","9.727446858","CLMB"
"CLMB","181","Sr88","7.309314498","CLMB"
"CLMB","182","Sr88","10.82711722","CLMB"
"CLMB","184","Sr88","8.636086093","CLMB"
"CLMB","185","Sr88","14.97504229","CLMB"
"CLMB","186","Sr88","11.65333671","CLMB"
"CLMB","187","Sr88","8.637299626","CLMB"
"CLMB","188","Sr88","9.532411044","CLMB"
"CLMB","189","Sr88","*","CLMB"
"CLMB","190","Sr88","*","CLMB"
"CLMB","191","Sr88","8.94436702","CLMB"
"CLMB","192","Sr88","8.740916444","CLMB"
"CLMB","193","Sr88","11.10454045","CLMB"
"CLMB","194","Sr88","6.094900458","CLMB"
"CLMB","195","Sr88","6.75894386","CLMB"
"CLMB","196","Sr88","7.346922866","CLMB"
"CLMB","197","Sr88","9.233830322","CLMB"
"CLMB","198","Sr88","8.765272596","CLMB"
"CLMB","199","Sr88","8.678202187","CLMB"
"CLMB","200","Sr88","16.22835095","CLMB"
"CLMB","201","Sr88","*","CLMB"
"CLMB","203","Sr88","10.04166559","CLMB"
"CLMB","204","Sr88","5.984257561","CLMB"
"CLMB","205","Sr88","*","CLMB"
"CLMB","207","Sr88","10.3726873","CLMB"
"CLMB","208","Sr88","*","CLMB"
"CLMB","209","Sr88","10.59776602","CLMB"
"CLMB","210","Sr88","7.16761857","CLMB"
"CLMB","211","Sr88","7.512855419","CLMB"
"CLMB","212","Sr88","9.723547","CLMB"
"CLMB","213","Sr88","7.60402579","CLMB"
"CLMB","214","Sr88","*","CLMB"
"CLMB","215","Sr88","8.468571077","CLMB"
"CLMB","216","Sr88","10.07511468","CLMB"
"CLMB","217","Sr88","*","CLMB"
"CLMB","218","Sr88","9.996742403","CLMB"
"CLMB","219","Sr88","6.171429092","CLMB"
"CLMB","220","Sr88","*","CLMB"
"CLMB","221","Sr88","9.805775754","CLMB"
"CLMB","222","Sr88","6.057288663","CLMB"
"CLMB","223","Sr88","7.595048674","CLMB"
"CLMB","224","Sr88","7.422582006","CLMB"
"CLMB","225","Sr88","10.16012758","CLMB"
"CLMB","226","Sr88","8.576012337","CLMB"
"CLMB","227","Sr88","11.04272144","CLMB"
"CLMB","228","Sr88","11.85070744","CLMB"
"CLMB","229","Sr88","7.895875993","CLMB"
"CLMB","230","Sr88","*","CLMB"
"CLMB","231","Sr88","8.822028223","CLMB"
"CLMB","232","Sr88","6.734773716","CLMB"
"CLMB","233","Sr88","7.368071614","CLMB"
"CLMB","234","Sr88","7.990413168","CLMB"
"CLMB","235","Sr88","7.909690536","CLMB"
"CLMB","236","Sr88","6.701243801","CLMB"
"CLMB","237","Sr88","8.172237911","CLMB"
"CLMB","238","Sr88","7.901750171","CLMB"
"CLMB","239","Sr88","9.829827827","CLMB"
"CLMB","240","Sr88","9.426124397","CLMB"
"CLMB","241","Sr88","8.246734869","CLMB"
"CLMB","242","Sr88","8.956785341","CLMB"
"CLMB","243","Sr88","8.890400807","CLMB"
"CLMB","244","Sr88","5.855414463","CLMB"
"CLMB","245","Sr88","7.380063855","CLMB"
"CLMB","246","Sr88","7.641298577","CLMB"
"CLMB","247","Sr88","12.73994942","CLMB"
"CLMB","248","Sr88","9.409418333","CLMB"
"CLMB","249","Sr88","12.01002164","CLMB"
"CLMB","250","Sr88","7.974000964","CLMB"
"CLMB","251","Sr88","6.217706041","CLMB"
"CLMB","252","Sr88","7.806660346","CLMB"
"CLMB","253","Sr88","7.077920889","CLMB"
"CLMB","254","Sr88","12.22384365","CLMB"
"CLMB","255","Sr88","11.19342713","CLMB"
"CLMB","256","Sr88","7.84451024","CLMB"
"CLMB","257","Sr88","12.47540721","CLMB"
"CLMB","258","Sr88","8.006959604","CLMB"
"CLMB","259","Sr88","*","CLMB"
"CLMB","260","Sr88","7.3931489","CLMB"
"CLMB","261","Sr88","9.164155297","CLMB"
"CLMB","262","Sr88","9.854871023","CLMB"
"CLMB","263","Sr88","6.593847228","CLMB"
"CLMB","264","Sr88","8.49451115","CLMB"
"CLMB","265","Sr88","9.684018868","CLMB"
"CLMB","267","Sr88","6.114978416","CLMB"
"CLMB","268","Sr88","*","CLMB"
"CLMB","269","Sr88","10.8655235","CLMB"
"CLMB","270","Sr88","11.95467955","CLMB"
"CLMB","271","Sr88","8.51134593","CLMB"
"CLMB","272","Sr88","8.620377002","CLMB"
"CLMB","273","Sr88","*","CLMB"
"CLMB","274","Sr88","6.583139763","CLMB"
"CLMB","275","Sr88","7.490332412","CLMB"
"CLMB","276","Sr88","*","CLMB"
"CLMB","277","Sr88","5.98668108","CLMB"
"CLMB","278","Sr88","5.30886766","CLMB"
"CLMB","279","Sr88","9.130903523","CLMB"
"CLMB","281","Sr88","*","CLMB"
"CLMB","282","Sr88","7.480446591","CLMB"
"CLMB","283","Sr88","*","CLMB"
"CLMB","284","Sr88","6.212024492","CLMB"
"CLMB","285","Sr88","10.49230957","CLMB"
"CLMB","286","Sr88","8.841514764","CLMB"
"CLMB","287","Sr88","6.909602164","CLMB"
"CLMB","288","Sr88","9.12085027","CLMB"
"CLMB","289","Sr88","6.532352186","CLMB"
"CLMB","290","Sr88","8.63444144","CLMB"
"CLMB","292","Sr88","7.389929908","CLMB"
"CLMB","293","Sr88","7.725374474","CLMB"
"CLMB","294","Sr88","5.355789053","CLMB"
"CLMB","296","Sr88","10.64755095","CLMB"
"CLMB","297","Sr88","8.959270004","CLMB"
"CLMB","298","Sr88","10.70265631","CLMB"
"CLMB","299","Sr88","8.842888663","CLMB"
"CLMB","300","Sr88","*","CLMB"
"CLMB","301","Sr88","6.865698515","CLMB"
"CLMB","302","Sr88","7.707480406","CLMB"
"CLMB","303","Sr88","5.619385423","CLMB"
"CLMB","304","Sr88","8.487390558","CLMB"
"CLMB","305","Sr88","8.701091974","CLMB"
"CLMB","306","Sr88","*","CLMB"
"CLMB","307","Sr88","7.897765131","CLMB"
"CLMB","308","Sr88","8.86494672","CLMB"
"CLMB","310","Sr88","8.92800245","CLMB"
"CLMB","311","Sr88","5.863052724","CLMB"
"CLMB","312","Sr88","10.54294865","CLMB"
"CLMB","313","Sr88","6.951761615","CLMB"
"CLMB","314","Sr88","10.89389205","CLMB"
"CLMB","315","Sr88","9.971211242","CLMB"
"CLMB","317","Sr88","12.30907555","CLMB"
"CLMB","318","Sr88","9.152990272","CLMB"
"CLMB","319","Sr88","9.045357586","CLMB"
"CLMB","320","Sr88","8.269188981","CLMB"
"CLMB","322","Sr88","7.468729363","CLMB"
"CLMB","323","Sr88","9.001748016","CLMB"
"CLMB","324","Sr88","8.108390529","CLMB"
"CLMB","325","Sr88","6.610983523","CLMB"
"CLMB","326","Sr88","7.549087711","CLMB"
"CLMB","328","Sr88","8.919748103","CLMB"
"CLMB","330","Sr88","8.106430563","CLMB"
"CLMB","332","Sr88","6.649800333","CLMB"
"CLMB","333","Sr88","8.14312801","CLMB"
"CLMB","334","Sr88","9.418279325","CLMB"
"CLMB","335","Sr88","*","CLMB"
"CLMB","336","Sr88","12.49434186","CLMB"
"CLMB","337","Sr88","9.89803157","CLMB"
"CLMB","338","Sr88","7.285087331","CLMB"
"CLMB","339","Sr88","8.71017331","CLMB"
"CLMB","340","Sr88","*","CLMB"
"CLMB","341","Sr88","13.31092859","CLMB"
"CLMB","342","Sr88","9.530529243","CLMB"
"CLMB","343","Sr88","7.070166293","CLMB"
"CLMB","345","Sr88","10.22260711","CLMB"
"CLMB","346","Sr88","*","CLMB"
"CLMB","347","Sr88","7.990329428","CLMB"
"CLMB","349","Sr88","*","CLMB"
"CLMB","350","Sr88","5.351404901","CLMB"
"CLMB","352","Sr88","7.29217416","CLMB"
"CLMB","353","Sr88","7.404355603","CLMB"
"CLMB","354","Sr88","8.427166877","CLMB"
"CLMB","355","Sr88","12.2571311","CLMB"
"CLMB","356","Sr88","8.106140051","CLMB"
"CLMB","358","Sr88","11.46505754","CLMB"
"CLMB","359","Sr88","8.715981574","CLMB"
"CLMB","360","Sr88","7.162401312","CLMB"
"CLMB","361","Sr88","7.975171836","CLMB"
"CLMB","363","Sr88","*","CLMB"
"CLMB","364","Sr88","9.795627836","CLMB"
"CLMB","365","Sr88","9.301657547","CLMB"
"CLMB","366","Sr88","6.723789371","CLMB"
"CLMB","367","Sr88","10.30682402","CLMB"
"CLMB","368","Sr88","9.741578454","CLMB"
"CLMB","369","Sr88","*","CLMB"
"CLMB","370","Sr88","6.689846856","CLMB"
"CLMB","371","Sr88","10.10182991","CLMB"
"CLMB","372","Sr88","*","CLMB"
"CLMB","373","Sr88","6.503951992","CLMB"
"CLMB","374","Sr88","5.793871662","CLMB"
"CLMB","375","Sr88","7.345451836","CLMB"
"CLMB","377","Sr88","10.64165955","CLMB"
"CLMB","378","Sr88","6.023290793","CLMB"
"CLMB","379","Sr88","6.509995618","CLMB"
"CLMB","380","Sr88","7.885974499","CLMB"
"CLMB","381","Sr88","6.762409044","CLMB"
"CLMB","382","Sr88","6.727375132","CLMB"
"CLMB","383","Sr88","9.129866949","CLMB"
"CLMB","384","Sr88","*","CLMB"
"CLMB","386","Sr88","11.32713244","CLMB"
"CLMB","388","Sr88","6.540151691","CLMB"
"CLMB","389","Sr88","9.043200386","CLMB"
"CLMB","390","Sr88","14.26550618","CLMB"
"CLMB","391","Sr88","*","CLMB"
"CLMB","392","Sr88","8.931626477","CLMB"
"CLMB","393","Sr88","6.192800014","CLMB"
"CLMB","394","Sr88","*","CLMB"
"CLMB","395","Sr88","6.673158172","CLMB"
"CLMB","396","Sr88","7.88227195","CLMB"
"CLMB","397","Sr88","6.776240602","CLMB"
"CLMB","398","Sr88","9.691196137","CLMB"
"CLMB","399","Sr88","10.33871978","CLMB"
"CLMB","400","Sr88","6.432328336","CLMB"
"CLMB","402","Sr88","7.991970761","CLMB"
"CLMB","403","Sr88","8.995877769","CLMB"
"CLMB","404","Sr88","6.375129095","CLMB"
"CLMB","405","Sr88","6.851371209","CLMB"
"CLMB","406","Sr88","5.305102687","CLMB"
"CLMB","407","Sr88","9.623233827","CLMB"
"CLMB","408","Sr88","8.443310861","CLMB"
"CLMB","409","Sr88","11.8250999","CLMB"
"CLMB","410","Sr88","7.381475739","CLMB"
"CLMB","411","Sr88","9.485877992","CLMB"
"CLMB","412","Sr88","4.498504503","CLMB"
"CLMB","413","Sr88","6.670845719","CLMB"
"CLMB","414","Sr88","6.492574826","CLMB"
"CLMB","415","Sr88","6.50244933","CLMB"
"CLMB","416","Sr88","*","CLMB"
"CLMB","417","Sr88","11.20964679","CLMB"
"CLMB","418","Sr88","9.363130262","CLMB"
"CLMB","419","Sr88","6.188453159","CLMB"
"CLMB","420","Sr88","7.241559363","CLMB"
"CLMB","421","Sr88","10.67625733","CLMB"
"CLMB","422","Sr88","5.916939255","CLMB"
"CLMB","423","Sr88","7.678217868","CLMB"
"CLMB","424","Sr88","10.24515465","CLMB"
"CLMB","425","Sr88","11.91296854","CLMB"
"CLMB","426","Sr88","9.094818567","CLMB"
"CLMB","427","Sr88","*","CLMB"
"CLMB","428","Sr88","8.122788251","CLMB"
"CLMB","429","Sr88","10.63348213","CLMB"
"CLMB","431","Sr88","7.713999695","CLMB"
"CLMB","432","Sr88","10.81301139","CLMB"
"CLMB","433","Sr88","8.309727331","CLMB"
"CLMB","435","Sr88","10.47599508","CLMB"
"CLMB","436","Sr88","10.14842145","CLMB"
"CLMB","437","Sr88","8.74614967","CLMB"
"CLMB","438","Sr88","8.499280286","CLMB"
"CLMB","439","Sr88","9.577590352","CLMB"
"CLMB","440","Sr88","*","CLMB"
"CLMB","442","Sr88","11.34131132","CLMB"
"CLMB","443","Sr88","7.921597499","CLMB"
"CLMB","444","Sr88","3.602899629","CLMB"
"CLMB","445","Sr88","8.237427649","CLMB"
"CLMB","446","Sr88","13.82597634","CLMB"
"CLMB","447","Sr88","9.895004048","CLMB"
"CLMB","448","Sr88","5.439239773","CLMB"
"CLMB","449","Sr88","10.98337395","CLMB"
"CLMB","450","Sr88","8.445509806","CLMB"
"CLMB","451","Sr88","9.238816628","CLMB"
"CLMB","452","Sr88","8.14238331","CLMB"
"CLMB","453","Sr88","8.974592114","CLMB"
"CLMB","454","Sr88","10.32546427","CLMB"
"CLMB","455","Sr88","5.270829608","CLMB"
"CLMB","456","Sr88","5.717411878","CLMB"
"CLMB","458","Sr88","7.361352643","CLMB"
"CLMB","459","Sr88","11.2842809","CLMB"
"CLMB","460","Sr88","8.932460039","CLMB"
"CLMB","461","Sr88","7.674399222","CLMB"
"CLMB","462","Sr88","7.699110673","CLMB"
"CLMB","463","Sr88","7.264600732","CLMB"
"CLMB","464","Sr88","5.756269975","CLMB"
"CLMB","465","Sr88","8.051001292","CLMB"
"CLMB","466","Sr88","8.930278998","CLMB"
"CLMB","467","Sr88","*","CLMB"
"CLMB","468","Sr88","8.136987622","CLMB"
"CLMB","469","Sr88","*","CLMB"
"CLMB","470","Sr88","9.629306967","CLMB"
"CLMB","471","Sr88","9.737963427","CLMB"
"CLMB","472","Sr88","10.1351132","CLMB"
"CLMB","473","Sr88","5.942242982","CLMB"
"CLMB","474","Sr88","8.582866674","CLMB"
"CLMB","475","Sr88","9.755309781","CLMB"
"CLMB","476","Sr88","8.991173999","CLMB"
"CLMB","477","Sr88","8.629909611","CLMB"
"CLMB","479","Sr88","6.149746257","CLMB"
"CLMB","480","Sr88","13.16463656","CLMB"
"CLMB","482","Sr88","7.740464807","CLMB"
"CLMB","483","Sr88","5.808173347","CLMB"
"CLMB","484","Sr88","10.67107661","CLMB"
"CLMB","485","Sr88","6.625158634","CLMB"
"CLMB","486","Sr88","16.36024611","CLMB"
"CLMB","487","Sr88","8.60236725","CLMB"
"CLMB","488","Sr88","9.742765428","CLMB"
"CLMB","489","Sr88","6.621586782","CLMB"
"CLMB","491","Sr88","9.487497854","CLMB"
"CLMB","492","Sr88","7.74499477","CLMB"
"CLMB","493","Sr88","*","CLMB"
"CLMB","494","Sr88","5.851306228","CLMB"
"CLMB","495","Sr88","*","CLMB"
"CLMB","496","Sr88","6.662591845","CLMB"
"CLMB","497","Sr88","7.24375113","CLMB"
"CLMB","498","Sr88","10.68866319","CLMB"
"CLMB","499","Sr88","6.387621792","CLMB"
"CLMB","500","Sr88","8.095479496","CLMB"
"CLMB","501","Sr88","10.33877823","CLMB"
"CLMB","502","Sr88","5.329614418","CLMB"
"CLMB","503","Sr88","8.99985404","CLMB"
"CLMB","504","Sr88","*","CLMB"
"CLMB","505","Sr88","7.1799498","CLMB"
"CLMB","506","Sr88","7.5974804","CLMB"
"CLMB","507","Sr88","13.6974154","CLMB"
"CLMB","508","Sr88","12.01903457","CLMB"
"CLMB","511","Sr88","7.959066001","CLMB"
"CLMB","512","Sr88","6.380080394","CLMB"
"CLMB","513","Sr88","*","CLMB"
"CLMB","514","Sr88","8.437548817","CLMB"
"CLMB","515","Sr88","6.915646103","CLMB"
"CLMB","516","Sr88","6.680988032","CLMB"
"CLMB","518","Sr88","*","CLMB"
"CLMB","519","Sr88","5.660474582","CLMB"
"CLMB","520","Sr88","*","CLMB"
"CLMB","521","Sr88","10.19180983","CLMB"
"CLMB","522","Sr88","9.32311558","CLMB"
"CLMB","523","Sr88","8.190328183","CLMB"
"CLMB","524","Sr88","6.883318746","CLMB"
"CLMB","525","Sr88","11.45183647","CLMB"
"CLMB","526","Sr88","5.071028588","CLMB"
"CLMB","527","Sr88","8.962901874","CLMB"
"CLMB","529","Sr88","13.2282998","CLMB"
"CLMB","530","Sr88","6.845500972","CLMB"
"CLMB","531","Sr88","10.20482433","CLMB"
"CLMB","532","Sr88","12.74876844","CLMB"
"CLMB","533","Sr88","7.994888279","CLMB"
"CLMB","534","Sr88","11.13776589","CLMB"
"CLMB","535","Sr88","5.096497687","CLMB"
"CLMB","536","Sr88","6.913481458","CLMB"
"CLMB","537","Sr88","7.404460294","CLMB"
"CLMB","539","Sr88","6.965028572","CLMB"
"CLMB","540","Sr88","9.431289741","CLMB"
"CLMB","541","Sr88","11.79473486","CLMB"
"CLMB","542","Sr88","8.533187797","CLMB"
"CLMB","544","Sr88","7.694503592","CLMB"
"CLMB","545","Sr88","9.347192122","CLMB"
"CLMB","546","Sr88","5.694768847","CLMB"
"CLMB","547","Sr88","7.32009167","CLMB"
"CLMB","548","Sr88","8.787103025","CLMB"
"CLMB","549","Sr88","7.549692107","CLMB"
"CLMB","551","Sr88","*","CLMB"
"CLMB","552","Sr88","3.996228438","CLMB"
"CLMB","553","Sr88","7.188908604","CLMB"
"CLMB","555","Sr88","10.66848747","CLMB"
"CLMB","556","Sr88","*","CLMB"
"CLMB","557","Sr88","*","CLMB"
"CLMB","558","Sr88","9.104643952","CLMB"
"CLMB","559","Sr88","8.329606127","CLMB"
"CLMB","560","Sr88","*","CLMB"
"CLMB","562","Sr88","5.064129118","CLMB"
"CLMB","563","Sr88","*","CLMB"
"CLMB","564","Sr88","6.510164031","CLMB"
"CLMB","565","Sr88","8.861119059","CLMB"
"CLMB","566","Sr88","13.77757104","CLMB"
"CLMB","567","Sr88","7.761712328","CLMB"
"CLMB","569","Sr88","10.21581965","CLMB"
"CLMB","570","Sr88","13.23257062","CLMB"
"CLMB","571","Sr88","6.59297778","CLMB"
"CLMB","572","Sr88","5.905775276","CLMB"
"CLMB","573","Sr88","7.186839393","CLMB"
"CLMB","574","Sr88","7.689011975","CLMB"
"CLMB","576","Sr88","7.084932199","CLMB"
"CLMB","577","Sr88","*","CLMB"
"CLMB","578","Sr88","6.852626827","CLMB"
"CLMB","579","Sr88","9.504635024","CLMB"
"CLMB","580","Sr88","*","CLMB"
"CLMB","581","Sr88","8.402772911","CLMB"
"CLMB","583","Sr88","10.00010432","CLMB"
"CLMB","584","Sr88","6.347287129","CLMB"
"CLMB","585","Sr88","7.779103112","CLMB"
"CLMB","586","Sr88","13.06291521","CLMB"
"CLMB","588","Sr88","10.35624193","CLMB"
"CLMB","589","Sr88","8.918650793","CLMB"
"CLMB","592","Sr88","8.431248992","CLMB"
"CLMB","593","Sr88","7.102972902","CLMB"
"CLMB","594","Sr88","8.846472063","CLMB"
"CLMB","595","Sr88","7.528988531","CLMB"
"CLMB","596","Sr88","8.724708296","CLMB"
"CLMB","597","Sr88","*","CLMB"
"CLMB","598","Sr88","*","CLMB"
"CLMB","599","Sr88","8.586979362","CLMB"
"CLMB","600","Sr88","9.101654158","CLMB"
"CLMB","601","Sr88","*","CLMB"
"CLMB","602","Sr88","10.3235526","CLMB"
"CLMB","603","Sr88","*","CLMB"
"CLMB","604","Sr88","7.89802845","CLMB"
"CLMB","605","Sr88","8.418383224","CLMB"
"CLMB","606","Sr88","8.717003718","CLMB"
"CLMB","608","Sr88","11.45659738","CLMB"
"CLMB","609","Sr88","10.53507879","CLMB"
"CLMB","610","Sr88","16.6233642","CLMB"
"CLMB","611","Sr88","7.313398122","CLMB"
"CLMB","612","Sr88","7.343921491","CLMB"
"CLMB","613","Sr88","8.219236823","CLMB"
"CLMB","614","Sr88","5.74347266","CLMB"
"CLMB","618","Sr88","8.908070516","CLMB"
"CLMB","619","Sr88","9.313439048","CLMB"
"CLMB","620","Sr88","16.82961562","CLMB"
"CLMB","621","Sr88","9.775213065","CLMB"
"CLMB","622","Sr88","5.538205587","CLMB"
"CLMB","623","Sr88","9.277465768","CLMB"
"CLMB","624","Sr88","7.442895026","CLMB"
"CLMB","625","Sr88","8.602565743","CLMB"
"CLMB","627","Sr88","11.41272291","CLMB"
"CLMB","628","Sr88","*","CLMB"
"CLMB","629","Sr88","6.56127202","CLMB"
"CLMB","630","Sr88","*","CLMB"
"CLMB","632","Sr88","7.437820729","CLMB"
"CLMB","633","Sr88","5.326394685","CLMB"
"CLMB","634","Sr88","10.79477982","CLMB"
"CLMB","635","Sr88","10.52044905","CLMB"
"CLMB","636","Sr88","8.00894387","CLMB"
"CLMB","637","Sr88","6.833209979","CLMB"
"CLMB","638","Sr88","9.470209905","CLMB"
"CLMB","639","Sr88","7.424607876","CLMB"
"CLMB","640","Sr88","8.539923018","CLMB"
"CLMB","641","Sr88","6.860466936","CLMB"
"CLMB","642","Sr88","11.21876388","CLMB"
"CLMB","643","Sr88","8.394981254","CLMB"
"CLMB","644","Sr88","*","CLMB"
"CLMB","645","Sr88","6.205288591","CLMB"
"CLMB","647","Sr88","7.953170983","CLMB"
"CLMB","648","Sr88","*","CLMB"
"CLMB","649","Sr88","9.295633592","CLMB"
"CLMB","652","Sr88","6.938274485","CLMB"
"CLMB","654","Sr88","7.564815319","CLMB"
"CLMB","655","Sr88","5.792627567","CLMB"
"CLMB","656","Sr88","7.523821256","CLMB"
"CLMB","657","Sr88","9.21263778","CLMB"
"CLMB","658","Sr88","6.983788332","CLMB"
"CLMB","660","Sr88","8.407913297","CLMB"
"CLMB","661","Sr88","7.638074865","CLMB"
"CLMB","663","Sr88","8.788844081","CLMB"
"CLMB","664","Sr88","7.529461148","CLMB"
"CLMB","666","Sr88","9.736222115","CLMB"
"CLMB","667","Sr88","8.875599656","CLMB"
"CLMB","668","Sr88","6.02767237","CLMB"
"CLMB","669","Sr88","8.335302612","CLMB"
"CLMB","670","Sr88","*","CLMB"
"CLMB","671","Sr88","11.54835181","CLMB"
"CLMB","672","Sr88","9.565498167","CLMB"
"CLMB","673","Sr88","6.055503962","CLMB"
"CLMB","674","Sr88","8.795869071","CLMB"
"CLMB","675","Sr88","8.617294507","CLMB"
"CLMB","677","Sr88","7.019201625","CLMB"
"CLMB","679","Sr88","*","CLMB"
"CLMB","680","Sr88","9.196944133","CLMB"
"CLMB","681","Sr88","7.437029105","CLMB"
"CLMB","682","Sr88","6.175556865","CLMB"
"CLMB","683","Sr88","14.15062049","CLMB"
"CLMB","684","Sr88","9.70780421","CLMB"
"CLMB","685","Sr88","7.406148369","CLMB"
"CLMB","686","Sr88","9.563162816","CLMB"
"CLMB","689","Sr88","6.548376891","CLMB"
"CLMB","690","Sr88","7.869439229","CLMB"
"CLMB","691","Sr88","11.06614158","CLMB"
"CLMB","692","Sr88","8.820352156","CLMB"
"CLMB","693","Sr88","15.58564667","CLMB"
"CLMB","694","Sr88","7.182423164","CLMB"
"CLMB","695","Sr88","6.768930767","CLMB"
"CLMB","696","Sr88","8.746419046","CLMB"
"CLMB","697","Sr88","7.494767604","CLMB"
"CLMB","698","Sr88","8.578150016","CLMB"
"CLMB","699","Sr88","14.10879168","CLMB"
"CLMB","700","Sr88","6.203889045","CLMB"
"CLMB","702","Sr88","5.010297823","CLMB"
"CLMB","703","Sr88","12.30942449","CLMB"
"CLMB","704","Sr88","11.09874588","CLMB"
"CLMB","705","Sr88","7.421770915","CLMB"
"CLMB","706","Sr88","5.972113403","CLMB"
"CLMB","707","Sr88","7.802940423","CLMB"
"CLMB","708","Sr88","*","CLMB"
"CLMB","710","Sr88","9.514990802","CLMB"
"CLMB","711","Sr88","7.886622728","CLMB"
"CLMB","712","Sr88","10.36325565","CLMB"
"CLMB","713","Sr88","8.088666702","CLMB"
"CLMB","714","Sr88","7.542650422","CLMB"
"CLMB","715","Sr88","8.19156752","CLMB"
"CLMB","716","Sr88","5.692870124","CLMB"
"CLMB","718","Sr88","7.629986396","CLMB"
"CLMB","719","Sr88","9.330918328","CLMB"
"CLMB","720","Sr88","9.94520346","CLMB"
"CLMB","721","Sr88","*","CLMB"
"CLMB","722","Sr88","7.558666379","CLMB"
"CLMB","723","Sr88","*","CLMB"
"CLMB","724","Sr88","6.941528755","CLMB"
"CLMB","725","Sr88","5.639056641","CLMB"
"CLMB","726","Sr88","8.259525555","CLMB"
"CLMB","729","Sr88","6.200597486","CLMB"
"CLMB","730","Sr88","6.954035358","CLMB"
"CLMB","731","Sr88","7.98208105","CLMB"
"CLMB","732","Sr88","*","CLMB"
"CLMB","733","Sr88","10.63435561","CLMB"
"CLMB","734","Sr88","10.6240368","CLMB"
"CLMB","735","Sr88","8.356734115","CLMB"
"CLMB","736","Sr88","11.03396941","CLMB"
"CLMB","737","Sr88","9.582396614","CLMB"
"CLMB","738","Sr88","11.49405149","CLMB"
"CLMB","739","Sr88","10.11577453","CLMB"
"CLMB","740","Sr88","6.24097513","CLMB"
"CLMB","742","Sr88","10.62111348","CLMB"
"CLMB","743","Sr88","8.162363539","CLMB"
"CLMB","744","Sr88","7.867224594","CLMB"
"CLMB","745","Sr88","13.39917612","CLMB"
"CLMB","746","Sr88","8.841797165","CLMB"
"CLMB","748","Sr88","7.982279386","CLMB"
"CLMB","749","Sr88","10.0419145","CLMB"
"CLMB","750","Sr88","10.33091362","CLMB"
"CLMB","751","Sr88","9.492465978","CLMB"
"CLMB","752","Sr88","11.19597096","CLMB"
"CLMB","753","Sr88","7.905353114","CLMB"
"CLMB","755","Sr88","12.18750068","CLMB"
"CLMB","756","Sr88","7.583502633","CLMB"
"CLMB","757","Sr88","10.09476428","CLMB"
"CLMB","758","Sr88","7.22283889","CLMB"
"CLMB","759","Sr88","5.391949658","CLMB"
"CLMB","760","Sr88","8.631244047","CLMB"
"CLMB","761","Sr88","10.23654087","CLMB"
"CLMB","762","Sr88","6.15303042","CLMB"
"CLMB","763","Sr88","8.027624331","CLMB"
"CLMB","764","Sr88","6.699676115","CLMB"
"CLMB","765","Sr88","9.683303249","CLMB"
"CLMB","766","Sr88","12.746459","CLMB"
"CLMB","767","Sr88","12.19926001","CLMB"
"CLMB","768","Sr88","8.452931784","CLMB"
"CLMB","769","Sr88","*","CLMB"
"CLMB","770","Sr88","9.494841696","CLMB"
"CLMB","771","Sr88","5.979752589","CLMB"
"CLMB","772","Sr88","6.652149324","CLMB"
"CLMB","773","Sr88","6.894443219","CLMB"
"CLMB","774","Sr88","7.045518072","CLMB"
"CLMB","775","Sr88","10.06945729","CLMB"
"CLMB","776","Sr88","8.72059077","CLMB"
"CLMB","777","Sr88","10.09307807","CLMB"
"CLMB","778","Sr88","6.410014218","CLMB"
"CLMB","779","Sr88","6.881740249","CLMB"
"CLMB","780","Sr88","6.569813723","CLMB"
"CLMB","781","Sr88","6.032910855","CLMB"
"CLMB","782","Sr88","7.280706927","CLMB"
"CLMB","783","Sr88","9.167905344","CLMB"
"CLMB","784","Sr88","8.064038043","CLMB"
"CLMB","785","Sr88","6.066716398","CLMB"
"CLMB","786","Sr88","10.21711851","CLMB"
"CLMB","787","Sr88","5.651435813","CLMB"
"CLMB","788","Sr88","9.357515987","CLMB"
"CLMB","789","Sr88","6.255378492","CLMB"
"CLMB","790","Sr88","6.432950717","CLMB"
"CLMB","792","Sr88","8.373393037","CLMB"
"CLMB","794","Sr88","10.57549402","CLMB"
"CLMB","795","Sr88","5.927673671","CLMB"
"CLMB","796","Sr88","6.391672148","CLMB"
"CLMB","797","Sr88","5.922415815","CLMB"
"CLMB","799","Sr88","9.796631842","CLMB"
"CLMB","800","Sr88","9.43723454","CLMB"
"CLMB","801","Sr88","10.11876121","CLMB"
"CLMB","802","Sr88","8.775340265","CLMB"
"CLMB","803","Sr88","8.48163265","CLMB"
"CLMB","804","Sr88","7.259499428","CLMB"
"CLMB","805","Sr88","9.990232663","CLMB"
"CLMB","806","Sr88","7.92397486","CLMB"
"CLMB","808","Sr88","9.364273079","CLMB"
"CLMB","809","Sr88","5.475427382","CLMB"
"CLMB","810","Sr88","11.28918957","CLMB"
"CLMB","811","Sr88","8.885130972","CLMB"
"CLMB","812","Sr88","15.2711805","CLMB"
"CLMB","813","Sr88","*","CLMB"
"CLMB","814","Sr88","9.662601049","CLMB"
"CLMB","815","Sr88","8.100636097","CLMB"
"CLMB","816","Sr88","6.203400727","CLMB"
"CLMB","817","Sr88","7.280806681","CLMB"
"CLMB","818","Sr88","11.14501356","CLMB"
"CLMB","819","Sr88","9.141294269","CLMB"
"CLMB","820","Sr88","8.102658603","CLMB"
"CLMB","821","Sr88","5.476520192","CLMB"
"CLMB","822","Sr88","8.266007303","CLMB"
"CLMB","823","Sr88","10.48696852","CLMB"
"CLMB","824","Sr88","7.558373364","CLMB"
"CLMB","825","Sr88","9.646027344","CLMB"
"KBSM","1","Sr88","6.007812833","KBSM"
"KBSM","2","Sr88","5.792358779","KBSM"
"KBSM","3","Sr88","2.907297299","KBSM"
"KBSM","4","Sr88","6.620473416","KBSM"
"KBSM","5","Sr88","3.110041164","KBSM"
"KBSM","7","Sr88","3.249343848","KBSM"
"KBSM","8","Sr88","2.460195241","KBSM"
"KBSM","9","Sr88","5.56164779","KBSM"
"KBSM","10","Sr88","4.535704079","KBSM"
"KBSM","11","Sr88","3.919530936","KBSM"
"KBSM","12","Sr88","3.718868333","KBSM"
"KBSM","13","Sr88","*","KBSM"
"KBSM","14","Sr88","3.188553806","KBSM"
"KBSM","15","Sr88","2.841651827","KBSM"
"KBSM","16","Sr88","*","KBSM"
"KBSM","17","Sr88","3.25074836","KBSM"
"KBSM","18","Sr88","3.484891863","KBSM"
"KBSM","19","Sr88","6.276881971","KBSM"
"KBSM","20","Sr88","4.467712332","KBSM"
"KBSM","21","Sr88","*","KBSM"
"KBSM","22","Sr88","4.521296619","KBSM"
"KBSM","23","Sr88","3.581116138","KBSM"
"KBSM","24","Sr88","*","KBSM"
"KBSM","25","Sr88","3.588680197","KBSM"
"KBSM","26","Sr88","4.201841328","KBSM"
"KBSM","27","Sr88","*","KBSM"
"KBSM","28","Sr88","2.498403968","KBSM"
"KBSM","29","Sr88","3.345215105","KBSM"
"KBSM","30","Sr88","2.706066378","KBSM"
"KBSM","31","Sr88","2.995587841","KBSM"
"KBSM","32","Sr88","5.089756554","KBSM"
"KBSM","33","Sr88","4.678098831","KBSM"
"KBSM","34","Sr88","2.338734346","KBSM"
"KBSM","35","Sr88","3.363485739","KBSM"
"KBSM","36","Sr88","2.281609232","KBSM"
"KBSM","37","Sr88","4.985858023","KBSM"
"KBSM","38","Sr88","6.352228709","KBSM"
"KBSM","39","Sr88","3.121358508","KBSM"
"KBSM","40","Sr88","2.429846289","KBSM"
"KBSM","41","Sr88","5.708881425","KBSM"
"KBSM","42","Sr88","3.233401261","KBSM"
"KBSM","43","Sr88","4.5482564","KBSM"
"KBSM","44","Sr88","3.212794629","KBSM"
"KBSM","46","Sr88","3.248507911","KBSM"
"KBSM","48","Sr88","4.405132515","KBSM"
"KBSM","49","Sr88","*","KBSM"
"KBSM","50","Sr88","*","KBSM"
"KBSM","52","Sr88","3.63296133","KBSM"
"KBSM","53","Sr88","3.650260507","KBSM"
"KBSM","54","Sr88","3.193462527","KBSM"
"KBSM","55","Sr88","3.514783106","KBSM"
"KBSM","56","Sr88","4.455676761","KBSM"
"KBSM","57","Sr88","3.499690101","KBSM"
"KBSM","58","Sr88","*","KBSM"
"KBSM","59","Sr88","*","KBSM"
"KBSM","60","Sr88","*","KBSM"
"KBSM","61","Sr88","3.729976739","KBSM"
"KBSM","62","Sr88","5.664575417","KBSM"
"KBSM","63","Sr88","*","KBSM"
"KBSM","64","Sr88","2.977115243","KBSM"
"KBSM","65","Sr88","6.568084198","KBSM"
"KBSM","66","Sr88","2.617208266","KBSM"
"KBSM","67","Sr88","3.076862096","KBSM"
"KBSM","68","Sr88","3.032182409","KBSM"
"KBSM","69","Sr88","1.774331392","KBSM"
"KBSM","70","Sr88","2.877572073","KBSM"
"KBSM","71","Sr88","*","KBSM"
"KBSM","72","Sr88","3.53625501","KBSM"
"KBSM","73","Sr88","3.022988612","KBSM"
"KBSM","74","Sr88","4.416742192","KBSM"
"KBSM","75","Sr88","*","KBSM"
"KBSM","76","Sr88","*","KBSM"
"KBSM","77","Sr88","*","KBSM"
"KBSM","78","Sr88","3.919960995","KBSM"
"KBSM","79","Sr88","3.923766334","KBSM"
"KBSM","80","Sr88","2.510847291","KBSM"
"KBSM","81","Sr88","5.158258104","KBSM"
"KBSM","83","Sr88","3.720786797","KBSM"
"KBSM","84","Sr88","*","KBSM"
"KBSM","85","Sr88","5.008864588","KBSM"
"KBSM","86","Sr88","5.331443122","KBSM"
"KBSM","87","Sr88","3.018590254","KBSM"
"KBSM","88","Sr88","2.769956259","KBSM"
"KBSM","89","Sr88","3.843004241","KBSM"
"KBSM","90","Sr88","7.821467877","KBSM"
"KBSM","91","Sr88","3.662566053","KBSM"
"KBSM","93","Sr88","3.873049975","KBSM"
"KBSM","94","Sr88","4.34776922","KBSM"
"KBSM","95","Sr88","2.730506236","KBSM"
"KBSM","96","Sr88","5.911328949","KBSM"
"KBSM","97","Sr88","3.549346534","KBSM"
"KBSM","99","Sr88","4.543315352","KBSM"
"KBSM","100","Sr88","2.358474628","KBSM"
"KBSM","101","Sr88","3.101167866","KBSM"
"KBSM","102","Sr88","*","KBSM"
"KBSM","103","Sr88","3.551416856","KBSM"
"KBSM","104","Sr88","7.76244121","KBSM"
"KBSM","105","Sr88","3.238383536","KBSM"
"KBSM","106","Sr88","4.888613968","KBSM"
"KBSM","107","Sr88","4.869461796","KBSM"
"KBSM","110","Sr88","5.344624206","KBSM"
"KBSM","111","Sr88","5.362071326","KBSM"
"KBSM","112","Sr88","3.491264248","KBSM"
"KBSM","113","Sr88","*","KBSM"
"KBSM","114","Sr88","4.127484096","KBSM"
"KBSM","115","Sr88","2.351960087","KBSM"
"KBSM","116","Sr88","4.36952768","KBSM"
"KBSM","117","Sr88","6.032094044","KBSM"
"KBSM","118","Sr88","3.11322841","KBSM"
"KBSM","119","Sr88","4.05608457","KBSM"
"KBSM","120","Sr88","*","KBSM"
"KBSM","122","Sr88","2.933055682","KBSM"
"KBSM","123","Sr88","3.95425194","KBSM"
"KBSM","125","Sr88","4.56262034","KBSM"
"KBSM","126","Sr88","4.064119679","KBSM"
"KBSM","127","Sr88","2.92978501","KBSM"
"KBSM","128","Sr88","3.316796884","KBSM"
"KBSM","130","Sr88","4.096542434","KBSM"
"KBSM","131","Sr88","3.164104427","KBSM"
"KBSM","132","Sr88","4.146328871","KBSM"
"KBSM","134","Sr88","3.048313275","KBSM"
"KBSM","135","Sr88","3.853523789","KBSM"
"KBSM","136","Sr88","5.798758653","KBSM"
"KBSM","137","Sr88","5.057833128","KBSM"
"KBSM","138","Sr88","*","KBSM"
"KBSM","139","Sr88","2.62458522","KBSM"
"KBSM","141","Sr88","*","KBSM"
"KBSM","142","Sr88","3.330040922","KBSM"
"KBSM","143","Sr88","1.81839034","KBSM"
"KBSM","144","Sr88","3.325990977","KBSM"
"KBSM","145","Sr88","3.782412148","KBSM"
"KBSM","146","Sr88","*","KBSM"
"KBSM","147","Sr88","3.263437942","KBSM"
"KBSM","148","Sr88","4.030574483","KBSM"
"KBSM","150","Sr88","4.522583897","KBSM"
"KBSM","151","Sr88","4.617689381","KBSM"
"KBSM","152","Sr88","2.968260177","KBSM"
"KBSM","153","Sr88","3.398555191","KBSM"
"KBSM","154","Sr88","4.740426847","KBSM"
"KBSM","155","Sr88","2.613101754","KBSM"
"KBSM","156","Sr88","4.201104465","KBSM"
"KBSM","157","Sr88","2.927124867","KBSM"
"KBSM","158","Sr88","5.824179891","KBSM"
"KBSM","159","Sr88","3.7664454","KBSM"
"KBSM","161","Sr88","4.768465424","KBSM"
"KBSM","163","Sr88","4.396407636","KBSM"
"KBSM","164","Sr88","5.079811346","KBSM"
"KBSM","166","Sr88","4.97224949","KBSM"
"KBSM","167","Sr88","4.387769816","KBSM"
"KBSM","168","Sr88","2.663578204","KBSM"
"KBSM","169","Sr88","*","KBSM"
"KBSM","170","Sr88","5.742445592","KBSM"
"KBSM","171","Sr88","4.891809839","KBSM"
"KBSM","172","Sr88","1.919608542","KBSM"
"KBSM","173","Sr88","2.477196458","KBSM"
"KBSM","174","Sr88","3.110121856","KBSM"
"KBSM","175","Sr88","5.821725804","KBSM"
"KBSM","176","Sr88","5.705776051","KBSM"
"KBSM","177","Sr88","4.497548433","KBSM"
"KBSM","178","Sr88","4.04086665","KBSM"
"KBSM","179","Sr88","*","KBSM"
"KBSM","180","Sr88","*","KBSM"
"KBSM","181","Sr88","*","KBSM"
"KBSM","182","Sr88","5.12413742","KBSM"
"KBSM","184","Sr88","3.671896514","KBSM"
"KBSM","185","Sr88","3.5681389","KBSM"
"KBSM","186","Sr88","*","KBSM"
"KBSM","187","Sr88","5.006815794","KBSM"
"KBSM","188","Sr88","4.094150136","KBSM"
"KBSM","189","Sr88","2.154455344","KBSM"
"KBSM","190","Sr88","5.315806087","KBSM"
"KBSM","191","Sr88","4.935992563","KBSM"
"KBSM","192","Sr88","*","KBSM"
"KBSM","193","Sr88","3.54335968","KBSM"
"KBSM","194","Sr88","2.52687646","KBSM"
"KBSM","195","Sr88","4.700456769","KBSM"
"KBSM","196","Sr88","3.013388637","KBSM"
"KBSM","197","Sr88","3.225655144","KBSM"
"KBSM","198","Sr88","3.250276699","KBSM"
"KBSM","199","Sr88","3.777845405","KBSM"
"KBSM","200","Sr88","4.361397105","KBSM"
"KBSM","201","Sr88","2.795409349","KBSM"
"KBSM","203","Sr88","5.728721821","KBSM"
"KBSM","204","Sr88","4.547778163","KBSM"
"KBSM","205","Sr88","4.214579149","KBSM"
"KBSM","207","Sr88","2.969386527","KBSM"
"KBSM","208","Sr88","2.762914857","KBSM"
"KBSM","209","Sr88","*","KBSM"
"KBSM","210","Sr88","2.704937087","KBSM"
"KBSM","211","Sr88","*","KBSM"
"KBSM","212","Sr88","*","KBSM"
"KBSM","213","Sr88","4.008143146","KBSM"
"KBSM","214","Sr88","2.907631806","KBSM"
"KBSM","215","Sr88","4.702032859","KBSM"
"KBSM","216","Sr88","3.814119464","KBSM"
"KBSM","217","Sr88","3.97489906","KBSM"
"KBSM","218","Sr88","3.880086279","KBSM"
"KBSM","219","Sr88","*","KBSM"
"KBSM","220","Sr88","*","KBSM"
"KBSM","221","Sr88","2.489750576","KBSM"
"KBSM","222","Sr88","3.270335634","KBSM"
"KBSM","223","Sr88","3.754115251","KBSM"
"KBSM","224","Sr88","2.886724278","KBSM"
"KBSM","225","Sr88","*","KBSM"
"KBSM","226","Sr88","3.592655656","KBSM"
"KBSM","227","Sr88","3.042898203","KBSM"
"KBSM","228","Sr88","5.906728059","KBSM"
"KBSM","229","Sr88","3.534302373","KBSM"
"KBSM","230","Sr88","7.611526045","KBSM"
"KBSM","231","Sr88","*","KBSM"
"KBSM","232","Sr88","3.844583416","KBSM"
"KBSM","233","Sr88","*","KBSM"
"KBSM","234","Sr88","2.75918605","KBSM"
"KBSM","235","Sr88","3.750571849","KBSM"
"KBSM","236","Sr88","2.244498028","KBSM"
"KBSM","237","Sr88","2.538565848","KBSM"
"KBSM","238","Sr88","*","KBSM"
"KBSM","239","Sr88","4.167951187","KBSM"
"KBSM","240","Sr88","*","KBSM"
"KBSM","241","Sr88","*","KBSM"
"KBSM","242","Sr88","5.008279658","KBSM"
"KBSM","243","Sr88","3.874949653","KBSM"
"KBSM","244","Sr88","4.025541349","KBSM"
"KBSM","245","Sr88","3.335289035","KBSM"
"KBSM","246","Sr88","3.83194759","KBSM"
"KBSM","247","Sr88","7.741423382","KBSM"
"KBSM","248","Sr88","3.761527943","KBSM"
"KBSM","249","Sr88","3.285393274","KBSM"
"KBSM","250","Sr88","2.962263164","KBSM"
"KBSM","251","Sr88","3.631791299","KBSM"
"KBSM","252","Sr88","3.663661248","KBSM"
"KBSM","253","Sr88","*","KBSM"
"KBSM","254","Sr88","4.783784723","KBSM"
"KBSM","255","Sr88","3.933074863","KBSM"
"KBSM","256","Sr88","2.679617192","KBSM"
"KBSM","257","Sr88","3.322351487","KBSM"
"KBSM","258","Sr88","4.788751653","KBSM"
"KBSM","259","Sr88","3.590578738","KBSM"
"KBSM","260","Sr88","5.711117582","KBSM"
"KBSM","261","Sr88","*","KBSM"
"KBSM","262","Sr88","*","KBSM"
"KBSM","263","Sr88","4.470736238","KBSM"
"KBSM","264","Sr88","5.485970787","KBSM"
"KBSM","265","Sr88","6.679862548","KBSM"
"KBSM","267","Sr88","4.894110504","KBSM"
"KBSM","268","Sr88","2.497984516","KBSM"
"KBSM","269","Sr88","*","KBSM"
"KBSM","270","Sr88","3.88577273","KBSM"
"KBSM","271","Sr88","*","KBSM"
"KBSM","272","Sr88","5.443455755","KBSM"
"KBSM","273","Sr88","3.450817273","KBSM"
"KBSM","274","Sr88","3.84493021","KBSM"
"KBSM","275","Sr88","3.109756588","KBSM"
"KBSM","276","Sr88","4.230301815","KBSM"
"KBSM","277","Sr88","3.64349439","KBSM"
"KBSM","278","Sr88","*","KBSM"
"KBSM","279","Sr88","3.782835848","KBSM"
"KBSM","281","Sr88","2.842302481","KBSM"
"KBSM","282","Sr88","*","KBSM"
"KBSM","283","Sr88","3.269322993","KBSM"
"KBSM","284","Sr88","3.485111786","KBSM"
"KBSM","285","Sr88","3.757009029","KBSM"
"KBSM","286","Sr88","2.811519437","KBSM"
"KBSM","287","Sr88","3.365276729","KBSM"
"KBSM","288","Sr88","*","KBSM"
"KBSM","289","Sr88","2.509519012","KBSM"
"KBSM","290","Sr88","*","KBSM"
"KBSM","292","Sr88","2.402802317","KBSM"
"KBSM","293","Sr88","4.093591264","KBSM"
"KBSM","294","Sr88","2.713690707","KBSM"
"KBSM","296","Sr88","3.997964568","KBSM"
"KBSM","297","Sr88","5.838020076","KBSM"
"KBSM","298","Sr88","3.639647757","KBSM"
"KBSM","299","Sr88","3.116175372","KBSM"
"KBSM","300","Sr88","4.664277973","KBSM"
"KBSM","301","Sr88","3.710495592","KBSM"
"KBSM","302","Sr88","5.220777198","KBSM"
"KBSM","303","Sr88","3.347472024","KBSM"
"KBSM","304","Sr88","4.376176203","KBSM"
"KBSM","305","Sr88","3.228230461","KBSM"
"KBSM","306","Sr88","5.626956802","KBSM"
"KBSM","307","Sr88","4.789329379","KBSM"
"KBSM","308","Sr88","4.933774393","KBSM"
"KBSM","310","Sr88","3.831306772","KBSM"
"KBSM","311","Sr88","*","KBSM"
"KBSM","312","Sr88","2.060426174","KBSM"
"KBSM","313","Sr88","3.729603446","KBSM"
"KBSM","314","Sr88","3.620049926","KBSM"
"KBSM","315","Sr88","3.800093966","KBSM"
"KBSM","317","Sr88","4.2357770435","KBSM"
"KBSM","318","Sr88","7.532052762","KBSM"
"KBSM","319","Sr88","*","KBSM"
"KBSM","320","Sr88","3.475471393","KBSM"
"KBSM","322","Sr88","3.604369097","KBSM"
"KBSM","323","Sr88","4.802662647","KBSM"
"KBSM","324","Sr88","4.339910045","KBSM"
"KBSM","325","Sr88","4.05854613","KBSM"
"KBSM","326","Sr88","4.856632476","KBSM"
"KBSM","328","Sr88","5.095707229","KBSM"
"KBSM","330","Sr88","4.799757698","KBSM"
"KBSM","332","Sr88","3.909344004","KBSM"
"KBSM","333","Sr88","3.120509212","KBSM"
"KBSM","334","Sr88","4.574805224","KBSM"
"KBSM","335","Sr88","4.13812543","KBSM"
"KBSM","336","Sr88","4.667195596","KBSM"
"KBSM","337","Sr88","5.851846467","KBSM"
"KBSM","338","Sr88","3.28099257","KBSM"
"KBSM","339","Sr88","3.829140273","KBSM"
"KBSM","340","Sr88","*","KBSM"
"KBSM","341","Sr88","4.635444919","KBSM"
"KBSM","342","Sr88","3.618277727","KBSM"
"KBSM","343","Sr88","2.83327444","KBSM"
"KBSM","345","Sr88","3.556051477","KBSM"
"KBSM","346","Sr88","5.789684093","KBSM"
"KBSM","347","Sr88","2.807892515","KBSM"
"KBSM","349","Sr88","3.719265982","KBSM"
"KBSM","350","Sr88","2.476172064","KBSM"
"KBSM","352","Sr88","3.27975285","KBSM"
"KBSM","353","Sr88","3.151482785","KBSM"
"KBSM","354","Sr88","4.135596017","KBSM"
"KBSM","355","Sr88","*","KBSM"
"KBSM","356","Sr88","2.268581932","KBSM"
"KBSM","358","Sr88","4.701641162","KBSM"
"KBSM","359","Sr88","3.522748531","KBSM"
"KBSM","360","Sr88","2.96858359","KBSM"
"KBSM","361","Sr88","3.251390518","KBSM"
"KBSM","363","Sr88","5.498044826","KBSM"
"KBSM","364","Sr88","4.89847425","KBSM"
"KBSM","365","Sr88","3.420523605","KBSM"
"KBSM","366","Sr88","5.081503501","KBSM"
"KBSM","367","Sr88","3.027435062","KBSM"
"KBSM","368","Sr88","*","KBSM"
"KBSM","369","Sr88","2.891040971","KBSM"
"KBSM","370","Sr88","2.801082344","KBSM"
"KBSM","371","Sr88","3.968622568","KBSM"
"KBSM","372","Sr88","3.814022208","KBSM"
"KBSM","373","Sr88","3.02180549","KBSM"
"KBSM","374","Sr88","2.553766079","KBSM"
"KBSM","375","Sr88","4.984963864","KBSM"
"KBSM","377","Sr88","*","KBSM"
"KBSM","378","Sr88","3.960759217","KBSM"
"KBSM","379","Sr88","3.620294257","KBSM"
"KBSM","380","Sr88","4.211211427","KBSM"
"KBSM","381","Sr88","4.222125408","KBSM"
"KBSM","382","Sr88","2.162571532","KBSM"
"KBSM","383","Sr88","6.358579303","KBSM"
"KBSM","384","Sr88","4.1465469","KBSM"
"KBSM","386","Sr88","4.363446566","KBSM"
"KBSM","388","Sr88","2.112979609","KBSM"
"KBSM","389","Sr88","2.642316346","KBSM"
"KBSM","390","Sr88","3.889819997","KBSM"
"KBSM","391","Sr88","3.545978065","KBSM"
"KBSM","392","Sr88","5.662248663","KBSM"
"KBSM","393","Sr88","2.241504011","KBSM"
"KBSM","394","Sr88","3.50953589","KBSM"
"KBSM","395","Sr88","3.699800427","KBSM"
"KBSM","396","Sr88","3.116164352","KBSM"
"KBSM","397","Sr88","3.174268449","KBSM"
"KBSM","398","Sr88","3.193990835","KBSM"
"KBSM","399","Sr88","5.021839988","KBSM"
"KBSM","400","Sr88","2.954164898","KBSM"
"KBSM","402","Sr88","3.535298158","KBSM"
"KBSM","403","Sr88","5.413796157","KBSM"
"KBSM","404","Sr88","2.780973428","KBSM"
"KBSM","405","Sr88","5.163278809","KBSM"
"KBSM","406","Sr88","2.08558273","KBSM"
"KBSM","407","Sr88","5.413574173","KBSM"
"KBSM","408","Sr88","3.775600844","KBSM"
"KBSM","409","Sr88","3.206761217","KBSM"
"KBSM","410","Sr88","3.113138971","KBSM"
"KBSM","411","Sr88","4.292753557","KBSM"
"KBSM","412","Sr88","2.09355466","KBSM"
"KBSM","413","Sr88","*","KBSM"
"KBSM","414","Sr88","4.235126527","KBSM"
"KBSM","415","Sr88","2.427742114","KBSM"
"KBSM","416","Sr88","*","KBSM"
"KBSM","417","Sr88","4.344932923","KBSM"
"KBSM","418","Sr88","6.071570016","KBSM"
"KBSM","419","Sr88","3.021641345","KBSM"
"KBSM","420","Sr88","3.108982671","KBSM"
"KBSM","421","Sr88","2.937754212","KBSM"
"KBSM","422","Sr88","4.360524442","KBSM"
"KBSM","423","Sr88","3.882819533","KBSM"
"KBSM","424","Sr88","4.166433283","KBSM"
"KBSM","425","Sr88","4.220002877","KBSM"
"KBSM","426","Sr88","3.238756392","KBSM"
"KBSM","427","Sr88","5.139178608","KBSM"
"KBSM","428","Sr88","4.759500362","KBSM"
"KBSM","429","Sr88","4.186693431","KBSM"
"KBSM","431","Sr88","3.209255683","KBSM"
"KBSM","432","Sr88","3.911222891","KBSM"
"KBSM","433","Sr88","4.241431452","KBSM"
"KBSM","435","Sr88","4.124022355","KBSM"
"KBSM","436","Sr88","4.235763112","KBSM"
"KBSM","437","Sr88","*","KBSM"
"KBSM","438","Sr88","*","KBSM"
"KBSM","439","Sr88","4.097987295","KBSM"
"KBSM","440","Sr88","3.474212497","KBSM"
"KBSM","442","Sr88","5.213879401","KBSM"
"KBSM","443","Sr88","3.857925896","KBSM"
"KBSM","444","Sr88","2.097842243","KBSM"
"KBSM","445","Sr88","3.843157092","KBSM"
"KBSM","446","Sr88","6.030351832","KBSM"
"KBSM","447","Sr88","4.308063186","KBSM"
"KBSM","448","Sr88","2.603277179","KBSM"
"KBSM","449","Sr88","4.504206926","KBSM"
"KBSM","450","Sr88","3.141602387","KBSM"
"KBSM","451","Sr88","5.023536378","KBSM"
"KBSM","452","Sr88","3.543423507","KBSM"
"KBSM","453","Sr88","4.649756573","KBSM"
"KBSM","454","Sr88","*","KBSM"
"KBSM","455","Sr88","2.821273966","KBSM"
"KBSM","456","Sr88","2.87577764","KBSM"
"KBSM","458","Sr88","4.113907151","KBSM"
"KBSM","459","Sr88","4.407533139","KBSM"
"KBSM","460","Sr88","3.244797052","KBSM"
"KBSM","461","Sr88","3.237547146","KBSM"
"KBSM","462","Sr88","4.850216908","KBSM"
"KBSM","463","Sr88","3.837046966","KBSM"
"KBSM","464","Sr88","2.368223025","KBSM"
"KBSM","465","Sr88","3.5995132465","KBSM"
"KBSM","466","Sr88","4.473970104","KBSM"
"KBSM","467","Sr88","2.959712147","KBSM"
"KBSM","468","Sr88","3.585791353","KBSM"
"KBSM","469","Sr88","3.250306398","KBSM"
"KBSM","470","Sr88","5.362790912","KBSM"
"KBSM","471","Sr88","4.689512494","KBSM"
"KBSM","472","Sr88","5.124538933","KBSM"
"KBSM","473","Sr88","3.437965808","KBSM"
"KBSM","474","Sr88","*","KBSM"
"KBSM","475","Sr88","5.637259386","KBSM"
"KBSM","476","Sr88","4.253833366","KBSM"
"KBSM","477","Sr88","4.254779408","KBSM"
"KBSM","479","Sr88","4.044295614","KBSM"
"KBSM","480","Sr88","3.870645232","KBSM"
"KBSM","482","Sr88","*","KBSM"
"KBSM","483","Sr88","2.754043346","KBSM"
"KBSM","484","Sr88","2.47708598","KBSM"
"KBSM","485","Sr88","4.194616948","KBSM"
"KBSM","486","Sr88","*","KBSM"
"KBSM","487","Sr88","3.262366487","KBSM"
"KBSM","488","Sr88","4.276832175","KBSM"
"KBSM","489","Sr88","3.413119746","KBSM"
"KBSM","491","Sr88","4.590256281","KBSM"
"KBSM","492","Sr88","3.997551691","KBSM"
"KBSM","493","Sr88","4.177282839","KBSM"
"KBSM","494","Sr88","3.729281023","KBSM"
"KBSM","495","Sr88","5.225471999","KBSM"
"KBSM","496","Sr88","2.612443495","KBSM"
"KBSM","497","Sr88","4.684191181","KBSM"
"KBSM","498","Sr88","4.576650403","KBSM"
"KBSM","499","Sr88","*","KBSM"
"KBSM","500","Sr88","3.030977256","KBSM"
"KBSM","501","Sr88","2.56621195","KBSM"
"KBSM","502","Sr88","5.377888911","KBSM"
"KBSM","503","Sr88","4.094829689","KBSM"
"KBSM","504","Sr88","*","KBSM"
"KBSM","505","Sr88","2.442227205","KBSM"
"KBSM","506","Sr88","2.779690805","KBSM"
"KBSM","507","Sr88","5.807097608","KBSM"
"KBSM","508","Sr88","4.153350688","KBSM"
"KBSM","511","Sr88","4.206487563","KBSM"
"KBSM","512","Sr88","3.346896446","KBSM"
"KBSM","513","Sr88","3.404621951","KBSM"
"KBSM","514","Sr88","*","KBSM"
"KBSM","515","Sr88","2.726203855","KBSM"
"KBSM","516","Sr88","3.699741455","KBSM"
"KBSM","518","Sr88","*","KBSM"
"KBSM","519","Sr88","*","KBSM"
"KBSM","520","Sr88","5.75110862","KBSM"
"KBSM","521","Sr88","5.166671802","KBSM"
"KBSM","522","Sr88","3.202171775","KBSM"
"KBSM","523","Sr88","3.274141482","KBSM"
"KBSM","524","Sr88","3.73064908","KBSM"
"KBSM","525","Sr88","3.092391121","KBSM"
"KBSM","526","Sr88","2.549697059","KBSM"
"KBSM","527","Sr88","2.327255141","KBSM"
"KBSM","529","Sr88","*","KBSM"
"KBSM","530","Sr88","3.313959648","KBSM"
"KBSM","531","Sr88","3.589850052","KBSM"
"KBSM","532","Sr88","6.714913395","KBSM"
"KBSM","533","Sr88","3.413256409","KBSM"
"KBSM","534","Sr88","4.732412741","KBSM"
"KBSM","535","Sr88","3.124787984","KBSM"
"KBSM","536","Sr88","4.226188363","KBSM"
"KBSM","537","Sr88","3.489312098","KBSM"
"KBSM","539","Sr88","3.490963617","KBSM"
"KBSM","540","Sr88","3.466708437","KBSM"
"KBSM","541","Sr88","6.826155333","KBSM"
"KBSM","542","Sr88","2.386986596","KBSM"
"KBSM","544","Sr88","2.762333897","KBSM"
"KBSM","545","Sr88","3.430096582","KBSM"
"KBSM","546","Sr88","2.965003544","KBSM"
"KBSM","547","Sr88","3.899306311","KBSM"
"KBSM","548","Sr88","3.830063769","KBSM"
"KBSM","549","Sr88","3.739978445","KBSM"
"KBSM","551","Sr88","*","KBSM"
"KBSM","552","Sr88","2.387964709","KBSM"
"KBSM","553","Sr88","3.288882272","KBSM"
"KBSM","555","Sr88","3.317908485","KBSM"
"KBSM","556","Sr88","*","KBSM"
"KBSM","557","Sr88","2.060461539","KBSM"
"KBSM","558","Sr88","4.036871294","KBSM"
"KBSM","559","Sr88","2.922845157","KBSM"
"KBSM","560","Sr88","4.376169785","KBSM"
"KBSM","562","Sr88","3.341507911","KBSM"
"KBSM","563","Sr88","4.896733711","KBSM"
"KBSM","564","Sr88","*","KBSM"
"KBSM","565","Sr88","4.006351438","KBSM"
"KBSM","566","Sr88","3.856016468","KBSM"
"KBSM","567","Sr88","4.282612996","KBSM"
"KBSM","569","Sr88","4.510918726","KBSM"
"KBSM","570","Sr88","3.86230514","KBSM"
"KBSM","571","Sr88","3.94404673","KBSM"
"KBSM","572","Sr88","3.193538961","KBSM"
"KBSM","573","Sr88","4.471880911","KBSM"
"KBSM","574","Sr88","3.574868362","KBSM"
"KBSM","576","Sr88","3.3373745","KBSM"
"KBSM","577","Sr88","3.721959467","KBSM"
"KBSM","578","Sr88","3.274920377","KBSM"
"KBSM","579","Sr88","4.731065821","KBSM"
"KBSM","580","Sr88","2.097076706","KBSM"
"KBSM","581","Sr88","3.603756871","KBSM"
"KBSM","583","Sr88","3.860760444","KBSM"
"KBSM","584","Sr88","3.146552616","KBSM"
"KBSM","585","Sr88","3.231334624","KBSM"
"KBSM","586","Sr88","4.377292827","KBSM"
"KBSM","588","Sr88","4.733356385","KBSM"
"KBSM","589","Sr88","3.719645135","KBSM"
"KBSM","592","Sr88","2.790068368","KBSM"
"KBSM","593","Sr88","4.933591449","KBSM"
"KBSM","594","Sr88","3.500718092","KBSM"
"KBSM","595","Sr88","4.221040698","KBSM"
"KBSM","596","Sr88","4.769273618","KBSM"
"KBSM","597","Sr88","3.037116555","KBSM"
"KBSM","598","Sr88","3.769307672","KBSM"
"KBSM","599","Sr88","*","KBSM"
"KBSM","600","Sr88","4.006115143","KBSM"
"KBSM","601","Sr88","4.721566495","KBSM"
"KBSM","602","Sr88","*","KBSM"
"KBSM","603","Sr88","*","KBSM"
"KBSM","604","Sr88","*","KBSM"
"KBSM","605","Sr88","4.695306352","KBSM"
"KBSM","606","Sr88","3.199129853","KBSM"
"KBSM","608","Sr88","4.535524106","KBSM"
"KBSM","609","Sr88","4.609416186","KBSM"
"KBSM","610","Sr88","5.63496328","KBSM"
"KBSM","611","Sr88","2.336595618","KBSM"
"KBSM","612","Sr88","3.296386208","KBSM"
"KBSM","613","Sr88","2.812786151","KBSM"
"KBSM","614","Sr88","2.6404434","KBSM"
"KBSM","618","Sr88","4.304848905","KBSM"
"KBSM","619","Sr88","2.592954762","KBSM"
"KBSM","620","Sr88","5.1341006","KBSM"
"KBSM","621","Sr88","6.380309385","KBSM"
"KBSM","622","Sr88","2.764890622","KBSM"
"KBSM","623","Sr88","*","KBSM"
"KBSM","624","Sr88","*","KBSM"
"KBSM","625","Sr88","2.490525436","KBSM"
"KBSM","627","Sr88","5.140393668","KBSM"
"KBSM","628","Sr88","3.210646675","KBSM"
"KBSM","629","Sr88","1.865503997","KBSM"
"KBSM","630","Sr88","4.262909344","KBSM"
"KBSM","632","Sr88","3.550618955","KBSM"
"KBSM","633","Sr88","2.460293203","KBSM"
"KBSM","634","Sr88","4.643895776","KBSM"
"KBSM","635","Sr88","3.0826181","KBSM"
"KBSM","636","Sr88","3.81004155","KBSM"
"KBSM","637","Sr88","3.043223518","KBSM"
"KBSM","638","Sr88","2.941178648","KBSM"
"KBSM","639","Sr88","2.924149029","KBSM"
"KBSM","640","Sr88","2.944358477","KBSM"
"KBSM","641","Sr88","3.99819042","KBSM"
"KBSM","642","Sr88","4.399101915","KBSM"
"KBSM","643","Sr88","5.505238981","KBSM"
"KBSM","644","Sr88","3.872342387","KBSM"
"KBSM","645","Sr88","*","KBSM"
"KBSM","647","Sr88","*","KBSM"
"KBSM","648","Sr88","2.176221103","KBSM"
"KBSM","649","Sr88","3.557905841","KBSM"
"KBSM","652","Sr88","2.261960627","KBSM"
"KBSM","654","Sr88","3.996864111","KBSM"
"KBSM","655","Sr88","2.454942007","KBSM"
"KBSM","656","Sr88","4.137730874","KBSM"
"KBSM","657","Sr88","4.390193083","KBSM"
"KBSM","658","Sr88","3.741483","KBSM"
"KBSM","660","Sr88","5.142473871","KBSM"
"KBSM","661","Sr88","3.490055245","KBSM"
"KBSM","663","Sr88","2.699931201","KBSM"
"KBSM","664","Sr88","4.341879737","KBSM"
"KBSM","666","Sr88","5.197885152","KBSM"
"KBSM","667","Sr88","3.305073158","KBSM"
"KBSM","668","Sr88","2.729621573","KBSM"
"KBSM","669","Sr88","6.121305981","KBSM"
"KBSM","670","Sr88","2.370540341","KBSM"
"KBSM","671","Sr88","*","KBSM"
"KBSM","672","Sr88","3.470765653","KBSM"
"KBSM","673","Sr88","5.156406721","KBSM"
"KBSM","674","Sr88","3.59884137","KBSM"
"KBSM","675","Sr88","2.941873025","KBSM"
"KBSM","677","Sr88","*","KBSM"
"KBSM","679","Sr88","3.76382912","KBSM"
"KBSM","680","Sr88","3.460048936","KBSM"
"KBSM","681","Sr88","3.80383774","KBSM"
"KBSM","682","Sr88","2.163091347","KBSM"
"KBSM","683","Sr88","3.938437339","KBSM"
"KBSM","684","Sr88","3.799294393","KBSM"
"KBSM","685","Sr88","3.328177974","KBSM"
"KBSM","686","Sr88","4.363088331","KBSM"
"KBSM","689","Sr88","*","KBSM"
"KBSM","690","Sr88","4.384911413","KBSM"
"KBSM","691","Sr88","3.007556441","KBSM"
"KBSM","692","Sr88","3.740208478","KBSM"
"KBSM","693","Sr88","6.776389909","KBSM"
"KBSM","694","Sr88","5.479422319","KBSM"
"KBSM","695","Sr88","2.748965661","KBSM"
"KBSM","696","Sr88","2.864093761","KBSM"
"KBSM","697","Sr88","3.35638504","KBSM"
"KBSM","698","Sr88","3.265214757","KBSM"
"KBSM","699","Sr88","4.692851737","KBSM"
"KBSM","700","Sr88","3.047232649","KBSM"
"KBSM","702","Sr88","*","KBSM"
"KBSM","703","Sr88","4.09302474","KBSM"
"KBSM","704","Sr88","5.368820329","KBSM"
"KBSM","705","Sr88","5.258680885","KBSM"
"KBSM","706","Sr88","2.698669884","KBSM"
"KBSM","707","Sr88","*","KBSM"
"KBSM","708","Sr88","*","KBSM"
"KBSM","710","Sr88","5.541648074","KBSM"
"KBSM","711","Sr88","2.904655135","KBSM"
"KBSM","712","Sr88","3.785113128","KBSM"
"KBSM","713","Sr88","3.103937748","KBSM"
"KBSM","714","Sr88","*","KBSM"
"KBSM","715","Sr88","4.089485821","KBSM"
"KBSM","716","Sr88","4.286181264","KBSM"
"KBSM","718","Sr88","*","KBSM"
"KBSM","719","Sr88","3.118991578","KBSM"
"KBSM","720","Sr88","2.709331392","KBSM"
"KBSM","721","Sr88","4.462907836","KBSM"
"KBSM","722","Sr88","3.173740038","KBSM"
"KBSM","723","Sr88","*","KBSM"
"KBSM","724","Sr88","3.522658702","KBSM"
"KBSM","725","Sr88","2.879077013","KBSM"
"KBSM","726","Sr88","4.512308811","KBSM"
"KBSM","729","Sr88","3.690339704","KBSM"
"KBSM","730","Sr88","3.577634405","KBSM"
"KBSM","731","Sr88","4.828688666","KBSM"
"KBSM","732","Sr88","7.381836088","KBSM"
"KBSM","733","Sr88","4.314611365","KBSM"
"KBSM","734","Sr88","4.974835074","KBSM"
"KBSM","735","Sr88","3.490792183","KBSM"
"KBSM","736","Sr88","3.599592409","KBSM"
"KBSM","737","Sr88","3.55176367","KBSM"
"KBSM","738","Sr88","6.329355813","KBSM"
"KBSM","739","Sr88","4.02812417","KBSM"
"KBSM","740","Sr88","3.162845998","KBSM"
"KBSM","742","Sr88","3.360302313","KBSM"
"KBSM","743","Sr88","3.529368429","KBSM"
"KBSM","744","Sr88","4.919568183","KBSM"
"KBSM","745","Sr88","5.064451317","KBSM"
"KBSM","746","Sr88","3.697610692","KBSM"
"KBSM","748","Sr88","3.520783114","KBSM"
"KBSM","749","Sr88","5.659583889","KBSM"
"KBSM","750","Sr88","3.490884344","KBSM"
"KBSM","751","Sr88","2.623051264","KBSM"
"KBSM","752","Sr88","3.432902811","KBSM"
"KBSM","753","Sr88","4.720822706","KBSM"
"KBSM","755","Sr88","6.340466693","KBSM"
"KBSM","756","Sr88","3.383223776","KBSM"
"KBSM","757","Sr88","4.800464891","KBSM"
"KBSM","758","Sr88","4.787093552","KBSM"
"KBSM","759","Sr88","2.825042445","KBSM"
"KBSM","760","Sr88","4.702672315","KBSM"
"KBSM","761","Sr88","4.497556435","KBSM"
"KBSM","762","Sr88","2.510985537","KBSM"
"KBSM","763","Sr88","3.0500369","KBSM"
"KBSM","764","Sr88","2.666375098","KBSM"
"KBSM","765","Sr88","4.21379996","KBSM"
"KBSM","766","Sr88","6.394803127","KBSM"
"KBSM","767","Sr88","4.946280513","KBSM"
"KBSM","768","Sr88","3.410213226","KBSM"
"KBSM","769","Sr88","*","KBSM"
"KBSM","770","Sr88","5.92684214","KBSM"
"KBSM","771","Sr88","3.835839897","KBSM"
"KBSM","772","Sr88","3.318559258","KBSM"
"KBSM","773","Sr88","3.728151322","KBSM"
"KBSM","774","Sr88","3.200645848","KBSM"
"KBSM","775","Sr88","7.306679414","KBSM"
"KBSM","776","Sr88","3.736774889","KBSM"
"KBSM","777","Sr88","3.009583397","KBSM"
"KBSM","778","Sr88","2.259967088","KBSM"
"KBSM","779","Sr88","3.710024206","KBSM"
"KBSM","780","Sr88","3.076740927","KBSM"
"KBSM","781","Sr88","*","KBSM"
"KBSM","782","Sr88","3.080634955","KBSM"
"KBSM","783","Sr88","3.765659432","KBSM"
"KBSM","784","Sr88","3.764415768","KBSM"
"KBSM","785","Sr88","2.730262451","KBSM"
"KBSM","786","Sr88","4.399257183","KBSM"
"KBSM","787","Sr88","2.848636685","KBSM"
"KBSM","788","Sr88","5.67716944","KBSM"
"KBSM","789","Sr88","3.646409622","KBSM"
"KBSM","790","Sr88","2.83494952","KBSM"
"KBSM","792","Sr88","3.819581153","KBSM"
"KBSM","794","Sr88","4.252978628","KBSM"
"KBSM","795","Sr88","2.73381089","KBSM"
"KBSM","796","Sr88","*","KBSM"
"KBSM","797","Sr88","3.101760448","KBSM"
"KBSM","799","Sr88","*","KBSM"
"KBSM","800","Sr88","4.430199641","KBSM"
"KBSM","801","Sr88","3.90699087","KBSM"
"KBSM","802","Sr88","3.75307339","KBSM"
"KBSM","803","Sr88","6.625192783","KBSM"
"KBSM","804","Sr88","3.520637371","KBSM"
"KBSM","805","Sr88","2.922689787","KBSM"
"KBSM","806","Sr88","1.705244234","KBSM"
"KBSM","808","Sr88","3.100349492","KBSM"
"KBSM","809","Sr88","3.149727956","KBSM"
"KBSM","810","Sr88","4.890110609","KBSM"
"KBSM","811","Sr88","5.429994656","KBSM"
"KBSM","812","Sr88","4.537178905","KBSM"
"KBSM","813","Sr88","4.791175556","KBSM"
"KBSM","814","Sr88","3.479339744","KBSM"
"KBSM","815","Sr88","4.833225467","KBSM"
"KBSM","816","Sr88","2.066473019","KBSM"
"KBSM","817","Sr88","*","KBSM"
"KBSM","818","Sr88","4.033156471","KBSM"
"KBSM","819","Sr88","5.115002867","KBSM"
"KBSM","820","Sr88","2.493098699","KBSM"
"KBSM","821","Sr88","4.301953323","KBSM"
"KBSM","822","Sr88","3.771257201","KBSM"
"KBSM","823","Sr88","3.273671823","KBSM"
"KBSM","824","Sr88","3.150606686","KBSM"
"KBSM","825","Sr88","4.670792765","KBSM"
"PKLE","1","Sr88","11.88922104","PKLE"
"PKLE","2","Sr88","11.68287243","PKLE"
"PKLE","3","Sr88","7.186368855","PKLE"
"PKLE","4","Sr88","9.825920266","PKLE"
"PKLE","5","Sr88","5.098875895","PKLE"
"PKLE","7","Sr88","6.612944572","PKLE"
"PKLE","8","Sr88","7.210259893","PKLE"
"PKLE","9","Sr88","9.823051907","PKLE"
"PKLE","10","Sr88","7.838247477","PKLE"
"PKLE","11","Sr88","7.126280183","PKLE"
"PKLE","12","Sr88","9.54457033","PKLE"
"PKLE","13","Sr88","12.31605282","PKLE"
"PKLE","14","Sr88","9.842064572","PKLE"
"PKLE","15","Sr88","5.118142279","PKLE"
"PKLE","16","Sr88","4.785699684","PKLE"
"PKLE","17","Sr88","6.09873155","PKLE"
"PKLE","18","Sr88","9.341904846","PKLE"
"PKLE","19","Sr88","8.045307624","PKLE"
"PKLE","20","Sr88","9.353653604","PKLE"
"PKLE","21","Sr88","*","PKLE"
"PKLE","22","Sr88","10.84287961","PKLE"
"PKLE","23","Sr88","7.04784527","PKLE"
"PKLE","24","Sr88","*","PKLE"
"PKLE","25","Sr88","7.489287096","PKLE"
"PKLE","26","Sr88","10.70199567","PKLE"
"PKLE","27","Sr88","*","PKLE"
"PKLE","28","Sr88","8.391051913","PKLE"
"PKLE","29","Sr88","8.132505985","PKLE"
"PKLE","30","Sr88","7.198962782","PKLE"
"PKLE","31","Sr88","5.217835786","PKLE"
"PKLE","32","Sr88","10.88023692","PKLE"
"PKLE","33","Sr88","6.823706831","PKLE"
"PKLE","34","Sr88","7.049315394","PKLE"
"PKLE","35","Sr88","6.340997111","PKLE"
"PKLE","36","Sr88","6.335285231","PKLE"
"PKLE","37","Sr88","8.026550571","PKLE"
"PKLE","38","Sr88","7.11259045","PKLE"
"PKLE","39","Sr88","10.77552707","PKLE"
"PKLE","40","Sr88","6.969510247","PKLE"
"PKLE","41","Sr88","9.35536995","PKLE"
"PKLE","42","Sr88","9.6935508","PKLE"
"PKLE","43","Sr88","6.554943203","PKLE"
"PKLE","44","Sr88","8.738911867","PKLE"
"PKLE","46","Sr88","8.993578239","PKLE"
"PKLE","48","Sr88","8.763531586","PKLE"
"PKLE","49","Sr88","*","PKLE"
"PKLE","50","Sr88","*","PKLE"
"PKLE","52","Sr88","8.975270392","PKLE"
"PKLE","53","Sr88","5.131850578","PKLE"
"PKLE","54","Sr88","12.70949854","PKLE"
"PKLE","55","Sr88","7.685126638","PKLE"
"PKLE","56","Sr88","8.348404369","PKLE"
"PKLE","57","Sr88","*","PKLE"
"PKLE","58","Sr88","8.353739836","PKLE"
"PKLE","59","Sr88","*","PKLE"
"PKLE","60","Sr88","*","PKLE"
"PKLE","61","Sr88","8.824537188","PKLE"
"PKLE","62","Sr88","10.16695154","PKLE"
"PKLE","63","Sr88","9.18876361","PKLE"
"PKLE","64","Sr88","*","PKLE"
"PKLE","65","Sr88","8.631621657","PKLE"
"PKLE","66","Sr88","12.61348203","PKLE"
"PKLE","67","Sr88","9.580322268","PKLE"
"PKLE","68","Sr88","11.79374629","PKLE"
"PKLE","69","Sr88","7.859737413","PKLE"
"PKLE","70","Sr88","6.586756653","PKLE"
"PKLE","71","Sr88","*","PKLE"
"PKLE","72","Sr88","9.970975788","PKLE"
"PKLE","73","Sr88","7.440670774","PKLE"
"PKLE","74","Sr88","8.59492251","PKLE"
"PKLE","75","Sr88","*","PKLE"
"PKLE","76","Sr88","9.824212041","PKLE"
"PKLE","77","Sr88","9.418505736","PKLE"
"PKLE","78","Sr88","8.205495175","PKLE"
"PKLE","79","Sr88","7.917491138","PKLE"
"PKLE","80","Sr88","9.882029872","PKLE"
"PKLE","81","Sr88","10.21776031","PKLE"
"PKLE","83","Sr88","8.386977628","PKLE"
"PKLE","84","Sr88","6.944768335","PKLE"
"PKLE","85","Sr88","7.245998655","PKLE"
"PKLE","86","Sr88","10.51183444","PKLE"
"PKLE","87","Sr88","4.521752559","PKLE"
"PKLE","88","Sr88","*","PKLE"
"PKLE","89","Sr88","10.65658978","PKLE"
"PKLE","90","Sr88","11.3410879","PKLE"
"PKLE","91","Sr88","8.9072945","PKLE"
"PKLE","93","Sr88","7.308651997","PKLE"
"PKLE","94","Sr88","*","PKLE"
"PKLE","95","Sr88","7.0804354","PKLE"
"PKLE","96","Sr88","*","PKLE"
"PKLE","97","Sr88","8.281887454","PKLE"
"PKLE","99","Sr88","7.179841759","PKLE"
"PKLE","100","Sr88","5.702292157","PKLE"
"PKLE","101","Sr88","8.373317928","PKLE"
"PKLE","102","Sr88","*","PKLE"
"PKLE","103","Sr88","*","PKLE"
"PKLE","104","Sr88","9.527305607","PKLE"
"PKLE","105","Sr88","7.16837239","PKLE"
"PKLE","106","Sr88","7.367225964","PKLE"
"PKLE","107","Sr88","9.919732401","PKLE"
"PKLE","110","Sr88","6.224686018","PKLE"
"PKLE","111","Sr88","10.90994719","PKLE"
"PKLE","112","Sr88","7.557462697","PKLE"
"PKLE","113","Sr88","6.630148637","PKLE"
"PKLE","114","Sr88","13.12899585","PKLE"
"PKLE","115","Sr88","8.474295046","PKLE"
"PKLE","116","Sr88","*","PKLE"
"PKLE","117","Sr88","11.43278802","PKLE"
"PKLE","118","Sr88","7.635757255","PKLE"
"PKLE","119","Sr88","6.036008278","PKLE"
"PKLE","120","Sr88","*","PKLE"
"PKLE","122","Sr88","8.629993449","PKLE"
"PKLE","123","Sr88","12.38155218","PKLE"
"PKLE","125","Sr88","11.25326818","PKLE"
"PKLE","126","Sr88","11.25240416","PKLE"
"PKLE","127","Sr88","5.966694045","PKLE"
"PKLE","128","Sr88","8.450036498","PKLE"
"PKLE","130","Sr88","11.21400754","PKLE"
"PKLE","131","Sr88","10.31513265","PKLE"
"PKLE","132","Sr88","*","PKLE"
"PKLE","134","Sr88","7.416421399","PKLE"
"PKLE","135","Sr88","9.812013188","PKLE"
"PKLE","136","Sr88","*","PKLE"
"PKLE","137","Sr88","6.941823488","PKLE"
"PKLE","138","Sr88","9.778087364","PKLE"
"PKLE","139","Sr88","9.71599927","PKLE"
"PKLE","141","Sr88","*","PKLE"
"PKLE","142","Sr88","4.340880693","PKLE"
"PKLE","143","Sr88","6.7968119","PKLE"
"PKLE","144","Sr88","10.79037711","PKLE"
"PKLE","145","Sr88","8.605270865","PKLE"
"PKLE","146","Sr88","9.769803558","PKLE"
"PKLE","147","Sr88","*","PKLE"
"PKLE","148","Sr88","11.86597141","PKLE"
"PKLE","150","Sr88","10.16040753","PKLE"
"PKLE","151","Sr88","8.476262605","PKLE"
"PKLE","152","Sr88","*","PKLE"
"PKLE","153","Sr88","9.10029003","PKLE"
"PKLE","154","Sr88","8.603986004","PKLE"
"PKLE","155","Sr88","6.58574211","PKLE"
"PKLE","156","Sr88","8.044849075","PKLE"
"PKLE","157","Sr88","8.495979888","PKLE"
"PKLE","158","Sr88","8.524857888","PKLE"
"PKLE","159","Sr88","*","PKLE"
"PKLE","161","Sr88","7.811572949","PKLE"
"PKLE","163","Sr88","*","PKLE"
"PKLE","164","Sr88","10.99772674","PKLE"
"PKLE","166","Sr88","9.730050561","PKLE"
"PKLE","167","Sr88","9.186536895","PKLE"
"PKLE","168","Sr88","8.215805746","PKLE"
"PKLE","169","Sr88","7.155210808","PKLE"
"PKLE","170","Sr88","9.055677441","PKLE"
"PKLE","171","Sr88","9.895054476","PKLE"
"PKLE","172","Sr88","5.883300811","PKLE"
"PKLE","173","Sr88","8.204090665","PKLE"
"PKLE","174","Sr88","9.545241049","PKLE"
"PKLE","175","Sr88","10.57273522","PKLE"
"PKLE","176","Sr88","12.16119356","PKLE"
"PKLE","177","Sr88","8.402416004","PKLE"
"PKLE","178","Sr88","8.601491974","PKLE"
"PKLE","179","Sr88","*","PKLE"
"PKLE","180","Sr88","*","PKLE"
"PKLE","181","Sr88","*","PKLE"
"PKLE","182","Sr88","9.194676666","PKLE"
"PKLE","184","Sr88","10.89947667","PKLE"
"PKLE","185","Sr88","9.629396933","PKLE"
"PKLE","186","Sr88","*","PKLE"
"PKLE","187","Sr88","5.641801644","PKLE"
"PKLE","188","Sr88","7.644090121","PKLE"
"PKLE","189","Sr88","7.350390495","PKLE"
"PKLE","190","Sr88","*","PKLE"
"PKLE","191","Sr88","6.750109759","PKLE"
"PKLE","192","Sr88","*","PKLE"
"PKLE","193","Sr88","9.53802107","PKLE"
"PKLE","194","Sr88","5.887990522","PKLE"
"PKLE","195","Sr88","7.284444644","PKLE"
"PKLE","196","Sr88","*","PKLE"
"PKLE","197","Sr88","7.297497417","PKLE"
"PKLE","198","Sr88","7.533630638","PKLE"
"PKLE","199","Sr88","6.724238397","PKLE"
"PKLE","200","Sr88","10.69238275","PKLE"
"PKLE","201","Sr88","6.622058882","PKLE"
"PKLE","203","Sr88","9.876226513","PKLE"
"PKLE","204","Sr88","5.956851636","PKLE"
"PKLE","205","Sr88","9.944815855","PKLE"
"PKLE","207","Sr88","5.155591947","PKLE"
"PKLE","208","Sr88","6.188215742","PKLE"
"PKLE","209","Sr88","11.71520235","PKLE"
"PKLE","210","Sr88","6.8311876","PKLE"
"PKLE","211","Sr88","7.915731012","PKLE"
"PKLE","212","Sr88","*","PKLE"
"PKLE","213","Sr88","11.66908408","PKLE"
"PKLE","214","Sr88","7.68628483","PKLE"
"PKLE","215","Sr88","10.35375165","PKLE"
"PKLE","216","Sr88","8.178575144","PKLE"
"PKLE","217","Sr88","8.834808507","PKLE"
"PKLE","218","Sr88","6.445087074","PKLE"
"PKLE","219","Sr88","*","PKLE"
"PKLE","220","Sr88","8.155840219","PKLE"
"PKLE","221","Sr88","9.131064249","PKLE"
"PKLE","222","Sr88","9.296669127","PKLE"
"PKLE","223","Sr88","*","PKLE"
"PKLE","224","Sr88","7.293411352","PKLE"
"PKLE","225","Sr88","5.788267375","PKLE"
"PKLE","226","Sr88","7.643323485","PKLE"
"PKLE","227","Sr88","12.47600681","PKLE"
"PKLE","228","Sr88","8.925367652","PKLE"
"PKLE","229","Sr88","9.214240083","PKLE"
"PKLE","230","Sr88","11.58708248","PKLE"
"PKLE","231","Sr88","8.702400081","PKLE"
"PKLE","232","Sr88","9.779820321","PKLE"
"PKLE","233","Sr88","*","PKLE"
"PKLE","234","Sr88","7.988355957","PKLE"
"PKLE","235","Sr88","7.566520724","PKLE"
"PKLE","236","Sr88","6.105154717","PKLE"
"PKLE","237","Sr88","10.07215517","PKLE"
"PKLE","238","Sr88","*","PKLE"
"PKLE","239","Sr88","7.233515624","PKLE"
"PKLE","240","Sr88","*","PKLE"
"PKLE","241","Sr88","*","PKLE"
"PKLE","242","Sr88","9.38678845","PKLE"
"PKLE","243","Sr88","5.940597068","PKLE"
"PKLE","244","Sr88","7.475222496","PKLE"
"PKLE","245","Sr88","10.65759197","PKLE"
"PKLE","246","Sr88","8.773410006","PKLE"
"PKLE","247","Sr88","10.35733041","PKLE"
"PKLE","248","Sr88","8.43191902","PKLE"
"PKLE","249","Sr88","7.077962459","PKLE"
"PKLE","250","Sr88","7.903959911","PKLE"
"PKLE","251","Sr88","*","PKLE"
"PKLE","252","Sr88","7.92803679","PKLE"
"PKLE","253","Sr88","*","PKLE"
"PKLE","254","Sr88","10.70310353","PKLE"
"PKLE","255","Sr88","6.000543051","PKLE"
"PKLE","256","Sr88","8.171631572","PKLE"
"PKLE","257","Sr88","9.864534711","PKLE"
"PKLE","258","Sr88","*","PKLE"
"PKLE","259","Sr88","10.85196815","PKLE"
"PKLE","260","Sr88","12.71039343","PKLE"
"PKLE","261","Sr88","8.817202099","PKLE"
"PKLE","262","Sr88","*","PKLE"
"PKLE","263","Sr88","9.086107703","PKLE"
"PKLE","264","Sr88","12.47331087","PKLE"
"PKLE","265","Sr88","11.83448939","PKLE"
"PKLE","267","Sr88","7.110029343","PKLE"
"PKLE","268","Sr88","*","PKLE"
"PKLE","269","Sr88","*","PKLE"
"PKLE","270","Sr88","7.876215056","PKLE"
"PKLE","271","Sr88","*","PKLE"
"PKLE","272","Sr88","9.687199541","PKLE"
"PKLE","273","Sr88","5.691732766","PKLE"
"PKLE","274","Sr88","8.80308655","PKLE"
"PKLE","275","Sr88","7.577347796","PKLE"
"PKLE","276","Sr88","*","PKLE"
"PKLE","277","Sr88","7.354498119","PKLE"
"PKLE","278","Sr88","*","PKLE"
"PKLE","279","Sr88","7.987309976","PKLE"
"PKLE","281","Sr88","8.956488412","PKLE"
"PKLE","282","Sr88","*","PKLE"
"PKLE","283","Sr88","*","PKLE"
"PKLE","284","Sr88","4.650675597","PKLE"
"PKLE","285","Sr88","*","PKLE"
"PKLE","286","Sr88","9.254559577","PKLE"
"PKLE","287","Sr88","7.711934505","PKLE"
"PKLE","288","Sr88","*","PKLE"
"PKLE","289","Sr88","8.552559617","PKLE"
"PKLE","290","Sr88","*","PKLE"
"PKLE","292","Sr88","6.551184673","PKLE"
"PKLE","293","Sr88","8.331978008","PKLE"
"PKLE","294","Sr88","7.566532725","PKLE"
"PKLE","296","Sr88","11.1733464","PKLE"
"PKLE","297","Sr88","6.323688237","PKLE"
"PKLE","298","Sr88","*","PKLE"
"PKLE","299","Sr88","7.252976336","PKLE"
"PKLE","300","Sr88","9.849368655","PKLE"
"PKLE","301","Sr88","9.463631029","PKLE"
"PKLE","302","Sr88","8.314037615","PKLE"
"PKLE","303","Sr88","6.01748177","PKLE"
"PKLE","304","Sr88","7.326806798","PKLE"
"PKLE","305","Sr88","6.85046725","PKLE"
"PKLE","306","Sr88","10.96425733","PKLE"
"PKLE","307","Sr88","5.347805079","PKLE"
"PKLE","308","Sr88","7.756915737","PKLE"
"PKLE","310","Sr88","13.3912256","PKLE"
"PKLE","311","Sr88","6.679251517","PKLE"
"PKLE","312","Sr88","6.949264137","PKLE"
"PKLE","313","Sr88","5.688881742","PKLE"
"PKLE","314","Sr88","6.999504179","PKLE"
"PKLE","315","Sr88","10.09045683","PKLE"
"PKLE","317","Sr88","6.737196247","PKLE"
"PKLE","318","Sr88","9.883771685","PKLE"
"PKLE","319","Sr88","*","PKLE"
"PKLE","320","Sr88","7.784627125","PKLE"
"PKLE","322","Sr88","7.483105217","PKLE"
"PKLE","323","Sr88","9.343610972","PKLE"
"PKLE","324","Sr88","7.472739282","PKLE"
"PKLE","325","Sr88","10.96735854","PKLE"
"PKLE","326","Sr88","*","PKLE"
"PKLE","328","Sr88","8.207644945","PKLE"
"PKLE","330","Sr88","10.17881124","PKLE"
"PKLE","332","Sr88","9.580682061","PKLE"
"PKLE","333","Sr88","9.406363602","PKLE"
"PKLE","334","Sr88","11.46485009","PKLE"
"PKLE","335","Sr88","11.27534344","PKLE"
"PKLE","336","Sr88","9.92060436","PKLE"
"PKLE","337","Sr88","10.18925607","PKLE"
"PKLE","338","Sr88","6.542946883","PKLE"
"PKLE","339","Sr88","8.170341732","PKLE"
"PKLE","340","Sr88","9.268569327","PKLE"
"PKLE","341","Sr88","12.44443508","PKLE"
"PKLE","342","Sr88","10.47251189","PKLE"
"PKLE","343","Sr88","7.519778377","PKLE"
"PKLE","345","Sr88","8.591427453","PKLE"
"PKLE","346","Sr88","8.456887254","PKLE"
"PKLE","347","Sr88","7.418305744","PKLE"
"PKLE","349","Sr88","8.559847845","PKLE"
"PKLE","350","Sr88","6.289104523","PKLE"
"PKLE","352","Sr88","6.030532913","PKLE"
"PKLE","353","Sr88","7.44446824","PKLE"
"PKLE","354","Sr88","5.658122408","PKLE"
"PKLE","355","Sr88","*","PKLE"
"PKLE","356","Sr88","12.00400096","PKLE"
"PKLE","358","Sr88","8.287049426","PKLE"
"PKLE","359","Sr88","9.0795717","PKLE"
"PKLE","360","Sr88","6.001234383","PKLE"
"PKLE","361","Sr88","7.003555367","PKLE"
"PKLE","363","Sr88","11.29885175","PKLE"
"PKLE","364","Sr88","7.277575362","PKLE"
"PKLE","365","Sr88","10.85047172","PKLE"
"PKLE","366","Sr88","10.96513379","PKLE"
"PKLE","367","Sr88","6.607097773","PKLE"
"PKLE","368","Sr88","4.605078855","PKLE"
"PKLE","369","Sr88","6.601491231","PKLE"
"PKLE","370","Sr88","7.029757713","PKLE"
"PKLE","371","Sr88","8.182031662","PKLE"
"PKLE","372","Sr88","9.315497774","PKLE"
"PKLE","373","Sr88","7.463131631","PKLE"
"PKLE","374","Sr88","6.698570818","PKLE"
"PKLE","375","Sr88","9.273473099","PKLE"
"PKLE","377","Sr88","*","PKLE"
"PKLE","378","Sr88","5.330424276","PKLE"
"PKLE","379","Sr88","5.881354254","PKLE"
"PKLE","380","Sr88","6.109998639","PKLE"
"PKLE","381","Sr88","8.404617197","PKLE"
"PKLE","382","Sr88","8.030528998","PKLE"
"PKLE","383","Sr88","7.748615223","PKLE"
"PKLE","384","Sr88","7.594037473","PKLE"
"PKLE","386","Sr88","13.01623788","PKLE"
"PKLE","388","Sr88","5.93186802","PKLE"
"PKLE","389","Sr88","7.297221943","PKLE"
"PKLE","390","Sr88","6.962411071","PKLE"
"PKLE","391","Sr88","7.287577082","PKLE"
"PKLE","392","Sr88","7.545046538","PKLE"
"PKLE","393","Sr88","8.530823682","PKLE"
"PKLE","394","Sr88","*","PKLE"
"PKLE","395","Sr88","7.881944471","PKLE"
"PKLE","396","Sr88","9.131353622","PKLE"
"PKLE","397","Sr88","10.33198279","PKLE"
"PKLE","398","Sr88","*","PKLE"
"PKLE","399","Sr88","11.53614031","PKLE"
"PKLE","400","Sr88","9.703490969","PKLE"
"PKLE","402","Sr88","8.359654185","PKLE"
"PKLE","403","Sr88","*","PKLE"
"PKLE","404","Sr88","11.5644236","PKLE"
"PKLE","405","Sr88","8.667116426","PKLE"
"PKLE","406","Sr88","5.724643985","PKLE"
"PKLE","407","Sr88","10.42770061","PKLE"
"PKLE","408","Sr88","6.94423953","PKLE"
"PKLE","409","Sr88","9.480179903","PKLE"
"PKLE","410","Sr88","7.8000999","PKLE"
"PKLE","411","Sr88","*","PKLE"
"PKLE","412","Sr88","4.569861381","PKLE"
"PKLE","413","Sr88","7.677211284","PKLE"
"PKLE","414","Sr88","7.596261373","PKLE"
"PKLE","415","Sr88","5.585917834","PKLE"
"PKLE","416","Sr88","11.46619405","PKLE"
"PKLE","417","Sr88","9.580423403","PKLE"
"PKLE","418","Sr88","*","PKLE"
"PKLE","419","Sr88","*","PKLE"
"PKLE","420","Sr88","8.370430781","PKLE"
"PKLE","421","Sr88","*","PKLE"
"PKLE","422","Sr88","9.515122947","PKLE"
"PKLE","423","Sr88","5.806215837","PKLE"
"PKLE","424","Sr88","11.23252354","PKLE"
"PKLE","425","Sr88","13.35605158","PKLE"
"PKLE","426","Sr88","9.244035672","PKLE"
"PKLE","427","Sr88","*","PKLE"
"PKLE","428","Sr88","7.830645483","PKLE"
"PKLE","429","Sr88","11.40373781","PKLE"
"PKLE","431","Sr88","9.258863708","PKLE"
"PKLE","432","Sr88","10.16342917","PKLE"
"PKLE","433","Sr88","8.108040899","PKLE"
"PKLE","435","Sr88","6.977134015","PKLE"
"PKLE","436","Sr88","6.41840523","PKLE"
"PKLE","437","Sr88","8.789338046","PKLE"
"PKLE","438","Sr88","9.98010419","PKLE"
"PKLE","439","Sr88","12.48221291","PKLE"
"PKLE","440","Sr88","6.07712275","PKLE"
"PKLE","442","Sr88","6.875292778","PKLE"
"PKLE","443","Sr88","8.734195352","PKLE"
"PKLE","444","Sr88","9.086665105","PKLE"
"PKLE","445","Sr88","5.499818789","PKLE"
"PKLE","446","Sr88","14.26985033","PKLE"
"PKLE","447","Sr88","8.46153993","PKLE"
"PKLE","448","Sr88","9.739552686","PKLE"
"PKLE","449","Sr88","10.00672598","PKLE"
"PKLE","450","Sr88","10.15408832","PKLE"
"PKLE","451","Sr88","11.49625182","PKLE"
"PKLE","452","Sr88","8.614618843","PKLE"
"PKLE","453","Sr88","7.258714441","PKLE"
"PKLE","454","Sr88","*","PKLE"
"PKLE","455","Sr88","6.186724508","PKLE"
"PKLE","456","Sr88","7.352755825","PKLE"
"PKLE","458","Sr88","*","PKLE"
"PKLE","459","Sr88","8.314323034","PKLE"
"PKLE","460","Sr88","8.640996911","PKLE"
"PKLE","461","Sr88","9.318396139","PKLE"
"PKLE","462","Sr88","8.257555942","PKLE"
"PKLE","463","Sr88","10.976355283","PKLE"
"PKLE","464","Sr88","6.796170815","PKLE"
"PKLE","465","Sr88","7.904472088","PKLE"
"PKLE","466","Sr88","7.336159638","PKLE"
"PKLE","467","Sr88","11.15178338","PKLE"
"PKLE","468","Sr88","6.603318103","PKLE"
"PKLE","469","Sr88","9.287029592","PKLE"
"PKLE","470","Sr88","9.46879696","PKLE"
"PKLE","471","Sr88","7.802554182","PKLE"
"PKLE","472","Sr88","8.196977198","PKLE"
"PKLE","473","Sr88","6.96279925","PKLE"
"PKLE","474","Sr88","7.916851309","PKLE"
"PKLE","475","Sr88","9.440169133","PKLE"
"PKLE","476","Sr88","10.1072662","PKLE"
"PKLE","477","Sr88","8.522191749","PKLE"
"PKLE","479","Sr88","9.509649445","PKLE"
"PKLE","480","Sr88","7.44298603","PKLE"
"PKLE","482","Sr88","9.679079324","PKLE"
"PKLE","483","Sr88","7.730915696","PKLE"
"PKLE","484","Sr88","9.214733329","PKLE"
"PKLE","485","Sr88","9.488263481","PKLE"
"PKLE","486","Sr88","12.50438524","PKLE"
"PKLE","487","Sr88","8.3873764815","PKLE"
"PKLE","488","Sr88","7.79437649","PKLE"
"PKLE","489","Sr88","7.918590984","PKLE"
"PKLE","491","Sr88","9.454063679","PKLE"
"PKLE","492","Sr88","8.577831566","PKLE"
"PKLE","493","Sr88","11.45497853","PKLE"
"PKLE","494","Sr88","7.309286283","PKLE"
"PKLE","495","Sr88","7.38822869","PKLE"
"PKLE","496","Sr88","7.246055776","PKLE"
"PKLE","497","Sr88","5.859063113","PKLE"
"PKLE","498","Sr88","8.957537786","PKLE"
"PKLE","499","Sr88","7.342689349","PKLE"
"PKLE","500","Sr88","5.371448661","PKLE"
"PKLE","501","Sr88","8.995494947","PKLE"
"PKLE","502","Sr88","9.424932174","PKLE"
"PKLE","503","Sr88","6.294999971","PKLE"
"PKLE","504","Sr88","10.47696625","PKLE"
"PKLE","505","Sr88","6.082478766","PKLE"
"PKLE","506","Sr88","8.985898641","PKLE"
"PKLE","507","Sr88","9.142219041","PKLE"
"PKLE","508","Sr88","8.035023764","PKLE"
"PKLE","511","Sr88","6.153955089","PKLE"
"PKLE","512","Sr88","8.791413716","PKLE"
"PKLE","513","Sr88","7.258247952","PKLE"
"PKLE","514","Sr88","7.974996142","PKLE"
"PKLE","515","Sr88","7.122856284","PKLE"
"PKLE","516","Sr88","6.6710695","PKLE"
"PKLE","518","Sr88","7.467950854","PKLE"
"PKLE","519","Sr88","*","PKLE"
"PKLE","520","Sr88","9.030133409","PKLE"
"PKLE","521","Sr88","10.95846351","PKLE"
"PKLE","522","Sr88","7.342606683","PKLE"
"PKLE","523","Sr88","6.148597025","PKLE"
"PKLE","524","Sr88","8.972902185","PKLE"
"PKLE","525","Sr88","7.476130684","PKLE"
"PKLE","526","Sr88","8.885364208","PKLE"
"PKLE","527","Sr88","8.672666701","PKLE"
"PKLE","529","Sr88","12.0798272","PKLE"
"PKLE","530","Sr88","10.97039664","PKLE"
"PKLE","531","Sr88","10.49277981","PKLE"
"PKLE","532","Sr88","12.38306925","PKLE"
"PKLE","533","Sr88","4.697211115","PKLE"
"PKLE","534","Sr88","8.045559043","PKLE"
"PKLE","535","Sr88","5.541593179","PKLE"
"PKLE","536","Sr88","7.768008047","PKLE"
"PKLE","537","Sr88","7.959283228","PKLE"
"PKLE","539","Sr88","6.626919369","PKLE"
"PKLE","540","Sr88","10.04759707","PKLE"
"PKLE","541","Sr88","14.36678272","PKLE"
"PKLE","542","Sr88","6.039585609","PKLE"
"PKLE","544","Sr88","6.910262979","PKLE"
"PKLE","545","Sr88","12.5629409","PKLE"
"PKLE","546","Sr88","7.033009559","PKLE"
"PKLE","547","Sr88","9.747690235","PKLE"
"PKLE","548","Sr88","10.75068009","PKLE"
"PKLE","549","Sr88","7.858473826","PKLE"
"PKLE","551","Sr88","8.186341777","PKLE"
"PKLE","552","Sr88","7.312454033","PKLE"
"PKLE","553","Sr88","8.365997573","PKLE"
"PKLE","555","Sr88","5.815837736","PKLE"
"PKLE","556","Sr88","6.794925366","PKLE"
"PKLE","557","Sr88","*","PKLE"
"PKLE","558","Sr88","7.570184791","PKLE"
"PKLE","559","Sr88","5.765620725","PKLE"
"PKLE","560","Sr88","11.53011924","PKLE"
"PKLE","562","Sr88","7.828152481","PKLE"
"PKLE","563","Sr88","8.72012268","PKLE"
"PKLE","564","Sr88","8.962712378","PKLE"
"PKLE","565","Sr88","6.018522065","PKLE"
"PKLE","566","Sr88","11.81736127","PKLE"
"PKLE","567","Sr88","7.182511473","PKLE"
"PKLE","569","Sr88","11.511281","PKLE"
"PKLE","570","Sr88","9.314887972","PKLE"
"PKLE","571","Sr88","5.9202746","PKLE"
"PKLE","572","Sr88","9.254318517","PKLE"
"PKLE","573","Sr88","9.561121379","PKLE"
"PKLE","574","Sr88","8.839434946","PKLE"
"PKLE","576","Sr88","6.250849176","PKLE"
"PKLE","577","Sr88","8.876467601","PKLE"
"PKLE","578","Sr88","6.635163254","PKLE"
"PKLE","579","Sr88","*","PKLE"
"PKLE","580","Sr88","7.494199859","PKLE"
"PKLE","581","Sr88","11.24683848","PKLE"
"PKLE","583","Sr88","7.972978666","PKLE"
"PKLE","584","Sr88","7.325128834","PKLE"
"PKLE","585","Sr88","8.04683731","PKLE"
"PKLE","586","Sr88","9.583825916","PKLE"
"PKLE","588","Sr88","*","PKLE"
"PKLE","589","Sr88","8.422465868","PKLE"
"PKLE","592","Sr88","9.168451506","PKLE"
"PKLE","593","Sr88","10.17001324","PKLE"
"PKLE","594","Sr88","9.564496281","PKLE"
"PKLE","595","Sr88","7.462758013","PKLE"
"PKLE","596","Sr88","7.798072451","PKLE"
"PKLE","597","Sr88","*","PKLE"
"PKLE","598","Sr88","6.214752533","PKLE"
"PKLE","599","Sr88","8.8321907525","PKLE"
"PKLE","600","Sr88","6.676322218","PKLE"
"PKLE","601","Sr88","5.661627164","PKLE"
"PKLE","602","Sr88","8.29959366","PKLE"
"PKLE","603","Sr88","7.010009961","PKLE"
"PKLE","604","Sr88","5.626107884","PKLE"
"PKLE","605","Sr88","8.166233063","PKLE"
"PKLE","606","Sr88","7.26893993","PKLE"
"PKLE","608","Sr88","11.4206709","PKLE"
"PKLE","609","Sr88","8.003683853","PKLE"
"PKLE","610","Sr88","8.326545928","PKLE"
"PKLE","611","Sr88","9.424621541","PKLE"
"PKLE","612","Sr88","8.183363277","PKLE"
"PKLE","613","Sr88","9.048175319","PKLE"
"PKLE","614","Sr88","7.697190054","PKLE"
"PKLE","618","Sr88","8.295171769","PKLE"
"PKLE","619","Sr88","8.492499723","PKLE"
"PKLE","620","Sr88","8.691214097","PKLE"
"PKLE","621","Sr88","10.60764484","PKLE"
"PKLE","622","Sr88","8.546802132","PKLE"
"PKLE","623","Sr88","*","PKLE"
"PKLE","624","Sr88","6.249976687","PKLE"
"PKLE","625","Sr88","*","PKLE"
"PKLE","627","Sr88","10.94401666","PKLE"
"PKLE","628","Sr88","8.387351576","PKLE"
"PKLE","629","Sr88","9.649586665","PKLE"
"PKLE","630","Sr88","*","PKLE"
"PKLE","632","Sr88","8.008665427","PKLE"
"PKLE","633","Sr88","5.459451926","PKLE"
"PKLE","634","Sr88","5.503831521","PKLE"
"PKLE","635","Sr88","9.510451662","PKLE"
"PKLE","636","Sr88","8.587274286","PKLE"
"PKLE","637","Sr88","9.0435002","PKLE"
"PKLE","638","Sr88","6.197970633","PKLE"
"PKLE","639","Sr88","6.197783779","PKLE"
"PKLE","640","Sr88","8.607829704","PKLE"
"PKLE","641","Sr88","6.630377383","PKLE"
"PKLE","642","Sr88","10.74055261","PKLE"
"PKLE","643","Sr88","8.57748788","PKLE"
"PKLE","644","Sr88","8.922264658","PKLE"
"PKLE","645","Sr88","*","PKLE"
"PKLE","647","Sr88","10.94977765","PKLE"
"PKLE","648","Sr88","8.775416258","PKLE"
"PKLE","649","Sr88","7.596796091","PKLE"
"PKLE","652","Sr88","*","PKLE"
"PKLE","654","Sr88","11.74527501","PKLE"
"PKLE","655","Sr88","6.810510072","PKLE"
"PKLE","656","Sr88","7.940783673","PKLE"
"PKLE","657","Sr88","10.51906548","PKLE"
"PKLE","658","Sr88","7.855892147","PKLE"
"PKLE","660","Sr88","6.011095571","PKLE"
"PKLE","661","Sr88","10.17441595","PKLE"
"PKLE","663","Sr88","6.340267557","PKLE"
"PKLE","664","Sr88","8.218263691","PKLE"
"PKLE","666","Sr88","9.177230153","PKLE"
"PKLE","667","Sr88","9.683356141","PKLE"
"PKLE","668","Sr88","6.366557961","PKLE"
"PKLE","669","Sr88","6.070854943","PKLE"
"PKLE","670","Sr88","5.064685496","PKLE"
"PKLE","671","Sr88","*","PKLE"
"PKLE","672","Sr88","5.671395512","PKLE"
"PKLE","673","Sr88","8.493341794","PKLE"
"PKLE","674","Sr88","9.202968188","PKLE"
"PKLE","675","Sr88","13.93652653","PKLE"
"PKLE","677","Sr88","9.257087227","PKLE"
"PKLE","679","Sr88","5.540500778","PKLE"
"PKLE","680","Sr88","7.078818507","PKLE"
"PKLE","681","Sr88","10.7319287","PKLE"
"PKLE","682","Sr88","6.067428005","PKLE"
"PKLE","683","Sr88","8.972203181","PKLE"
"PKLE","684","Sr88","8.889225249","PKLE"
"PKLE","685","Sr88","7.884351135","PKLE"
"PKLE","686","Sr88","10.50643564","PKLE"
"PKLE","689","Sr88","7.437953674","PKLE"
"PKLE","690","Sr88","7.929564775","PKLE"
"PKLE","691","Sr88","8.507400732","PKLE"
"PKLE","692","Sr88","9.711635337","PKLE"
"PKLE","693","Sr88","8.60665607","PKLE"
"PKLE","694","Sr88","9.67118974","PKLE"
"PKLE","695","Sr88","5.947789897","PKLE"
"PKLE","696","Sr88","8.809102451","PKLE"
"PKLE","697","Sr88","7.147133195","PKLE"
"PKLE","698","Sr88","9.198650768","PKLE"
"PKLE","699","Sr88","7.21659453","PKLE"
"PKLE","700","Sr88","*","PKLE"
"PKLE","702","Sr88","6.488502982","PKLE"
"PKLE","703","Sr88","6.761631226","PKLE"
"PKLE","704","Sr88","8.641159482","PKLE"
"PKLE","705","Sr88","9.40160942","PKLE"
"PKLE","706","Sr88","7.379549036","PKLE"
"PKLE","707","Sr88","*","PKLE"
"PKLE","708","Sr88","9.513031505","PKLE"
"PKLE","710","Sr88","11.62379651","PKLE"
"PKLE","711","Sr88","7.809187647","PKLE"
"PKLE","712","Sr88","7.380710967","PKLE"
"PKLE","713","Sr88","7.085070231","PKLE"
"PKLE","714","Sr88","8.84277389","PKLE"
"PKLE","715","Sr88","9.587045011","PKLE"
"PKLE","716","Sr88","6.839451276","PKLE"
"PKLE","718","Sr88","6.9573026865","PKLE"
"PKLE","719","Sr88","9.500591703","PKLE"
"PKLE","720","Sr88","4.760164878","PKLE"
"PKLE","721","Sr88","9.827671","PKLE"
"PKLE","722","Sr88","8.75881427","PKLE"
"PKLE","723","Sr88","4.061816823","PKLE"
"PKLE","724","Sr88","11.74948174","PKLE"
"PKLE","725","Sr88","7.581432276","PKLE"
"PKLE","726","Sr88","7.919081042","PKLE"
"PKLE","729","Sr88","6.72966931","PKLE"
"PKLE","730","Sr88","9.431623287","PKLE"
"PKLE","731","Sr88","7.164551177","PKLE"
"PKLE","732","Sr88","13.45976042","PKLE"
"PKLE","733","Sr88","9.074610366","PKLE"
"PKLE","734","Sr88","9.303559284","PKLE"
"PKLE","735","Sr88","6.391828087","PKLE"
"PKLE","736","Sr88","7.181799799","PKLE"
"PKLE","737","Sr88","10.32435054","PKLE"
"PKLE","738","Sr88","12.97067292","PKLE"
"PKLE","739","Sr88","8.64416874","PKLE"
"PKLE","740","Sr88","6.215786624","PKLE"
"PKLE","742","Sr88","7.862311087","PKLE"
"PKLE","743","Sr88","*","PKLE"
"PKLE","744","Sr88","*","PKLE"
"PKLE","745","Sr88","7.237266474","PKLE"
"PKLE","746","Sr88","9.02169486","PKLE"
"PKLE","748","Sr88","10.18885802","PKLE"
"PKLE","749","Sr88","7.770703706","PKLE"
"PKLE","750","Sr88","8.190711169","PKLE"
"PKLE","751","Sr88","7.613971173","PKLE"
"PKLE","752","Sr88","9.840486534","PKLE"
"PKLE","753","Sr88","8.68191184","PKLE"
"PKLE","755","Sr88","5.216620651","PKLE"
"PKLE","756","Sr88","5.953207678","PKLE"
"PKLE","757","Sr88","7.123974359","PKLE"
"PKLE","758","Sr88","9.869060792","PKLE"
"PKLE","759","Sr88","6.897645785","PKLE"
"PKLE","760","Sr88","*","PKLE"
"PKLE","761","Sr88","9.261190801","PKLE"
"PKLE","762","Sr88","9.781353974","PKLE"
"PKLE","763","Sr88","*","PKLE"
"PKLE","764","Sr88","7.099399449","PKLE"
"PKLE","765","Sr88","9.54869154","PKLE"
"PKLE","766","Sr88","10.36685631","PKLE"
"PKLE","767","Sr88","9.097028762","PKLE"
"PKLE","768","Sr88","6.4337899","PKLE"
"PKLE","769","Sr88","8.869909792","PKLE"
"PKLE","770","Sr88","11.03255669","PKLE"
"PKLE","771","Sr88","7.726638133","PKLE"
"PKLE","772","Sr88","7.478507699","PKLE"
"PKLE","773","Sr88","11.5595217","PKLE"
"PKLE","774","Sr88","7.563990579","PKLE"
"PKLE","775","Sr88","10.81181332","PKLE"
"PKLE","776","Sr88","8.066981649","PKLE"
"PKLE","777","Sr88","8.746362849","PKLE"
"PKLE","778","Sr88","7.470756919","PKLE"
"PKLE","779","Sr88","8.225517591","PKLE"
"PKLE","780","Sr88","5.985328239","PKLE"
"PKLE","781","Sr88","7.14237247","PKLE"
"PKLE","782","Sr88","11.78372324","PKLE"
"PKLE","783","Sr88","6.092197167","PKLE"
"PKLE","784","Sr88","9.237917813","PKLE"
"PKLE","785","Sr88","6.087632993","PKLE"
"PKLE","786","Sr88","7.846424198","PKLE"
"PKLE","787","Sr88","*","PKLE"
"PKLE","788","Sr88","8.994544335","PKLE"
"PKLE","789","Sr88","6.18324944","PKLE"
"PKLE","790","Sr88","6.295713745","PKLE"
"PKLE","792","Sr88","8.494037948","PKLE"
"PKLE","794","Sr88","11.6573693","PKLE"
"PKLE","795","Sr88","6.498464687","PKLE"
"PKLE","796","Sr88","9.462791963","PKLE"
"PKLE","797","Sr88","6.835711696","PKLE"
"PKLE","799","Sr88","11.0067041","PKLE"
"PKLE","800","Sr88","7.250341291","PKLE"
"PKLE","801","Sr88","8.90228875","PKLE"
"PKLE","802","Sr88","8.402694157","PKLE"
"PKLE","803","Sr88","9.257625472","PKLE"
"PKLE","804","Sr88","8.880155601","PKLE"
"PKLE","805","Sr88","11.30198172","PKLE"
"PKLE","806","Sr88","7.423745535","PKLE"
"PKLE","808","Sr88","8.271697964","PKLE"
"PKLE","809","Sr88","7.402237391","PKLE"
"PKLE","810","Sr88","10.42922545","PKLE"
"PKLE","811","Sr88","7.469017976","PKLE"
"PKLE","812","Sr88","*","PKLE"
"PKLE","813","Sr88","6.8928952","PKLE"
"PKLE","814","Sr88","8.884981982","PKLE"
"PKLE","815","Sr88","11.07477402","PKLE"
"PKLE","816","Sr88","6.94592158","PKLE"
"PKLE","817","Sr88","*","PKLE"
"PKLE","818","Sr88","8.030248575","PKLE"
"PKLE","819","Sr88","*","PKLE"
"PKLE","820","Sr88","*","PKLE"
"PKLE","821","Sr88","7.364555343","PKLE"
"PKLE","822","Sr88","7.266592452","PKLE"
"PKLE","823","Sr88","*","PKLE"
"PKLE","824","Sr88","7.670664207","PKLE"
"PKLE","825","Sr88","8.899076905","PKLE"
