"SITE","LINE","traits","Ca44","SITE2"
"CLMB","1","Ca44","1705.758829","CLMB"
"CLMB","2","Ca44","1104.896979","CLMB"
"CLMB","3","Ca44","973.2772848","CLMB"
"CLMB","4","Ca44","1809.264933","CLMB"
"CLMB","5","Ca44","1691.455669","CLMB"
"CLMB","7","Ca44","1474.721801","CLMB"
"CLMB","8","Ca44","*","CLMB"
"CLMB","9","Ca44","1170.170461","CLMB"
"CLMB","10","Ca44","*","CLMB"
"CLMB","11","Ca44","952.0059258","CLMB"
"CLMB","12","Ca44","1689.626732","CLMB"
"CLMB","13","Ca44","1236.067119","CLMB"
"CLMB","14","Ca44","*","CLMB"
"CLMB","15","Ca44","1107.656871","CLMB"
"CLMB","16","Ca44","*","CLMB"
"CLMB","17","Ca44","753.3917186","CLMB"
"CLMB","18","Ca44","*","CLMB"
"CLMB","19","Ca44","1485.390296","CLMB"
"CLMB","20","Ca44","1466.606887","CLMB"
"CLMB","21","Ca44","960.0462256","CLMB"
"CLMB","22","Ca44","*","CLMB"
"CLMB","23","Ca44","1676.740958","CLMB"
"CLMB","24","Ca44","1068.421653","CLMB"
"CLMB","25","Ca44","1570.559453","CLMB"
"CLMB","26","Ca44","1826.140329","CLMB"
"CLMB","27","Ca44","1977.838537","CLMB"
"CLMB","28","Ca44","1037.27038","CLMB"
"CLMB","29","Ca44","*","CLMB"
"CLMB","30","Ca44","1363.480951","CLMB"
"CLMB","31","Ca44","*","CLMB"
"CLMB","32","Ca44","1898.1868","CLMB"
"CLMB","33","Ca44","1387.654593","CLMB"
"CLMB","34","Ca44","1396.055952","CLMB"
"CLMB","35","Ca44","1246.104339","CLMB"
"CLMB","36","Ca44","1319.906186","CLMB"
"CLMB","37","Ca44","1597.281982","CLMB"
"CLMB","38","Ca44","1762.685554","CLMB"
"CLMB","39","Ca44","1431.629796","CLMB"
"CLMB","40","Ca44","1720.979403","CLMB"
"CLMB","41","Ca44","1733.332502","CLMB"
"CLMB","42","Ca44","*","CLMB"
"CLMB","43","Ca44","1231.877566","CLMB"
"CLMB","44","Ca44","1122.283916","CLMB"
"CLMB","46","Ca44","1214.450793","CLMB"
"CLMB","48","Ca44","1339.467274","CLMB"
"CLMB","49","Ca44","1265.869025","CLMB"
"CLMB","50","Ca44","1494.654848","CLMB"
"CLMB","52","Ca44","1420.107286","CLMB"
"CLMB","53","Ca44","1414.694666","CLMB"
"CLMB","54","Ca44","1304.264657","CLMB"
"CLMB","55","Ca44","1495.487838","CLMB"
"CLMB","56","Ca44","*","CLMB"
"CLMB","57","Ca44","1687.401578","CLMB"
"CLMB","58","Ca44","*","CLMB"
"CLMB","59","Ca44","1104.242333","CLMB"
"CLMB","60","Ca44","1062.211445","CLMB"
"CLMB","61","Ca44","1494.688388","CLMB"
"CLMB","62","Ca44","2230.734619","CLMB"
"CLMB","63","Ca44","1252.138369","CLMB"
"CLMB","64","Ca44","*","CLMB"
"CLMB","65","Ca44","1544.804614","CLMB"
"CLMB","66","Ca44","1159.15905","CLMB"
"CLMB","67","Ca44","654.1546481","CLMB"
"CLMB","68","Ca44","1153.031877","CLMB"
"CLMB","69","Ca44","1561.926333","CLMB"
"CLMB","70","Ca44","*","CLMB"
"CLMB","71","Ca44","2124.404768","CLMB"
"CLMB","72","Ca44","1468.893403","CLMB"
"CLMB","73","Ca44","1667.875282","CLMB"
"CLMB","74","Ca44","1423.098662","CLMB"
"CLMB","75","Ca44","1964.238528","CLMB"
"CLMB","76","Ca44","1627.613307","CLMB"
"CLMB","77","Ca44","*","CLMB"
"CLMB","78","Ca44","1357.17139","CLMB"
"CLMB","79","Ca44","1376.679048","CLMB"
"CLMB","80","Ca44","764.1277799","CLMB"
"CLMB","81","Ca44","*","CLMB"
"CLMB","83","Ca44","1325.474946","CLMB"
"CLMB","84","Ca44","*","CLMB"
"CLMB","85","Ca44","1072.458881","CLMB"
"CLMB","86","Ca44","1938.162357","CLMB"
"CLMB","87","Ca44","848.8391626","CLMB"
"CLMB","88","Ca44","1042.274247","CLMB"
"CLMB","89","Ca44","1893.746349","CLMB"
"CLMB","90","Ca44","1839.525756","CLMB"
"CLMB","91","Ca44","1345.058487","CLMB"
"CLMB","93","Ca44","1033.310979","CLMB"
"CLMB","94","Ca44","1335.305181","CLMB"
"CLMB","95","Ca44","*","CLMB"
"CLMB","96","Ca44","*","CLMB"
"CLMB","97","Ca44","1519.537048","CLMB"
"CLMB","99","Ca44","1580.631188","CLMB"
"CLMB","100","Ca44","816.9816109","CLMB"
"CLMB","101","Ca44","*","CLMB"
"CLMB","102","Ca44","1359.825115","CLMB"
"CLMB","103","Ca44","1498.440327","CLMB"
"CLMB","104","Ca44","1217.282507","CLMB"
"CLMB","105","Ca44","1118.104286","CLMB"
"CLMB","106","Ca44","1424.999814","CLMB"
"CLMB","107","Ca44","2695.63011","CLMB"
"CLMB","110","Ca44","1379.876151","CLMB"
"CLMB","111","Ca44","1628.876411","CLMB"
"CLMB","112","Ca44","1259.924574","CLMB"
"CLMB","113","Ca44","*","CLMB"
"CLMB","114","Ca44","1636.071685","CLMB"
"CLMB","115","Ca44","*","CLMB"
"CLMB","116","Ca44","1409.291689","CLMB"
"CLMB","117","Ca44","1564.254091","CLMB"
"CLMB","118","Ca44","1971.828874","CLMB"
"CLMB","119","Ca44","1069.840958","CLMB"
"CLMB","120","Ca44","978.8729463","CLMB"
"CLMB","122","Ca44","1107.634957","CLMB"
"CLMB","123","Ca44","1482.854245","CLMB"
"CLMB","125","Ca44","1330.677829","CLMB"
"CLMB","126","Ca44","*","CLMB"
"CLMB","127","Ca44","*","CLMB"
"CLMB","128","Ca44","1756.838488","CLMB"
"CLMB","130","Ca44","1526.151865","CLMB"
"CLMB","131","Ca44","1653.345725","CLMB"
"CLMB","132","Ca44","2226.435359","CLMB"
"CLMB","134","Ca44","1169.924251","CLMB"
"CLMB","135","Ca44","1547.890923","CLMB"
"CLMB","136","Ca44","*","CLMB"
"CLMB","137","Ca44","1484.473608","CLMB"
"CLMB","138","Ca44","*","CLMB"
"CLMB","139","Ca44","*","CLMB"
"CLMB","141","Ca44","1094.231549","CLMB"
"CLMB","142","Ca44","1318.185842","CLMB"
"CLMB","143","Ca44","1163.484308","CLMB"
"CLMB","144","Ca44","*","CLMB"
"CLMB","145","Ca44","1547.10415","CLMB"
"CLMB","146","Ca44","*","CLMB"
"CLMB","147","Ca44","1311.300551","CLMB"
"CLMB","148","Ca44","*","CLMB"
"CLMB","150","Ca44","1647.863569","CLMB"
"CLMB","151","Ca44","1581.521713","CLMB"
"CLMB","152","Ca44","*","CLMB"
"CLMB","153","Ca44","1224.763942","CLMB"
"CLMB","154","Ca44","1878.696797","CLMB"
"CLMB","155","Ca44","1452.635115","CLMB"
"CLMB","156","Ca44","1942.06352","CLMB"
"CLMB","157","Ca44","1360.091516","CLMB"
"CLMB","158","Ca44","933.7074274","CLMB"
"CLMB","159","Ca44","1749.63229","CLMB"
"CLMB","161","Ca44","1263.004332","CLMB"
"CLMB","163","Ca44","1548.4488","CLMB"
"CLMB","164","Ca44","1566.316114","CLMB"
"CLMB","166","Ca44","1918.820054","CLMB"
"CLMB","167","Ca44","1937.419376","CLMB"
"CLMB","168","Ca44","1434.86795","CLMB"
"CLMB","169","Ca44","*","CLMB"
"CLMB","170","Ca44","1716.504222","CLMB"
"CLMB","171","Ca44","1455.865584","CLMB"
"CLMB","172","Ca44","982.5819762","CLMB"
"CLMB","173","Ca44","1463.151552","CLMB"
"CLMB","174","Ca44","1472.717721","CLMB"
"CLMB","175","Ca44","1423.143503","CLMB"
"CLMB","176","Ca44","2462.420299","CLMB"
"CLMB","177","Ca44","1375.557803","CLMB"
"CLMB","178","Ca44","1099.985039","CLMB"
"CLMB","179","Ca44","1372.038572","CLMB"
"CLMB","180","Ca44","1601.812642","CLMB"
"CLMB","181","Ca44","964.7471868","CLMB"
"CLMB","182","Ca44","1840.721741","CLMB"
"CLMB","184","Ca44","1494.723934","CLMB"
"CLMB","185","Ca44","2379.49986","CLMB"
"CLMB","186","Ca44","1774.236832","CLMB"
"CLMB","187","Ca44","1426.657151","CLMB"
"CLMB","188","Ca44","1761.435397","CLMB"
"CLMB","189","Ca44","*","CLMB"
"CLMB","190","Ca44","*","CLMB"
"CLMB","191","Ca44","1422.65073","CLMB"
"CLMB","192","Ca44","1526.276047","CLMB"
"CLMB","193","Ca44","1629.514876","CLMB"
"CLMB","194","Ca44","1061.938342","CLMB"
"CLMB","195","Ca44","852.9300466","CLMB"
"CLMB","196","Ca44","1280.537101","CLMB"
"CLMB","197","Ca44","1469.350002","CLMB"
"CLMB","198","Ca44","1483.401927","CLMB"
"CLMB","199","Ca44","1406.468295","CLMB"
"CLMB","200","Ca44","2408.541116","CLMB"
"CLMB","201","Ca44","*","CLMB"
"CLMB","203","Ca44","1883.85978","CLMB"
"CLMB","204","Ca44","919.9987058","CLMB"
"CLMB","205","Ca44","*","CLMB"
"CLMB","207","Ca44","1803.238531","CLMB"
"CLMB","208","Ca44","*","CLMB"
"CLMB","209","Ca44","1840.231249","CLMB"
"CLMB","210","Ca44","1154.659514","CLMB"
"CLMB","211","Ca44","1008.98851","CLMB"
"CLMB","212","Ca44","1475.903839","CLMB"
"CLMB","213","Ca44","1415.226487","CLMB"
"CLMB","214","Ca44","*","CLMB"
"CLMB","215","Ca44","1225.690098","CLMB"
"CLMB","216","Ca44","1776.985822","CLMB"
"CLMB","217","Ca44","*","CLMB"
"CLMB","218","Ca44","1568.581785","CLMB"
"CLMB","219","Ca44","1353.303964","CLMB"
"CLMB","220","Ca44","*","CLMB"
"CLMB","221","Ca44","1478.803723","CLMB"
"CLMB","222","Ca44","1095.738173","CLMB"
"CLMB","223","Ca44","1283.155664","CLMB"
"CLMB","224","Ca44","1573.181477","CLMB"
"CLMB","225","Ca44","1804.664167","CLMB"
"CLMB","226","Ca44","1769.24434","CLMB"
"CLMB","227","Ca44","1877.452329","CLMB"
"CLMB","228","Ca44","1917.006283","CLMB"
"CLMB","229","Ca44","1156.926172","CLMB"
"CLMB","230","Ca44","*","CLMB"
"CLMB","231","Ca44","1543.438335","CLMB"
"CLMB","232","Ca44","1081.650587","CLMB"
"CLMB","233","Ca44","1274.073476","CLMB"
"CLMB","234","Ca44","1261.323995","CLMB"
"CLMB","235","Ca44","1440.4636565","CLMB"
"CLMB","236","Ca44","1030.626818","CLMB"
"CLMB","237","Ca44","1370.093667","CLMB"
"CLMB","238","Ca44","1292.401874","CLMB"
"CLMB","239","Ca44","2062.743318","CLMB"
"CLMB","240","Ca44","1411.758476","CLMB"
"CLMB","241","Ca44","1341.39682","CLMB"
"CLMB","242","Ca44","1228.351458","CLMB"
"CLMB","243","Ca44","1536.612329","CLMB"
"CLMB","244","Ca44","975.5569125","CLMB"
"CLMB","245","Ca44","1391.745806","CLMB"
"CLMB","246","Ca44","1183.660876","CLMB"
"CLMB","247","Ca44","1869.420113","CLMB"
"CLMB","248","Ca44","1377.561428","CLMB"
"CLMB","249","Ca44","2071.872634","CLMB"
"CLMB","250","Ca44","1311.799002","CLMB"
"CLMB","251","Ca44","978.3868631","CLMB"
"CLMB","252","Ca44","1276.628083","CLMB"
"CLMB","253","Ca44","1098.759172","CLMB"
"CLMB","254","Ca44","1887.205334","CLMB"
"CLMB","255","Ca44","1912.570448","CLMB"
"CLMB","256","Ca44","1689.812549","CLMB"
"CLMB","257","Ca44","1978.574253","CLMB"
"CLMB","258","Ca44","1422.997178","CLMB"
"CLMB","259","Ca44","*","CLMB"
"CLMB","260","Ca44","1402.183044","CLMB"
"CLMB","261","Ca44","1676.448969","CLMB"
"CLMB","262","Ca44","1389.08909","CLMB"
"CLMB","263","Ca44","1160.888904","CLMB"
"CLMB","264","Ca44","1139.389297","CLMB"
"CLMB","265","Ca44","1658.749342","CLMB"
"CLMB","267","Ca44","1041.242777","CLMB"
"CLMB","268","Ca44","*","CLMB"
"CLMB","269","Ca44","1799.088904","CLMB"
"CLMB","270","Ca44","1787.517087","CLMB"
"CLMB","271","Ca44","1367.331772","CLMB"
"CLMB","272","Ca44","2171.597067","CLMB"
"CLMB","273","Ca44","*","CLMB"
"CLMB","274","Ca44","1289.567169","CLMB"
"CLMB","275","Ca44","978.9302479","CLMB"
"CLMB","276","Ca44","*","CLMB"
"CLMB","277","Ca44","1358.223566","CLMB"
"CLMB","278","Ca44","1168.04454","CLMB"
"CLMB","279","Ca44","1317.573506","CLMB"
"CLMB","281","Ca44","*","CLMB"
"CLMB","282","Ca44","1239.0000915","CLMB"
"CLMB","283","Ca44","*","CLMB"
"CLMB","284","Ca44","1108.933798","CLMB"
"CLMB","285","Ca44","1637.5567","CLMB"
"CLMB","286","Ca44","1291.675575","CLMB"
"CLMB","287","Ca44","1065.342626","CLMB"
"CLMB","288","Ca44","1471.029006","CLMB"
"CLMB","289","Ca44","1102.093867","CLMB"
"CLMB","290","Ca44","1527.048568","CLMB"
"CLMB","292","Ca44","1135.546698","CLMB"
"CLMB","293","Ca44","1175.295796","CLMB"
"CLMB","294","Ca44","926.2221915","CLMB"
"CLMB","296","Ca44","1917.618349","CLMB"
"CLMB","297","Ca44","1342.712828","CLMB"
"CLMB","298","Ca44","1438.20215","CLMB"
"CLMB","299","Ca44","1607.880071","CLMB"
"CLMB","300","Ca44","*","CLMB"
"CLMB","301","Ca44","1123.068032","CLMB"
"CLMB","302","Ca44","1486.93991","CLMB"
"CLMB","303","Ca44","911.908095","CLMB"
"CLMB","304","Ca44","1574.506273","CLMB"
"CLMB","305","Ca44","1467.456068","CLMB"
"CLMB","306","Ca44","*","CLMB"
"CLMB","307","Ca44","1317.015303","CLMB"
"CLMB","308","Ca44","1546.813168","CLMB"
"CLMB","310","Ca44","1447.018281","CLMB"
"CLMB","311","Ca44","1354.702108","CLMB"
"CLMB","312","Ca44","1770.993775","CLMB"
"CLMB","313","Ca44","1627.415154","CLMB"
"CLMB","314","Ca44","1886.595764","CLMB"
"CLMB","315","Ca44","1821.816902","CLMB"
"CLMB","317","Ca44","2319.023954","CLMB"
"CLMB","318","Ca44","1160.116727","CLMB"
"CLMB","319","Ca44","1475.075256","CLMB"
"CLMB","320","Ca44","1286.944041","CLMB"
"CLMB","322","Ca44","1371.375955","CLMB"
"CLMB","323","Ca44","1425.936882","CLMB"
"CLMB","324","Ca44","1435.487834","CLMB"
"CLMB","325","Ca44","1188.565563","CLMB"
"CLMB","326","Ca44","1125.957126","CLMB"
"CLMB","328","Ca44","1539.080583","CLMB"
"CLMB","330","Ca44","1257.789179","CLMB"
"CLMB","332","Ca44","1144.028089","CLMB"
"CLMB","333","Ca44","1195.520921","CLMB"
"CLMB","334","Ca44","1565.430665","CLMB"
"CLMB","335","Ca44","*","CLMB"
"CLMB","336","Ca44","1977.839228","CLMB"
"CLMB","337","Ca44","1460.711274","CLMB"
"CLMB","338","Ca44","1126.156812","CLMB"
"CLMB","339","Ca44","1488.809786","CLMB"
"CLMB","340","Ca44","*","CLMB"
"CLMB","341","Ca44","2261.928136","CLMB"
"CLMB","342","Ca44","1565.345184","CLMB"
"CLMB","343","Ca44","1280.124052","CLMB"
"CLMB","345","Ca44","1599.494276","CLMB"
"CLMB","346","Ca44","*","CLMB"
"CLMB","347","Ca44","1231.362935","CLMB"
"CLMB","349","Ca44","*","CLMB"
"CLMB","350","Ca44","1193.391797","CLMB"
"CLMB","352","Ca44","1102.730681","CLMB"
"CLMB","353","Ca44","1065.450309","CLMB"
"CLMB","354","Ca44","1196.266736","CLMB"
"CLMB","355","Ca44","1739.701477","CLMB"
"CLMB","356","Ca44","1317.958358","CLMB"
"CLMB","358","Ca44","1962.925773","CLMB"
"CLMB","359","Ca44","1165.620995","CLMB"
"CLMB","360","Ca44","1282.942505","CLMB"
"CLMB","361","Ca44","1493.609441","CLMB"
"CLMB","363","Ca44","*","CLMB"
"CLMB","364","Ca44","1690.516002","CLMB"
"CLMB","365","Ca44","1956.079858","CLMB"
"CLMB","366","Ca44","1334.856314","CLMB"
"CLMB","367","Ca44","1432.266017","CLMB"
"CLMB","368","Ca44","1381.85402","CLMB"
"CLMB","369","Ca44","*","CLMB"
"CLMB","370","Ca44","1309.204632","CLMB"
"CLMB","371","Ca44","1542.381087","CLMB"
"CLMB","372","Ca44","*","CLMB"
"CLMB","373","Ca44","1156.445011","CLMB"
"CLMB","374","Ca44","989.8582988","CLMB"
"CLMB","375","Ca44","1673.412803","CLMB"
"CLMB","377","Ca44","1519.323487","CLMB"
"CLMB","378","Ca44","1074.987974","CLMB"
"CLMB","379","Ca44","1228.576145","CLMB"
"CLMB","380","Ca44","1289.628906","CLMB"
"CLMB","381","Ca44","1431.580659","CLMB"
"CLMB","382","Ca44","904.2250021","CLMB"
"CLMB","383","Ca44","1572.207893","CLMB"
"CLMB","384","Ca44","*","CLMB"
"CLMB","386","Ca44","1939.502305","CLMB"
"CLMB","388","Ca44","1160.303701","CLMB"
"CLMB","389","Ca44","1497.803621","CLMB"
"CLMB","390","Ca44","2173.73364","CLMB"
"CLMB","391","Ca44","*","CLMB"
"CLMB","392","Ca44","1746.030186","CLMB"
"CLMB","393","Ca44","1001.062609","CLMB"
"CLMB","394","Ca44","*","CLMB"
"CLMB","395","Ca44","916.9861093","CLMB"
"CLMB","396","Ca44","1272.863095","CLMB"
"CLMB","397","Ca44","1026.789042","CLMB"
"CLMB","398","Ca44","1482.156517","CLMB"
"CLMB","399","Ca44","2602.956223","CLMB"
"CLMB","400","Ca44","1121.429754","CLMB"
"CLMB","402","Ca44","1051.20441","CLMB"
"CLMB","403","Ca44","1402.129046","CLMB"
"CLMB","404","Ca44","1385.702667","CLMB"
"CLMB","405","Ca44","1146.47656","CLMB"
"CLMB","406","Ca44","969.798346","CLMB"
"CLMB","407","Ca44","1705.91485","CLMB"
"CLMB","408","Ca44","1518.20967","CLMB"
"CLMB","409","Ca44","1897.977105","CLMB"
"CLMB","410","Ca44","1236.227212","CLMB"
"CLMB","411","Ca44","1339.160529","CLMB"
"CLMB","412","Ca44","832.1909972","CLMB"
"CLMB","413","Ca44","1076.903236","CLMB"
"CLMB","414","Ca44","1156.7135","CLMB"
"CLMB","415","Ca44","1099.925294","CLMB"
"CLMB","416","Ca44","*","CLMB"
"CLMB","417","Ca44","1777.92382","CLMB"
"CLMB","418","Ca44","1601.220639","CLMB"
"CLMB","419","Ca44","1124.64976","CLMB"
"CLMB","420","Ca44","1400.377942","CLMB"
"CLMB","421","Ca44","1682.129068","CLMB"
"CLMB","422","Ca44","1070.639056","CLMB"
"CLMB","423","Ca44","1113.47857","CLMB"
"CLMB","424","Ca44","1429.681461","CLMB"
"CLMB","425","Ca44","1883.525611","CLMB"
"CLMB","426","Ca44","1703.991068","CLMB"
"CLMB","427","Ca44","*","CLMB"
"CLMB","428","Ca44","1437.135764","CLMB"
"CLMB","429","Ca44","1295.624644","CLMB"
"CLMB","431","Ca44","1108.573224","CLMB"
"CLMB","432","Ca44","1839.731345","CLMB"
"CLMB","433","Ca44","1274.279541","CLMB"
"CLMB","435","Ca44","1554.872506","CLMB"
"CLMB","436","Ca44","1507.171736","CLMB"
"CLMB","437","Ca44","1968.863728","CLMB"
"CLMB","438","Ca44","1177.396484","CLMB"
"CLMB","439","Ca44","1144.695526","CLMB"
"CLMB","440","Ca44","*","CLMB"
"CLMB","442","Ca44","2131.374702","CLMB"
"CLMB","443","Ca44","1063.297185","CLMB"
"CLMB","444","Ca44","797.0696132","CLMB"
"CLMB","445","Ca44","1350.551766","CLMB"
"CLMB","446","Ca44","1966.224043","CLMB"
"CLMB","447","Ca44","1626.684823","CLMB"
"CLMB","448","Ca44","815.3515285","CLMB"
"CLMB","449","Ca44","1576.027354","CLMB"
"CLMB","450","Ca44","1212.64464","CLMB"
"CLMB","451","Ca44","1232.80892","CLMB"
"CLMB","452","Ca44","1209.594139","CLMB"
"CLMB","453","Ca44","1432.542065","CLMB"
"CLMB","454","Ca44","1331.1444","CLMB"
"CLMB","455","Ca44","1087.710792","CLMB"
"CLMB","456","Ca44","1324.947355","CLMB"
"CLMB","458","Ca44","1156.910926","CLMB"
"CLMB","459","Ca44","1679.494209","CLMB"
"CLMB","460","Ca44","1388.562635","CLMB"
"CLMB","461","Ca44","1263.912369","CLMB"
"CLMB","462","Ca44","1228.04123","CLMB"
"CLMB","463","Ca44","1469.548218","CLMB"
"CLMB","464","Ca44","945.8406371","CLMB"
"CLMB","465","Ca44","1573.693077","CLMB"
"CLMB","466","Ca44","3404.466868","CLMB"
"CLMB","467","Ca44","*","CLMB"
"CLMB","468","Ca44","1108.54431","CLMB"
"CLMB","469","Ca44","*","CLMB"
"CLMB","470","Ca44","1526.114069","CLMB"
"CLMB","471","Ca44","1465.458375","CLMB"
"CLMB","472","Ca44","1970.244225","CLMB"
"CLMB","473","Ca44","866.9589777","CLMB"
"CLMB","474","Ca44","1347.661184","CLMB"
"CLMB","475","Ca44","1425.447109","CLMB"
"CLMB","476","Ca44","1359.224146","CLMB"
"CLMB","477","Ca44","1271.036072","CLMB"
"CLMB","479","Ca44","1117.601924","CLMB"
"CLMB","480","Ca44","1964.738847","CLMB"
"CLMB","482","Ca44","1162.836077","CLMB"
"CLMB","483","Ca44","992.059434","CLMB"
"CLMB","484","Ca44","1628.530082","CLMB"
"CLMB","485","Ca44","1322.577259","CLMB"
"CLMB","486","Ca44","2337.151187","CLMB"
"CLMB","487","Ca44","1625.038069","CLMB"
"CLMB","488","Ca44","1303.055316","CLMB"
"CLMB","489","Ca44","975.5165604","CLMB"
"CLMB","491","Ca44","1538.460661","CLMB"
"CLMB","492","Ca44","1177.391679","CLMB"
"CLMB","493","Ca44","*","CLMB"
"CLMB","494","Ca44","1230.205623","CLMB"
"CLMB","495","Ca44","*","CLMB"
"CLMB","496","Ca44","1005.729039","CLMB"
"CLMB","497","Ca44","1029.773092","CLMB"
"CLMB","498","Ca44","1696.362364","CLMB"
"CLMB","499","Ca44","1329.289499","CLMB"
"CLMB","500","Ca44","1435.562834","CLMB"
"CLMB","501","Ca44","1718.944631","CLMB"
"CLMB","502","Ca44","1195.841323","CLMB"
"CLMB","503","Ca44","2283.033297","CLMB"
"CLMB","504","Ca44","*","CLMB"
"CLMB","505","Ca44","1451.881045","CLMB"
"CLMB","506","Ca44","1425.8365","CLMB"
"CLMB","507","Ca44","1747.393736","CLMB"
"CLMB","508","Ca44","1909.622842","CLMB"
"CLMB","511","Ca44","1433.681462","CLMB"
"CLMB","512","Ca44","1137.265893","CLMB"
"CLMB","513","Ca44","*","CLMB"
"CLMB","514","Ca44","1555.269992","CLMB"
"CLMB","515","Ca44","1144.397311","CLMB"
"CLMB","516","Ca44","1386.072276","CLMB"
"CLMB","518","Ca44","*","CLMB"
"CLMB","519","Ca44","940.8132776","CLMB"
"CLMB","520","Ca44","*","CLMB"
"CLMB","521","Ca44","1419.68073","CLMB"
"CLMB","522","Ca44","1559.529776","CLMB"
"CLMB","523","Ca44","1304.361761","CLMB"
"CLMB","524","Ca44","1398.666042","CLMB"
"CLMB","525","Ca44","1914.284691","CLMB"
"CLMB","526","Ca44","1810.551763","CLMB"
"CLMB","527","Ca44","1449.93444","CLMB"
"CLMB","529","Ca44","2060.111796","CLMB"
"CLMB","530","Ca44","1359.012988","CLMB"
"CLMB","531","Ca44","1431.658431","CLMB"
"CLMB","532","Ca44","1881.90636","CLMB"
"CLMB","533","Ca44","1563.43263","CLMB"
"CLMB","534","Ca44","1760.406861","CLMB"
"CLMB","535","Ca44","1056.358303","CLMB"
"CLMB","536","Ca44","1303.55106","CLMB"
"CLMB","537","Ca44","1368.766045","CLMB"
"CLMB","539","Ca44","1271.649353","CLMB"
"CLMB","540","Ca44","1555.86561","CLMB"
"CLMB","541","Ca44","1855.850723","CLMB"
"CLMB","542","Ca44","1482.485209","CLMB"
"CLMB","544","Ca44","1132.214978","CLMB"
"CLMB","545","Ca44","1554.935737","CLMB"
"CLMB","546","Ca44","894.1371739","CLMB"
"CLMB","547","Ca44","1067.202661","CLMB"
"CLMB","548","Ca44","1299.931514","CLMB"
"CLMB","549","Ca44","1172.010251","CLMB"
"CLMB","551","Ca44","*","CLMB"
"CLMB","552","Ca44","645.2140461","CLMB"
"CLMB","553","Ca44","1166.616141","CLMB"
"CLMB","555","Ca44","2182.272006","CLMB"
"CLMB","556","Ca44","*","CLMB"
"CLMB","557","Ca44","*","CLMB"
"CLMB","558","Ca44","1362.173065","CLMB"
"CLMB","559","Ca44","1444.393276","CLMB"
"CLMB","560","Ca44","*","CLMB"
"CLMB","562","Ca44","675.4407299","CLMB"
"CLMB","563","Ca44","2073.519792","CLMB"
"CLMB","564","Ca44","1069.621098","CLMB"
"CLMB","565","Ca44","1647.351317","CLMB"
"CLMB","566","Ca44","1398.307996","CLMB"
"CLMB","567","Ca44","1390.721304","CLMB"
"CLMB","569","Ca44","1679.135037","CLMB"
"CLMB","570","Ca44","2032.744629","CLMB"
"CLMB","571","Ca44","1194.960705","CLMB"
"CLMB","572","Ca44","1273.13353","CLMB"
"CLMB","573","Ca44","1173.451306","CLMB"
"CLMB","574","Ca44","1328.833385","CLMB"
"CLMB","576","Ca44","1341.155774","CLMB"
"CLMB","577","Ca44","*","CLMB"
"CLMB","578","Ca44","1104.931447","CLMB"
"CLMB","579","Ca44","1463.625672","CLMB"
"CLMB","580","Ca44","*","CLMB"
"CLMB","581","Ca44","1328.276737","CLMB"
"CLMB","583","Ca44","1732.680452","CLMB"
"CLMB","584","Ca44","1002.104721","CLMB"
"CLMB","585","Ca44","1239.168506","CLMB"
"CLMB","586","Ca44","1979.034489","CLMB"
"CLMB","588","Ca44","1636.137954","CLMB"
"CLMB","589","Ca44","1248.902432","CLMB"
"CLMB","592","Ca44","1419.163385","CLMB"
"CLMB","593","Ca44","1046.98152","CLMB"
"CLMB","594","Ca44","1634.269849","CLMB"
"CLMB","595","Ca44","1275.40147","CLMB"
"CLMB","596","Ca44","1351.361128","CLMB"
"CLMB","597","Ca44","*","CLMB"
"CLMB","598","Ca44","*","CLMB"
"CLMB","599","Ca44","1520.570498","CLMB"
"CLMB","600","Ca44","1297.417273","CLMB"
"CLMB","601","Ca44","*","CLMB"
"CLMB","602","Ca44","1743.525181","CLMB"
"CLMB","603","Ca44","*","CLMB"
"CLMB","604","Ca44","1806.497828","CLMB"
"CLMB","605","Ca44","1258.433187","CLMB"
"CLMB","606","Ca44","1758.931928","CLMB"
"CLMB","608","Ca44","1748.759201","CLMB"
"CLMB","609","Ca44","1668.153138","CLMB"
"CLMB","610","Ca44","2235.788459","CLMB"
"CLMB","611","Ca44","1514.415537","CLMB"
"CLMB","612","Ca44","1101.730193","CLMB"
"CLMB","613","Ca44","1262.949271","CLMB"
"CLMB","614","Ca44","1018.921327","CLMB"
"CLMB","618","Ca44","1741.233215","CLMB"
"CLMB","619","Ca44","1674.175754","CLMB"
"CLMB","620","Ca44","2262.055085","CLMB"
"CLMB","621","Ca44","1751.935975","CLMB"
"CLMB","622","Ca44","1071.787078","CLMB"
"CLMB","623","Ca44","1446.669928","CLMB"
"CLMB","624","Ca44","1233.878176","CLMB"
"CLMB","625","Ca44","1438.525295","CLMB"
"CLMB","627","Ca44","1610.337161","CLMB"
"CLMB","628","Ca44","*","CLMB"
"CLMB","629","Ca44","1116.732451","CLMB"
"CLMB","630","Ca44","*","CLMB"
"CLMB","632","Ca44","1329.116971","CLMB"
"CLMB","633","Ca44","856.0797446","CLMB"
"CLMB","634","Ca44","1641.453034","CLMB"
"CLMB","635","Ca44","1503.017562","CLMB"
"CLMB","636","Ca44","1351.226493","CLMB"
"CLMB","637","Ca44","1279.79376","CLMB"
"CLMB","638","Ca44","1635.170816","CLMB"
"CLMB","639","Ca44","1386.823721","CLMB"
"CLMB","640","Ca44","1391.742203","CLMB"
"CLMB","641","Ca44","1403.837056","CLMB"
"CLMB","642","Ca44","2131.212323","CLMB"
"CLMB","643","Ca44","1634.19788","CLMB"
"CLMB","644","Ca44","*","CLMB"
"CLMB","645","Ca44","1070.391768","CLMB"
"CLMB","647","Ca44","1417.491159","CLMB"
"CLMB","648","Ca44","*","CLMB"
"CLMB","649","Ca44","1698.654611","CLMB"
"CLMB","652","Ca44","909.7499175","CLMB"
"CLMB","654","Ca44","1376.889577","CLMB"
"CLMB","655","Ca44","1102.58953","CLMB"
"CLMB","656","Ca44","1532.968075","CLMB"
"CLMB","657","Ca44","1579.965035","CLMB"
"CLMB","658","Ca44","1175.111987","CLMB"
"CLMB","660","Ca44","1707.358153","CLMB"
"CLMB","661","Ca44","1248.337028","CLMB"
"CLMB","663","Ca44","1433.053171","CLMB"
"CLMB","664","Ca44","1506.460342","CLMB"
"CLMB","666","Ca44","1893.265196","CLMB"
"CLMB","667","Ca44","1500.088915","CLMB"
"CLMB","668","Ca44","838.3398194","CLMB"
"CLMB","669","Ca44","1578.0623","CLMB"
"CLMB","670","Ca44","*","CLMB"
"CLMB","671","Ca44","1733.295268","CLMB"
"CLMB","672","Ca44","1316.553256","CLMB"
"CLMB","673","Ca44","1197.639074","CLMB"
"CLMB","674","Ca44","1383.592648","CLMB"
"CLMB","675","Ca44","1170.173645","CLMB"
"CLMB","677","Ca44","1280.543266","CLMB"
"CLMB","679","Ca44","*","CLMB"
"CLMB","680","Ca44","1238.253131","CLMB"
"CLMB","681","Ca44","1205.058712","CLMB"
"CLMB","682","Ca44","1067.722949","CLMB"
"CLMB","683","Ca44","2256.686169","CLMB"
"CLMB","684","Ca44","1411.678762","CLMB"
"CLMB","685","Ca44","1204.748934","CLMB"
"CLMB","686","Ca44","1562.657786","CLMB"
"CLMB","689","Ca44","1081.641657","CLMB"
"CLMB","690","Ca44","1115.729508","CLMB"
"CLMB","691","Ca44","1517.517533","CLMB"
"CLMB","692","Ca44","1352.754052","CLMB"
"CLMB","693","Ca44","1982.119538","CLMB"
"CLMB","694","Ca44","1163.280362","CLMB"
"CLMB","695","Ca44","955.1507982","CLMB"
"CLMB","696","Ca44","1283.977027","CLMB"
"CLMB","697","Ca44","1194.117237","CLMB"
"CLMB","698","Ca44","1248.110807","CLMB"
"CLMB","699","Ca44","1998.142567","CLMB"
"CLMB","700","Ca44","1147.845162","CLMB"
"CLMB","702","Ca44","812.9363809","CLMB"
"CLMB","703","Ca44","1792.8031","CLMB"
"CLMB","704","Ca44","1530.151134","CLMB"
"CLMB","705","Ca44","1426.633465","CLMB"
"CLMB","706","Ca44","890.8041097","CLMB"
"CLMB","707","Ca44","1152.877744","CLMB"
"CLMB","708","Ca44","*","CLMB"
"CLMB","710","Ca44","1517.922841","CLMB"
"CLMB","711","Ca44","1676.679969","CLMB"
"CLMB","712","Ca44","1936.243523","CLMB"
"CLMB","713","Ca44","1412.862197","CLMB"
"CLMB","714","Ca44","1434.554029","CLMB"
"CLMB","715","Ca44","1461.255107","CLMB"
"CLMB","716","Ca44","1008.425411","CLMB"
"CLMB","718","Ca44","1276.56821","CLMB"
"CLMB","719","Ca44","1289.647689","CLMB"
"CLMB","720","Ca44","1440.717322","CLMB"
"CLMB","721","Ca44","*","CLMB"
"CLMB","722","Ca44","1283.246897","CLMB"
"CLMB","723","Ca44","*","CLMB"
"CLMB","724","Ca44","1054.581253","CLMB"
"CLMB","725","Ca44","1234.626116","CLMB"
"CLMB","726","Ca44","1200.995746","CLMB"
"CLMB","729","Ca44","877.0173417","CLMB"
"CLMB","730","Ca44","1073.813773","CLMB"
"CLMB","731","Ca44","1659.491355","CLMB"
"CLMB","732","Ca44","*","CLMB"
"CLMB","733","Ca44","1524.374992","CLMB"
"CLMB","734","Ca44","1854.919374","CLMB"
"CLMB","735","Ca44","1535.997013","CLMB"
"CLMB","736","Ca44","1893.566423","CLMB"
"CLMB","737","Ca44","1351.758394","CLMB"
"CLMB","738","Ca44","1597.057629","CLMB"
"CLMB","739","Ca44","1496.163224","CLMB"
"CLMB","740","Ca44","1107.143063","CLMB"
"CLMB","742","Ca44","1542.392801","CLMB"
"CLMB","743","Ca44","1188.451371","CLMB"
"CLMB","744","Ca44","1300.183866","CLMB"
"CLMB","745","Ca44","2163.772357","CLMB"
"CLMB","746","Ca44","1632.151142","CLMB"
"CLMB","748","Ca44","1764.905655","CLMB"
"CLMB","749","Ca44","1552.348052","CLMB"
"CLMB","750","Ca44","1695.52604","CLMB"
"CLMB","751","Ca44","1513.477571","CLMB"
"CLMB","752","Ca44","1813.883793","CLMB"
"CLMB","753","Ca44","1570.93222","CLMB"
"CLMB","755","Ca44","1858.853862","CLMB"
"CLMB","756","Ca44","1199.608404","CLMB"
"CLMB","757","Ca44","1628.881148","CLMB"
"CLMB","758","Ca44","1130.152153","CLMB"
"CLMB","759","Ca44","948.1002234","CLMB"
"CLMB","760","Ca44","2841.332066","CLMB"
"CLMB","761","Ca44","1492.379461","CLMB"
"CLMB","762","Ca44","1132.474625","CLMB"
"CLMB","763","Ca44","1333.018323","CLMB"
"CLMB","764","Ca44","1222.080698","CLMB"
"CLMB","765","Ca44","1524.608293","CLMB"
"CLMB","766","Ca44","1625.658103","CLMB"
"CLMB","767","Ca44","1562.632816","CLMB"
"CLMB","768","Ca44","1450.600294","CLMB"
"CLMB","769","Ca44","*","CLMB"
"CLMB","770","Ca44","1594.658787","CLMB"
"CLMB","771","Ca44","1143.763222","CLMB"
"CLMB","772","Ca44","1141.332457","CLMB"
"CLMB","773","Ca44","1259.61668","CLMB"
"CLMB","774","Ca44","1128.135401","CLMB"
"CLMB","775","Ca44","1858.539233","CLMB"
"CLMB","776","Ca44","1267.730137","CLMB"
"CLMB","777","Ca44","1843.949594","CLMB"
"CLMB","778","Ca44","1080.399073","CLMB"
"CLMB","779","Ca44","1312.478961","CLMB"
"CLMB","780","Ca44","1399.002373","CLMB"
"CLMB","781","Ca44","1177.72145","CLMB"
"CLMB","782","Ca44","1096.031828","CLMB"
"CLMB","783","Ca44","1397.098899","CLMB"
"CLMB","784","Ca44","1302.605941","CLMB"
"CLMB","785","Ca44","1067.174165","CLMB"
"CLMB","786","Ca44","1544.542911","CLMB"
"CLMB","787","Ca44","820.9963325","CLMB"
"CLMB","788","Ca44","1548.08465","CLMB"
"CLMB","789","Ca44","1027.328685","CLMB"
"CLMB","790","Ca44","1119.564973","CLMB"
"CLMB","792","Ca44","1209.006073","CLMB"
"CLMB","794","Ca44","1457.151374","CLMB"
"CLMB","795","Ca44","1061.263512","CLMB"
"CLMB","796","Ca44","1210.817502","CLMB"
"CLMB","797","Ca44","986.8265086","CLMB"
"CLMB","799","Ca44","1387.010743","CLMB"
"CLMB","800","Ca44","1494.103897","CLMB"
"CLMB","801","Ca44","1550.690638","CLMB"
"CLMB","802","Ca44","1538.325583","CLMB"
"CLMB","803","Ca44","1540.244245","CLMB"
"CLMB","804","Ca44","1770.807353","CLMB"
"CLMB","805","Ca44","1248.671967","CLMB"
"CLMB","806","Ca44","1474.334718","CLMB"
"CLMB","808","Ca44","1563.335881","CLMB"
"CLMB","809","Ca44","1274.119823","CLMB"
"CLMB","810","Ca44","1900.383505","CLMB"
"CLMB","811","Ca44","1444.348085","CLMB"
"CLMB","812","Ca44","2128.080161","CLMB"
"CLMB","813","Ca44","*","CLMB"
"CLMB","814","Ca44","1884.847201","CLMB"
"CLMB","815","Ca44","1669.382957","CLMB"
"CLMB","816","Ca44","1330.757081","CLMB"
"CLMB","817","Ca44","942.461026","CLMB"
"CLMB","818","Ca44","1600.962234","CLMB"
"CLMB","819","Ca44","1402.876206","CLMB"
"CLMB","820","Ca44","1379.593932","CLMB"
"CLMB","821","Ca44","1219.332001","CLMB"
"CLMB","822","Ca44","1380.644835","CLMB"
"CLMB","823","Ca44","1343.984323","CLMB"
"CLMB","824","Ca44","1227.460619","CLMB"
"CLMB","825","Ca44","1484.161411","CLMB"
"KBSM","1","Ca44","2207.849321","KBSM"
"KBSM","2","Ca44","2068.168265","KBSM"
"KBSM","3","Ca44","999.0801854","KBSM"
"KBSM","4","Ca44","2067.286604","KBSM"
"KBSM","5","Ca44","999.8367212","KBSM"
"KBSM","7","Ca44","1041.309406","KBSM"
"KBSM","8","Ca44","1261.054649","KBSM"
"KBSM","9","Ca44","1606.898578","KBSM"
"KBSM","10","Ca44","1425.43643","KBSM"
"KBSM","11","Ca44","1099.472899","KBSM"
"KBSM","12","Ca44","1477.283131","KBSM"
"KBSM","13","Ca44","*","KBSM"
"KBSM","14","Ca44","1357.925067","KBSM"
"KBSM","15","Ca44","1170.927818","KBSM"
"KBSM","16","Ca44","*","KBSM"
"KBSM","17","Ca44","995.8038596","KBSM"
"KBSM","18","Ca44","3283.360183","KBSM"
"KBSM","19","Ca44","1903.892507","KBSM"
"KBSM","20","Ca44","1460.399464","KBSM"
"KBSM","21","Ca44","*","KBSM"
"KBSM","22","Ca44","1444.414426","KBSM"
"KBSM","23","Ca44","1191.629128","KBSM"
"KBSM","24","Ca44","*","KBSM"
"KBSM","25","Ca44","1351.646965","KBSM"
"KBSM","26","Ca44","1709.467649","KBSM"
"KBSM","27","Ca44","*","KBSM"
"KBSM","28","Ca44","1058.05919","KBSM"
"KBSM","29","Ca44","1170.816193","KBSM"
"KBSM","30","Ca44","879.8521417","KBSM"
"KBSM","31","Ca44","1007.932192","KBSM"
"KBSM","32","Ca44","2081.882034","KBSM"
"KBSM","33","Ca44","1473.235937","KBSM"
"KBSM","34","Ca44","1010.251705","KBSM"
"KBSM","35","Ca44","1107.339598","KBSM"
"KBSM","36","Ca44","918.385715","KBSM"
"KBSM","37","Ca44","2006.423641","KBSM"
"KBSM","38","Ca44","2378.038579","KBSM"
"KBSM","39","Ca44","1165.339359","KBSM"
"KBSM","40","Ca44","835.5708341","KBSM"
"KBSM","41","Ca44","1914.464969","KBSM"
"KBSM","42","Ca44","1220.190689","KBSM"
"KBSM","43","Ca44","1752.411773","KBSM"
"KBSM","44","Ca44","1262.820545","KBSM"
"KBSM","46","Ca44","1290.11119","KBSM"
"KBSM","48","Ca44","1309.125918","KBSM"
"KBSM","49","Ca44","*","KBSM"
"KBSM","50","Ca44","*","KBSM"
"KBSM","52","Ca44","1176.935378","KBSM"
"KBSM","53","Ca44","1617.113442","KBSM"
"KBSM","54","Ca44","1210.927212","KBSM"
"KBSM","55","Ca44","1315.976011","KBSM"
"KBSM","56","Ca44","1369.36065","KBSM"
"KBSM","57","Ca44","1492.531657","KBSM"
"KBSM","58","Ca44","*","KBSM"
"KBSM","59","Ca44","*","KBSM"
"KBSM","60","Ca44","*","KBSM"
"KBSM","61","Ca44","1267.324195","KBSM"
"KBSM","62","Ca44","1995.817174","KBSM"
"KBSM","63","Ca44","*","KBSM"
"KBSM","64","Ca44","1094.922185","KBSM"
"KBSM","65","Ca44","2239.899257","KBSM"
"KBSM","66","Ca44","1093.620653","KBSM"
"KBSM","67","Ca44","911.1066219","KBSM"
"KBSM","68","Ca44","885.9458227","KBSM"
"KBSM","69","Ca44","801.6430641","KBSM"
"KBSM","70","Ca44","1447.130483","KBSM"
"KBSM","71","Ca44","*","KBSM"
"KBSM","72","Ca44","1360.641172","KBSM"
"KBSM","73","Ca44","919.03038205","KBSM"
"KBSM","74","Ca44","1586.987216","KBSM"
"KBSM","75","Ca44","*","KBSM"
"KBSM","76","Ca44","*","KBSM"
"KBSM","77","Ca44","*","KBSM"
"KBSM","78","Ca44","1158.583887","KBSM"
"KBSM","79","Ca44","1252.855881","KBSM"
"KBSM","80","Ca44","882.7963433","KBSM"
"KBSM","81","Ca44","2027.416229","KBSM"
"KBSM","83","Ca44","1265.771881","KBSM"
"KBSM","84","Ca44","*","KBSM"
"KBSM","85","Ca44","1468.11894","KBSM"
"KBSM","86","Ca44","2212.460659","KBSM"
"KBSM","87","Ca44","881.7175347","KBSM"
"KBSM","88","Ca44","992.1732148","KBSM"
"KBSM","89","Ca44","1655.806108","KBSM"
"KBSM","90","Ca44","2551.613681","KBSM"
"KBSM","91","Ca44","1138.185087","KBSM"
"KBSM","93","Ca44","1350.343403","KBSM"
"KBSM","94","Ca44","1687.080609","KBSM"
"KBSM","95","Ca44","1112.34302","KBSM"
"KBSM","96","Ca44","2080.309275","KBSM"
"KBSM","97","Ca44","1150.521185","KBSM"
"KBSM","99","Ca44","1561.213412","KBSM"
"KBSM","100","Ca44","902.962717","KBSM"
"KBSM","101","Ca44","998.396422","KBSM"
"KBSM","102","Ca44","*","KBSM"
"KBSM","103","Ca44","1422.060137","KBSM"
"KBSM","104","Ca44","2188.627295","KBSM"
"KBSM","105","Ca44","934.9307398","KBSM"
"KBSM","106","Ca44","1689.195193","KBSM"
"KBSM","107","Ca44","1674.645017","KBSM"
"KBSM","110","Ca44","1647.627323","KBSM"
"KBSM","111","Ca44","1654.58789","KBSM"
"KBSM","112","Ca44","1306.879844","KBSM"
"KBSM","113","Ca44","*","KBSM"
"KBSM","114","Ca44","1613.82764","KBSM"
"KBSM","115","Ca44","888.4563505","KBSM"
"KBSM","116","Ca44","1334.914355","KBSM"
"KBSM","117","Ca44","2366.619727","KBSM"
"KBSM","118","Ca44","1147.161563","KBSM"
"KBSM","119","Ca44","1262.115107","KBSM"
"KBSM","120","Ca44","*","KBSM"
"KBSM","122","Ca44","1177.065194","KBSM"
"KBSM","123","Ca44","1571.319458","KBSM"
"KBSM","125","Ca44","1419.83924","KBSM"
"KBSM","126","Ca44","1212.848238","KBSM"
"KBSM","127","Ca44","1217.465616","KBSM"
"KBSM","128","Ca44","1247.672234","KBSM"
"KBSM","130","Ca44","1570.57801","KBSM"
"KBSM","131","Ca44","1103.832717","KBSM"
"KBSM","132","Ca44","1653.887235","KBSM"
"KBSM","134","Ca44","1170.826111","KBSM"
"KBSM","135","Ca44","1311.927543","KBSM"
"KBSM","136","Ca44","2150.948556","KBSM"
"KBSM","137","Ca44","2940.101977","KBSM"
"KBSM","138","Ca44","*","KBSM"
"KBSM","139","Ca44","951.5465222","KBSM"
"KBSM","141","Ca44","*","KBSM"
"KBSM","142","Ca44","1123.072243","KBSM"
"KBSM","143","Ca44","680.870542","KBSM"
"KBSM","144","Ca44","1018.225785","KBSM"
"KBSM","145","Ca44","1042.829877","KBSM"
"KBSM","146","Ca44","*","KBSM"
"KBSM","147","Ca44","1264.017566","KBSM"
"KBSM","148","Ca44","1426.221538","KBSM"
"KBSM","150","Ca44","1735.832837","KBSM"
"KBSM","151","Ca44","1421.403189","KBSM"
"KBSM","152","Ca44","1001.5646","KBSM"
"KBSM","153","Ca44","1380.552329","KBSM"
"KBSM","154","Ca44","2176.327943","KBSM"
"KBSM","155","Ca44","949.1487513","KBSM"
"KBSM","156","Ca44","1746.332997","KBSM"
"KBSM","157","Ca44","1047.945098","KBSM"
"KBSM","158","Ca44","2104.451453","KBSM"
"KBSM","159","Ca44","1483.555068","KBSM"
"KBSM","161","Ca44","1710.677306","KBSM"
"KBSM","163","Ca44","1350.52528","KBSM"
"KBSM","164","Ca44","5467.30424","KBSM"
"KBSM","166","Ca44","1713.064035","KBSM"
"KBSM","167","Ca44","1480.352625","KBSM"
"KBSM","168","Ca44","1118.778411","KBSM"
"KBSM","169","Ca44","*","KBSM"
"KBSM","170","Ca44","1783.722101","KBSM"
"KBSM","171","Ca44","1657.82168","KBSM"
"KBSM","172","Ca44","661.9751567","KBSM"
"KBSM","173","Ca44","984.7653074","KBSM"
"KBSM","174","Ca44","1075.602257","KBSM"
"KBSM","175","Ca44","2021.503016","KBSM"
"KBSM","176","Ca44","2209.952636","KBSM"
"KBSM","177","Ca44","1564.552069","KBSM"
"KBSM","178","Ca44","3562.741224","KBSM"
"KBSM","179","Ca44","*","KBSM"
"KBSM","180","Ca44","*","KBSM"
"KBSM","181","Ca44","*","KBSM"
"KBSM","182","Ca44","1450.256597","KBSM"
"KBSM","184","Ca44","2046.82545","KBSM"
"KBSM","185","Ca44","1559.3434","KBSM"
"KBSM","186","Ca44","*","KBSM"
"KBSM","187","Ca44","1959.927292","KBSM"
"KBSM","188","Ca44","1431.600163","KBSM"
"KBSM","189","Ca44","789.7752812","KBSM"
"KBSM","190","Ca44","1583.921788","KBSM"
"KBSM","191","Ca44","1861.918615","KBSM"
"KBSM","192","Ca44","*","KBSM"
"KBSM","193","Ca44","1042.763287","KBSM"
"KBSM","194","Ca44","1142.876907","KBSM"
"KBSM","195","Ca44","1345.751293","KBSM"
"KBSM","196","Ca44","1273.547527","KBSM"
"KBSM","197","Ca44","1234.296173","KBSM"
"KBSM","198","Ca44","1180.318635","KBSM"
"KBSM","199","Ca44","1051.825388","KBSM"
"KBSM","200","Ca44","1859.751671","KBSM"
"KBSM","201","Ca44","1164.028965","KBSM"
"KBSM","203","Ca44","2021.956152","KBSM"
"KBSM","204","Ca44","1953.804802","KBSM"
"KBSM","205","Ca44","1933.111407","KBSM"
"KBSM","207","Ca44","1271.129763","KBSM"
"KBSM","208","Ca44","1134.225332","KBSM"
"KBSM","209","Ca44","*","KBSM"
"KBSM","210","Ca44","933.5108513","KBSM"
"KBSM","211","Ca44","*","KBSM"
"KBSM","212","Ca44","*","KBSM"
"KBSM","213","Ca44","1438.625168","KBSM"
"KBSM","214","Ca44","992.0658251","KBSM"
"KBSM","215","Ca44","1349.7402","KBSM"
"KBSM","216","Ca44","1493.841882","KBSM"
"KBSM","217","Ca44","1162.722516","KBSM"
"KBSM","218","Ca44","1201.425482","KBSM"
"KBSM","219","Ca44","*","KBSM"
"KBSM","220","Ca44","*","KBSM"
"KBSM","221","Ca44","1096.759868","KBSM"
"KBSM","222","Ca44","2081.851393","KBSM"
"KBSM","223","Ca44","1051.950678","KBSM"
"KBSM","224","Ca44","902.4835809","KBSM"
"KBSM","225","Ca44","*","KBSM"
"KBSM","226","Ca44","1412.254771","KBSM"
"KBSM","227","Ca44","1251.989162","KBSM"
"KBSM","228","Ca44","2207.917319","KBSM"
"KBSM","229","Ca44","1095.039291","KBSM"
"KBSM","230","Ca44","1962.755369","KBSM"
"KBSM","231","Ca44","*","KBSM"
"KBSM","232","Ca44","1224.37134","KBSM"
"KBSM","233","Ca44","*","KBSM"
"KBSM","234","Ca44","1073.098768","KBSM"
"KBSM","235","Ca44","1383.990254","KBSM"
"KBSM","236","Ca44","732.3566803","KBSM"
"KBSM","237","Ca44","1176.724597","KBSM"
"KBSM","238","Ca44","*","KBSM"
"KBSM","239","Ca44","1533.968917","KBSM"
"KBSM","240","Ca44","*","KBSM"
"KBSM","241","Ca44","*","KBSM"
"KBSM","242","Ca44","1477.041666","KBSM"
"KBSM","243","Ca44","1340.486173","KBSM"
"KBSM","244","Ca44","1347.567111","KBSM"
"KBSM","245","Ca44","1271.519134","KBSM"
"KBSM","246","Ca44","951.1963895","KBSM"
"KBSM","247","Ca44","2743.670742","KBSM"
"KBSM","248","Ca44","1485.895251","KBSM"
"KBSM","249","Ca44","1503.09115","KBSM"
"KBSM","250","Ca44","1152.811941","KBSM"
"KBSM","251","Ca44","982.9882463","KBSM"
"KBSM","252","Ca44","1274.09482","KBSM"
"KBSM","253","Ca44","*","KBSM"
"KBSM","254","Ca44","2082.110363","KBSM"
"KBSM","255","Ca44","1543.213158","KBSM"
"KBSM","256","Ca44","1262.489675","KBSM"
"KBSM","257","Ca44","1395.429407","KBSM"
"KBSM","258","Ca44","4731.637865","KBSM"
"KBSM","259","Ca44","1193.712759","KBSM"
"KBSM","260","Ca44","2266.375953","KBSM"
"KBSM","261","Ca44","*","KBSM"
"KBSM","262","Ca44","*","KBSM"
"KBSM","263","Ca44","1340.874366","KBSM"
"KBSM","264","Ca44","1290.674861","KBSM"
"KBSM","265","Ca44","2172.18129","KBSM"
"KBSM","267","Ca44","1848.277664","KBSM"
"KBSM","268","Ca44","1182.606317","KBSM"
"KBSM","269","Ca44","*","KBSM"
"KBSM","270","Ca44","1522.734415","KBSM"
"KBSM","271","Ca44","*","KBSM"
"KBSM","272","Ca44","1885.206829","KBSM"
"KBSM","273","Ca44","1317.716818","KBSM"
"KBSM","274","Ca44","1269.014282","KBSM"
"KBSM","275","Ca44","1031.122695","KBSM"
"KBSM","276","Ca44","1488.732259","KBSM"
"KBSM","277","Ca44","1571.123345","KBSM"
"KBSM","278","Ca44","*","KBSM"
"KBSM","279","Ca44","1340.553685","KBSM"
"KBSM","281","Ca44","993.3671862","KBSM"
"KBSM","282","Ca44","*","KBSM"
"KBSM","283","Ca44","836.9104953","KBSM"
"KBSM","284","Ca44","1080.170143","KBSM"
"KBSM","285","Ca44","1315.979002","KBSM"
"KBSM","286","Ca44","1062.236211","KBSM"
"KBSM","287","Ca44","1489.82962","KBSM"
"KBSM","288","Ca44","*","KBSM"
"KBSM","289","Ca44","1015.31699","KBSM"
"KBSM","290","Ca44","*","KBSM"
"KBSM","292","Ca44","909.5152809","KBSM"
"KBSM","293","Ca44","1433.428771","KBSM"
"KBSM","294","Ca44","1161.288562","KBSM"
"KBSM","296","Ca44","1603.88691","KBSM"
"KBSM","297","Ca44","2030.498293","KBSM"
"KBSM","298","Ca44","1461.951248","KBSM"
"KBSM","299","Ca44","1176.372264","KBSM"
"KBSM","300","Ca44","1819.646141","KBSM"
"KBSM","301","Ca44","1445.563127","KBSM"
"KBSM","302","Ca44","1892.106586","KBSM"
"KBSM","303","Ca44","1682.864362","KBSM"
"KBSM","304","Ca44","1826.963446","KBSM"
"KBSM","305","Ca44","1135.415544","KBSM"
"KBSM","306","Ca44","1567.072192","KBSM"
"KBSM","307","Ca44","1662.081031","KBSM"
"KBSM","308","Ca44","1837.20086","KBSM"
"KBSM","310","Ca44","1378.29136","KBSM"
"KBSM","311","Ca44","*","KBSM"
"KBSM","312","Ca44","765.118852","KBSM"
"KBSM","313","Ca44","1443.430824","KBSM"
"KBSM","314","Ca44","1259.850098","KBSM"
"KBSM","315","Ca44","1292.049299","KBSM"
"KBSM","317","Ca44","1919.873609","KBSM"
"KBSM","318","Ca44","2354.659413","KBSM"
"KBSM","319","Ca44","*","KBSM"
"KBSM","320","Ca44","1228.331278","KBSM"
"KBSM","322","Ca44","969.3653604","KBSM"
"KBSM","323","Ca44","1983.30795","KBSM"
"KBSM","324","Ca44","1702.445244","KBSM"
"KBSM","325","Ca44","1693.708523","KBSM"
"KBSM","326","Ca44","1537.832342","KBSM"
"KBSM","328","Ca44","1766.02007","KBSM"
"KBSM","330","Ca44","1955.770968","KBSM"
"KBSM","332","Ca44","1373.65639","KBSM"
"KBSM","333","Ca44","1457.640354","KBSM"
"KBSM","334","Ca44","1558.869249","KBSM"
"KBSM","335","Ca44","1615.018383","KBSM"
"KBSM","336","Ca44","1891.046463","KBSM"
"KBSM","337","Ca44","1864.683392","KBSM"
"KBSM","338","Ca44","1235.801762","KBSM"
"KBSM","339","Ca44","1464.684794","KBSM"
"KBSM","340","Ca44","*","KBSM"
"KBSM","341","Ca44","2068.850764","KBSM"
"KBSM","342","Ca44","1224.680637","KBSM"
"KBSM","343","Ca44","1064.40378","KBSM"
"KBSM","345","Ca44","1310.692282","KBSM"
"KBSM","346","Ca44","1860.549507","KBSM"
"KBSM","347","Ca44","1016.812813","KBSM"
"KBSM","349","Ca44","1360.286337","KBSM"
"KBSM","350","Ca44","949.0458388","KBSM"
"KBSM","352","Ca44","1347.606578","KBSM"
"KBSM","353","Ca44","866.2785728","KBSM"
"KBSM","354","Ca44","1372.399906","KBSM"
"KBSM","355","Ca44","*","KBSM"
"KBSM","356","Ca44","982.9892","KBSM"
"KBSM","358","Ca44","1765.750686","KBSM"
"KBSM","359","Ca44","973.7826006","KBSM"
"KBSM","360","Ca44","1423.153031","KBSM"
"KBSM","361","Ca44","1484.424245","KBSM"
"KBSM","363","Ca44","1886.482355","KBSM"
"KBSM","364","Ca44","1606.8019","KBSM"
"KBSM","365","Ca44","1511.99243","KBSM"
"KBSM","366","Ca44","1677.4827","KBSM"
"KBSM","367","Ca44","1046.732549","KBSM"
"KBSM","368","Ca44","*","KBSM"
"KBSM","369","Ca44","1171.690157","KBSM"
"KBSM","370","Ca44","936.0758022","KBSM"
"KBSM","371","Ca44","1315.547705","KBSM"
"KBSM","372","Ca44","1234.075739","KBSM"
"KBSM","373","Ca44","970.0255977","KBSM"
"KBSM","374","Ca44","1192.21973","KBSM"
"KBSM","375","Ca44","1937.929721","KBSM"
"KBSM","377","Ca44","*","KBSM"
"KBSM","378","Ca44","994.3000256","KBSM"
"KBSM","379","Ca44","1430.717654","KBSM"
"KBSM","380","Ca44","1704.915748","KBSM"
"KBSM","381","Ca44","1442.714427","KBSM"
"KBSM","382","Ca44","784.8296963","KBSM"
"KBSM","383","Ca44","2009.471055","KBSM"
"KBSM","384","Ca44","1314.157276","KBSM"
"KBSM","386","Ca44","1673.776258","KBSM"
"KBSM","388","Ca44","758.7822076","KBSM"
"KBSM","389","Ca44","997.8022595","KBSM"
"KBSM","390","Ca44","1428.149707","KBSM"
"KBSM","391","Ca44","1457.967339","KBSM"
"KBSM","392","Ca44","2571.6369675","KBSM"
"KBSM","393","Ca44","811.5382231","KBSM"
"KBSM","394","Ca44","1091.629253","KBSM"
"KBSM","395","Ca44","1016.088279","KBSM"
"KBSM","396","Ca44","1049.65524","KBSM"
"KBSM","397","Ca44","976.058711","KBSM"
"KBSM","398","Ca44","1325.491269","KBSM"
"KBSM","399","Ca44","1891.104259","KBSM"
"KBSM","400","Ca44","1063.875702","KBSM"
"KBSM","402","Ca44","1029.610078","KBSM"
"KBSM","403","Ca44","1905.950134","KBSM"
"KBSM","404","Ca44","1146.276964","KBSM"
"KBSM","405","Ca44","1554.129711","KBSM"
"KBSM","406","Ca44","905.7323532","KBSM"
"KBSM","407","Ca44","1735.880635","KBSM"
"KBSM","408","Ca44","3297.904098","KBSM"
"KBSM","409","Ca44","1223.70502","KBSM"
"KBSM","410","Ca44","1032.403304","KBSM"
"KBSM","411","Ca44","1330.565462","KBSM"
"KBSM","412","Ca44","836.8097581","KBSM"
"KBSM","413","Ca44","*","KBSM"
"KBSM","414","Ca44","1337.821919","KBSM"
"KBSM","415","Ca44","1054.022823","KBSM"
"KBSM","416","Ca44","*","KBSM"
"KBSM","417","Ca44","1527.959012","KBSM"
"KBSM","418","Ca44","1761.0264","KBSM"
"KBSM","419","Ca44","1025.469112","KBSM"
"KBSM","420","Ca44","1189.80958","KBSM"
"KBSM","421","Ca44","1098.322926","KBSM"
"KBSM","422","Ca44","1569.397655","KBSM"
"KBSM","423","Ca44","1297.704677","KBSM"
"KBSM","424","Ca44","1427.976205","KBSM"
"KBSM","425","Ca44","1525.825492","KBSM"
"KBSM","426","Ca44","1327.508132","KBSM"
"KBSM","427","Ca44","1631.984672","KBSM"
"KBSM","428","Ca44","1531.171522","KBSM"
"KBSM","429","Ca44","1557.350863","KBSM"
"KBSM","431","Ca44","1054.850821","KBSM"
"KBSM","432","Ca44","1270.086798","KBSM"
"KBSM","433","Ca44","1289.070566","KBSM"
"KBSM","435","Ca44","1569.693168","KBSM"
"KBSM","436","Ca44","1027.472857","KBSM"
"KBSM","437","Ca44","*","KBSM"
"KBSM","438","Ca44","*","KBSM"
"KBSM","439","Ca44","1634.811262","KBSM"
"KBSM","440","Ca44","1124.69222","KBSM"
"KBSM","442","Ca44","1692.359605","KBSM"
"KBSM","443","Ca44","1163.625295","KBSM"
"KBSM","444","Ca44","806.7519207","KBSM"
"KBSM","445","Ca44","1411.398816","KBSM"
"KBSM","446","Ca44","2121.313789","KBSM"
"KBSM","447","Ca44","1609.796232","KBSM"
"KBSM","448","Ca44","930.6287164","KBSM"
"KBSM","449","Ca44","1481.66104","KBSM"
"KBSM","450","Ca44","1172.324808","KBSM"
"KBSM","451","Ca44","1366.551888","KBSM"
"KBSM","452","Ca44","1104.820002","KBSM"
"KBSM","453","Ca44","1926.770333","KBSM"
"KBSM","454","Ca44","*","KBSM"
"KBSM","455","Ca44","1122.379806","KBSM"
"KBSM","456","Ca44","1147.539885","KBSM"
"KBSM","458","Ca44","1270.026566","KBSM"
"KBSM","459","Ca44","1919.162518","KBSM"
"KBSM","460","Ca44","1203.634025","KBSM"
"KBSM","461","Ca44","1267.648715","KBSM"
"KBSM","462","Ca44","1407.312076","KBSM"
"KBSM","463","Ca44","1751.437041","KBSM"
"KBSM","464","Ca44","867.0082084","KBSM"
"KBSM","465","Ca44","1678.943286","KBSM"
"KBSM","466","Ca44","1558.634353","KBSM"
"KBSM","467","Ca44","1024.5254","KBSM"
"KBSM","468","Ca44","1354.3484","KBSM"
"KBSM","469","Ca44","2449.168226","KBSM"
"KBSM","470","Ca44","1617.875496","KBSM"
"KBSM","471","Ca44","1507.012772","KBSM"
"KBSM","472","Ca44","1958.532836","KBSM"
"KBSM","473","Ca44","1069.346828","KBSM"
"KBSM","474","Ca44","*","KBSM"
"KBSM","475","Ca44","2346.210559","KBSM"
"KBSM","476","Ca44","1706.109794","KBSM"
"KBSM","477","Ca44","1272.833951","KBSM"
"KBSM","479","Ca44","1642.779707","KBSM"
"KBSM","480","Ca44","2329.460788","KBSM"
"KBSM","482","Ca44","*","KBSM"
"KBSM","483","Ca44","1180.460782","KBSM"
"KBSM","484","Ca44","1070.00665","KBSM"
"KBSM","485","Ca44","1511.288995","KBSM"
"KBSM","486","Ca44","*","KBSM"
"KBSM","487","Ca44","1231.130245","KBSM"
"KBSM","488","Ca44","1267.715621","KBSM"
"KBSM","489","Ca44","973.7681203","KBSM"
"KBSM","491","Ca44","1314.515651","KBSM"
"KBSM","492","Ca44","1454.810023","KBSM"
"KBSM","493","Ca44","1446.631303","KBSM"
"KBSM","494","Ca44","1606.56789","KBSM"
"KBSM","495","Ca44","1945.496852","KBSM"
"KBSM","496","Ca44","891.910799","KBSM"
"KBSM","497","Ca44","1267.963904","KBSM"
"KBSM","498","Ca44","1721.670266","KBSM"
"KBSM","499","Ca44","*","KBSM"
"KBSM","500","Ca44","1288.152057","KBSM"
"KBSM","501","Ca44","1017.600372","KBSM"
"KBSM","502","Ca44","1859.201851","KBSM"
"KBSM","503","Ca44","1671.289747","KBSM"
"KBSM","504","Ca44","*","KBSM"
"KBSM","505","Ca44","903.3814478","KBSM"
"KBSM","506","Ca44","1166.63857","KBSM"
"KBSM","507","Ca44","2280.10192","KBSM"
"KBSM","508","Ca44","1731.16129","KBSM"
"KBSM","511","Ca44","1578.661278","KBSM"
"KBSM","512","Ca44","1271.585455","KBSM"
"KBSM","513","Ca44","1296.342158","KBSM"
"KBSM","514","Ca44","*","KBSM"
"KBSM","515","Ca44","961.704143","KBSM"
"KBSM","516","Ca44","1179.83182","KBSM"
"KBSM","518","Ca44","*","KBSM"
"KBSM","519","Ca44","*","KBSM"
"KBSM","520","Ca44","2021.955799","KBSM"
"KBSM","521","Ca44","1907.456143","KBSM"
"KBSM","522","Ca44","1127.748022","KBSM"
"KBSM","523","Ca44","1309.672201","KBSM"
"KBSM","524","Ca44","3952.857113","KBSM"
"KBSM","525","Ca44","1197.653489","KBSM"
"KBSM","526","Ca44","1027.742792","KBSM"
"KBSM","527","Ca44","886.6778003","KBSM"
"KBSM","529","Ca44","*","KBSM"
"KBSM","530","Ca44","1321.65961","KBSM"
"KBSM","531","Ca44","1265.116126","KBSM"
"KBSM","532","Ca44","2769.687708","KBSM"
"KBSM","533","Ca44","1241.048668","KBSM"
"KBSM","534","Ca44","1995.444931","KBSM"
"KBSM","535","Ca44","1430.450831","KBSM"
"KBSM","536","Ca44","1381.02244","KBSM"
"KBSM","537","Ca44","1380.042284","KBSM"
"KBSM","539","Ca44","1439.236975","KBSM"
"KBSM","540","Ca44","1558.107021","KBSM"
"KBSM","541","Ca44","2255.860766","KBSM"
"KBSM","542","Ca44","1033.954076","KBSM"
"KBSM","544","Ca44","996.0036947","KBSM"
"KBSM","545","Ca44","1079.449144","KBSM"
"KBSM","546","Ca44","798.6464875","KBSM"
"KBSM","547","Ca44","1071.297769","KBSM"
"KBSM","548","Ca44","1419.333447","KBSM"
"KBSM","549","Ca44","1390.86764","KBSM"
"KBSM","551","Ca44","*","KBSM"
"KBSM","552","Ca44","951.5028281","KBSM"
"KBSM","553","Ca44","1280.390727","KBSM"
"KBSM","555","Ca44","1039.6406","KBSM"
"KBSM","556","Ca44","*","KBSM"
"KBSM","557","Ca44","744.1176283","KBSM"
"KBSM","558","Ca44","1648.449336","KBSM"
"KBSM","559","Ca44","1157.775729","KBSM"
"KBSM","560","Ca44","1580.647433","KBSM"
"KBSM","562","Ca44","906.4505634","KBSM"
"KBSM","563","Ca44","1768.035753","KBSM"
"KBSM","564","Ca44","*","KBSM"
"KBSM","565","Ca44","1448.684122","KBSM"
"KBSM","566","Ca44","1275.082692","KBSM"
"KBSM","567","Ca44","1449.821922","KBSM"
"KBSM","569","Ca44","1343.86361","KBSM"
"KBSM","570","Ca44","1535.272241","KBSM"
"KBSM","571","Ca44","1486.255346","KBSM"
"KBSM","572","Ca44","1178.085254","KBSM"
"KBSM","573","Ca44","2322.495832","KBSM"
"KBSM","574","Ca44","1367.602779","KBSM"
"KBSM","576","Ca44","1048.650077","KBSM"
"KBSM","577","Ca44","1200.475051","KBSM"
"KBSM","578","Ca44","2255.939518","KBSM"
"KBSM","579","Ca44","1575.476576","KBSM"
"KBSM","580","Ca44","887.0412786","KBSM"
"KBSM","581","Ca44","1325.289668","KBSM"
"KBSM","583","Ca44","1522.185638","KBSM"
"KBSM","584","Ca44","1038.591494","KBSM"
"KBSM","585","Ca44","1212.706089","KBSM"
"KBSM","586","Ca44","1446.220253","KBSM"
"KBSM","588","Ca44","2855.62734","KBSM"
"KBSM","589","Ca44","1556.846478","KBSM"
"KBSM","592","Ca44","1222.686082","KBSM"
"KBSM","593","Ca44","1674.808403","KBSM"
"KBSM","594","Ca44","1279.520236","KBSM"
"KBSM","595","Ca44","1500.953664","KBSM"
"KBSM","596","Ca44","1776.715756","KBSM"
"KBSM","597","Ca44","1364.146013","KBSM"
"KBSM","598","Ca44","1321.499645","KBSM"
"KBSM","599","Ca44","*","KBSM"
"KBSM","600","Ca44","1218.240252","KBSM"
"KBSM","601","Ca44","1811.370265","KBSM"
"KBSM","602","Ca44","*","KBSM"
"KBSM","603","Ca44","*","KBSM"
"KBSM","604","Ca44","*","KBSM"
"KBSM","605","Ca44","1548.354366","KBSM"
"KBSM","606","Ca44","1156.984479","KBSM"
"KBSM","608","Ca44","1529.173522","KBSM"
"KBSM","609","Ca44","2778.716137","KBSM"
"KBSM","610","Ca44","1685.869983","KBSM"
"KBSM","611","Ca44","997.4021787","KBSM"
"KBSM","612","Ca44","2718.881096","KBSM"
"KBSM","613","Ca44","1022.973448","KBSM"
"KBSM","614","Ca44","1073.214833","KBSM"
"KBSM","618","Ca44","1604.857819","KBSM"
"KBSM","619","Ca44","1177.828304","KBSM"
"KBSM","620","Ca44","1937.404687","KBSM"
"KBSM","621","Ca44","2373.745933","KBSM"
"KBSM","622","Ca44","992.9008313","KBSM"
"KBSM","623","Ca44","*","KBSM"
"KBSM","624","Ca44","*","KBSM"
"KBSM","625","Ca44","1027.055645","KBSM"
"KBSM","627","Ca44","1408.454637","KBSM"
"KBSM","628","Ca44","1221.228506","KBSM"
"KBSM","629","Ca44","837.4489946","KBSM"
"KBSM","630","Ca44","1436.332341","KBSM"
"KBSM","632","Ca44","1305.958343","KBSM"
"KBSM","633","Ca44","1747.860206","KBSM"
"KBSM","634","Ca44","1691.824006","KBSM"
"KBSM","635","Ca44","1080.593458","KBSM"
"KBSM","636","Ca44","1263.242902","KBSM"
"KBSM","637","Ca44","1261.768781","KBSM"
"KBSM","638","Ca44","1072.178154","KBSM"
"KBSM","639","Ca44","1521.451882","KBSM"
"KBSM","640","Ca44","1242.940406","KBSM"
"KBSM","641","Ca44","1537.548258","KBSM"
"KBSM","642","Ca44","1523.163401","KBSM"
"KBSM","643","Ca44","2228.174463","KBSM"
"KBSM","644","Ca44","1456.519891","KBSM"
"KBSM","645","Ca44","*","KBSM"
"KBSM","647","Ca44","*","KBSM"
"KBSM","648","Ca44","832.2712219","KBSM"
"KBSM","649","Ca44","1538.92628","KBSM"
"KBSM","652","Ca44","842.245704","KBSM"
"KBSM","654","Ca44","1208.8407","KBSM"
"KBSM","655","Ca44","1148.713243","KBSM"
"KBSM","656","Ca44","928.4806857","KBSM"
"KBSM","657","Ca44","1418.640617","KBSM"
"KBSM","658","Ca44","1153.000041","KBSM"
"KBSM","660","Ca44","2249.93573","KBSM"
"KBSM","661","Ca44","1154.365492","KBSM"
"KBSM","663","Ca44","1071.197531","KBSM"
"KBSM","664","Ca44","1568.236722","KBSM"
"KBSM","666","Ca44","1988.371089","KBSM"
"KBSM","667","Ca44","1295.231877","KBSM"
"KBSM","668","Ca44","912.0129945","KBSM"
"KBSM","669","Ca44","2170.624083","KBSM"
"KBSM","670","Ca44","1537.889809","KBSM"
"KBSM","671","Ca44","*","KBSM"
"KBSM","672","Ca44","1087.183201","KBSM"
"KBSM","673","Ca44","1937.246234","KBSM"
"KBSM","674","Ca44","1402.709927","KBSM"
"KBSM","675","Ca44","1382.273656","KBSM"
"KBSM","677","Ca44","*","KBSM"
"KBSM","679","Ca44","1320.290534","KBSM"
"KBSM","680","Ca44","1360.520901","KBSM"
"KBSM","681","Ca44","1334.951563","KBSM"
"KBSM","682","Ca44","844.0834727","KBSM"
"KBSM","683","Ca44","1586.717003","KBSM"
"KBSM","684","Ca44","1092.655313","KBSM"
"KBSM","685","Ca44","1013.931111","KBSM"
"KBSM","686","Ca44","1817.966731","KBSM"
"KBSM","689","Ca44","*","KBSM"
"KBSM","690","Ca44","1305.232002","KBSM"
"KBSM","691","Ca44","1176.766008","KBSM"
"KBSM","692","Ca44","1316.757114","KBSM"
"KBSM","693","Ca44","2108.986042","KBSM"
"KBSM","694","Ca44","1945.217151","KBSM"
"KBSM","695","Ca44","1117.142777","KBSM"
"KBSM","696","Ca44","1204.62651","KBSM"
"KBSM","697","Ca44","966.234284","KBSM"
"KBSM","698","Ca44","1305.540221","KBSM"
"KBSM","699","Ca44","1544.19381","KBSM"
"KBSM","700","Ca44","1164.623309","KBSM"
"KBSM","702","Ca44","*","KBSM"
"KBSM","703","Ca44","2721.623041","KBSM"
"KBSM","704","Ca44","1727.80982","KBSM"
"KBSM","705","Ca44","1777.905578","KBSM"
"KBSM","706","Ca44","1113.739351","KBSM"
"KBSM","707","Ca44","*","KBSM"
"KBSM","708","Ca44","*","KBSM"
"KBSM","710","Ca44","2161.803077","KBSM"
"KBSM","711","Ca44","1186.566869","KBSM"
"KBSM","712","Ca44","1763.450714","KBSM"
"KBSM","713","Ca44","1260.445099","KBSM"
"KBSM","714","Ca44","*","KBSM"
"KBSM","715","Ca44","1610.559008","KBSM"
"KBSM","716","Ca44","1498.722497","KBSM"
"KBSM","718","Ca44","*","KBSM"
"KBSM","719","Ca44","1106.419144","KBSM"
"KBSM","720","Ca44","958.4485626","KBSM"
"KBSM","721","Ca44","1549.101212","KBSM"
"KBSM","722","Ca44","1370.91806","KBSM"
"KBSM","723","Ca44","*","KBSM"
"KBSM","724","Ca44","1378.85188","KBSM"
"KBSM","725","Ca44","1053.499152","KBSM"
"KBSM","726","Ca44","1506.234262","KBSM"
"KBSM","729","Ca44","1110.777375","KBSM"
"KBSM","730","Ca44","1230.25366","KBSM"
"KBSM","731","Ca44","1985.328048","KBSM"
"KBSM","732","Ca44","2096.576679","KBSM"
"KBSM","733","Ca44","1636.982872","KBSM"
"KBSM","734","Ca44","1708.980386","KBSM"
"KBSM","735","Ca44","1668.572377","KBSM"
"KBSM","736","Ca44","1517.199408","KBSM"
"KBSM","737","Ca44","1101.119673","KBSM"
"KBSM","738","Ca44","1538.698646","KBSM"
"KBSM","739","Ca44","1430.723762","KBSM"
"KBSM","740","Ca44","1117.449173","KBSM"
"KBSM","742","Ca44","1131.86208","KBSM"
"KBSM","743","Ca44","940.5574166","KBSM"
"KBSM","744","Ca44","2015.257986","KBSM"
"KBSM","745","Ca44","1912.581343","KBSM"
"KBSM","746","Ca44","1847.104681","KBSM"
"KBSM","748","Ca44","1846.900247","KBSM"
"KBSM","749","Ca44","2118.09598","KBSM"
"KBSM","750","Ca44","1390.98156","KBSM"
"KBSM","751","Ca44","1165.260374","KBSM"
"KBSM","752","Ca44","1443.444904","KBSM"
"KBSM","753","Ca44","1674.96834","KBSM"
"KBSM","755","Ca44","2163.890469","KBSM"
"KBSM","756","Ca44","1390.697874","KBSM"
"KBSM","757","Ca44","1667.623243","KBSM"
"KBSM","758","Ca44","1554.820646","KBSM"
"KBSM","759","Ca44","925.6800968","KBSM"
"KBSM","760","Ca44","2064.451629","KBSM"
"KBSM","761","Ca44","1548.3513","KBSM"
"KBSM","762","Ca44","1306.795187","KBSM"
"KBSM","763","Ca44","1175.995322","KBSM"
"KBSM","764","Ca44","1116.612597","KBSM"
"KBSM","765","Ca44","1478.968751","KBSM"
"KBSM","766","Ca44","2546.21705","KBSM"
"KBSM","767","Ca44","1511.696272","KBSM"
"KBSM","768","Ca44","1287.682463","KBSM"
"KBSM","769","Ca44","*","KBSM"
"KBSM","770","Ca44","1907.228291","KBSM"
"KBSM","771","Ca44","1153.93141","KBSM"
"KBSM","772","Ca44","1078.978998","KBSM"
"KBSM","773","Ca44","1281.332609","KBSM"
"KBSM","774","Ca44","1385.399226","KBSM"
"KBSM","775","Ca44","2168.591439","KBSM"
"KBSM","776","Ca44","1515.669044","KBSM"
"KBSM","777","Ca44","1196.462209","KBSM"
"KBSM","778","Ca44","702.9826553","KBSM"
"KBSM","779","Ca44","1598.603479","KBSM"
"KBSM","780","Ca44","1169.643088","KBSM"
"KBSM","781","Ca44","*","KBSM"
"KBSM","782","Ca44","957.4722561","KBSM"
"KBSM","783","Ca44","1768.097395","KBSM"
"KBSM","784","Ca44","1539.876583","KBSM"
"KBSM","785","Ca44","898.0593494","KBSM"
"KBSM","786","Ca44","1427.682961","KBSM"
"KBSM","787","Ca44","1584.786404","KBSM"
"KBSM","788","Ca44","2060.045593","KBSM"
"KBSM","789","Ca44","1105.314519","KBSM"
"KBSM","790","Ca44","993.406139","KBSM"
"KBSM","792","Ca44","1485.735573","KBSM"
"KBSM","794","Ca44","1381.760701","KBSM"
"KBSM","795","Ca44","1204.810184","KBSM"
"KBSM","796","Ca44","*","KBSM"
"KBSM","797","Ca44","962.3554689","KBSM"
"KBSM","799","Ca44","*","KBSM"
"KBSM","800","Ca44","1587.994571","KBSM"
"KBSM","801","Ca44","1635.706775","KBSM"
"KBSM","802","Ca44","1682.432705","KBSM"
"KBSM","803","Ca44","2313.66559","KBSM"
"KBSM","804","Ca44","1246.440791","KBSM"
"KBSM","805","Ca44","942.3602261","KBSM"
"KBSM","806","Ca44","704.120207","KBSM"
"KBSM","808","Ca44","1343.317437","KBSM"
"KBSM","809","Ca44","1162.121581","KBSM"
"KBSM","810","Ca44","2026.908332","KBSM"
"KBSM","811","Ca44","2058.116726","KBSM"
"KBSM","812","Ca44","1527.982029","KBSM"
"KBSM","813","Ca44","1411.32667","KBSM"
"KBSM","814","Ca44","1679.427898","KBSM"
"KBSM","815","Ca44","1478.558284","KBSM"
"KBSM","816","Ca44","876.6198088","KBSM"
"KBSM","817","Ca44","*","KBSM"
"KBSM","818","Ca44","1381.460199","KBSM"
"KBSM","819","Ca44","1766.226793","KBSM"
"KBSM","820","Ca44","964.0816033","KBSM"
"KBSM","821","Ca44","1323.265383","KBSM"
"KBSM","822","Ca44","1716.428215","KBSM"
"KBSM","823","Ca44","1026.881498","KBSM"
"KBSM","824","Ca44","1228.563581","KBSM"
"KBSM","825","Ca44","1621.173147","KBSM"
"PKLE","1","Ca44","5177.65177","PKLE"
"PKLE","2","Ca44","5716.414932","PKLE"
"PKLE","3","Ca44","3137.82005","PKLE"
"PKLE","4","Ca44","5477.3222","PKLE"
"PKLE","5","Ca44","2378.440749","PKLE"
"PKLE","7","Ca44","3114.570219","PKLE"
"PKLE","8","Ca44","3408.813274","PKLE"
"PKLE","9","Ca44","3708.016072","PKLE"
"PKLE","10","Ca44","3552.821182","PKLE"
"PKLE","11","Ca44","2682.374067","PKLE"
"PKLE","12","Ca44","4575.222116","PKLE"
"PKLE","13","Ca44","5792.583326","PKLE"
"PKLE","14","Ca44","4924.078273","PKLE"
"PKLE","15","Ca44","2643.488065","PKLE"
"PKLE","16","Ca44","1792.870956","PKLE"
"PKLE","17","Ca44","2149.144479","PKLE"
"PKLE","18","Ca44","4264.500115","PKLE"
"PKLE","19","Ca44","3271.488615","PKLE"
"PKLE","20","Ca44","5069.28746","PKLE"
"PKLE","21","Ca44","*","PKLE"
"PKLE","22","Ca44","5802.417015","PKLE"
"PKLE","23","Ca44","3956.79926","PKLE"
"PKLE","24","Ca44","*","PKLE"
"PKLE","25","Ca44","3979.191809","PKLE"
"PKLE","26","Ca44","4700.243168","PKLE"
"PKLE","27","Ca44","*","PKLE"
"PKLE","28","Ca44","3364.45338","PKLE"
"PKLE","29","Ca44","3786.349505","PKLE"
"PKLE","30","Ca44","2613.802619","PKLE"
"PKLE","31","Ca44","2912.035383","PKLE"
"PKLE","32","Ca44","4830.174253","PKLE"
"PKLE","33","Ca44","3095.66606","PKLE"
"PKLE","34","Ca44","3686.175183","PKLE"
"PKLE","35","Ca44","2243.405392","PKLE"
"PKLE","36","Ca44","4049.627791","PKLE"
"PKLE","37","Ca44","5018.477462","PKLE"
"PKLE","38","Ca44","3309.47694","PKLE"
"PKLE","39","Ca44","4441.818926","PKLE"
"PKLE","40","Ca44","3352.678435","PKLE"
"PKLE","41","Ca44","3637.884738","PKLE"
"PKLE","42","Ca44","4039.120577","PKLE"
"PKLE","43","Ca44","3415.607723","PKLE"
"PKLE","44","Ca44","3681.849685","PKLE"
"PKLE","46","Ca44","3722.248335","PKLE"
"PKLE","48","Ca44","4750.054726","PKLE"
"PKLE","49","Ca44","*","PKLE"
"PKLE","50","Ca44","*","PKLE"
"PKLE","52","Ca44","5238.986227","PKLE"
"PKLE","53","Ca44","3384.038557","PKLE"
"PKLE","54","Ca44","5498.835214","PKLE"
"PKLE","55","Ca44","3979.941225","PKLE"
"PKLE","56","Ca44","3559.478891","PKLE"
"PKLE","57","Ca44","*","PKLE"
"PKLE","58","Ca44","3358.182855","PKLE"
"PKLE","59","Ca44","*","PKLE"
"PKLE","60","Ca44","*","PKLE"
"PKLE","61","Ca44","2983.416901","PKLE"
"PKLE","62","Ca44","*","PKLE"
"PKLE","63","Ca44","3705.876469","PKLE"
"PKLE","64","Ca44","*","PKLE"
"PKLE","65","Ca44","4468.193492","PKLE"
"PKLE","66","Ca44","3564.182845","PKLE"
"PKLE","67","Ca44","3666.722004","PKLE"
"PKLE","68","Ca44","4385.263825","PKLE"
"PKLE","69","Ca44","3218.564483","PKLE"
"PKLE","70","Ca44","2590.071534","PKLE"
"PKLE","71","Ca44","*","PKLE"
"PKLE","72","Ca44","4898.300738","PKLE"
"PKLE","73","Ca44","5470.053164","PKLE"
"PKLE","74","Ca44","2958.120513","PKLE"
"PKLE","75","Ca44","*","PKLE"
"PKLE","76","Ca44","5209.313258","PKLE"
"PKLE","77","Ca44","4597.329572","PKLE"
"PKLE","78","Ca44","3470.763721","PKLE"
"PKLE","79","Ca44","4985.297714","PKLE"
"PKLE","80","Ca44","4671.46243","PKLE"
"PKLE","81","Ca44","5894.438701","PKLE"
"PKLE","83","Ca44","5341.535658","PKLE"
"PKLE","84","Ca44","3941.248097","PKLE"
"PKLE","85","Ca44","4718.271664","PKLE"
"PKLE","86","Ca44","4570.450371","PKLE"
"PKLE","87","Ca44","1885.065153","PKLE"
"PKLE","88","Ca44","*","PKLE"
"PKLE","89","Ca44","4608.243854","PKLE"
"PKLE","90","Ca44","4021.885333","PKLE"
"PKLE","91","Ca44","2897.414814","PKLE"
"PKLE","93","Ca44","4012.774124","PKLE"
"PKLE","94","Ca44","*","PKLE"
"PKLE","95","Ca44","3054.251391","PKLE"
"PKLE","96","Ca44","*","PKLE"
"PKLE","97","Ca44","4297.20565","PKLE"
"PKLE","99","Ca44","3203.119318","PKLE"
"PKLE","100","Ca44","2384.86794","PKLE"
"PKLE","101","Ca44","3759.655316","PKLE"
"PKLE","102","Ca44","*","PKLE"
"PKLE","103","Ca44","*","PKLE"
"PKLE","104","Ca44","3515.418221","PKLE"
"PKLE","105","Ca44","2521.75043","PKLE"
"PKLE","106","Ca44","3605.036827","PKLE"
"PKLE","107","Ca44","4854.759003","PKLE"
"PKLE","110","Ca44","3187.773522","PKLE"
"PKLE","111","Ca44","3507.585691","PKLE"
"PKLE","112","Ca44","2539.07281","PKLE"
"PKLE","113","Ca44","4849.142875","PKLE"
"PKLE","114","Ca44","6228.654059","PKLE"
"PKLE","115","Ca44","4142.265764","PKLE"
"PKLE","116","Ca44","*","PKLE"
"PKLE","117","Ca44","5184.142208","PKLE"
"PKLE","118","Ca44","3136.947204","PKLE"
"PKLE","119","Ca44","2543.366902","PKLE"
"PKLE","120","Ca44","*","PKLE"
"PKLE","122","Ca44","4449.385464","PKLE"
"PKLE","123","Ca44","4112.174197","PKLE"
"PKLE","125","Ca44","4368.794874","PKLE"
"PKLE","126","Ca44","6851.070832","PKLE"
"PKLE","127","Ca44","2945.249553","PKLE"
"PKLE","128","Ca44","4491.115556","PKLE"
"PKLE","130","Ca44","3956.622005","PKLE"
"PKLE","131","Ca44","4319.961548","PKLE"
"PKLE","132","Ca44","*","PKLE"
"PKLE","134","Ca44","4559.843224","PKLE"
"PKLE","135","Ca44","3539.602531","PKLE"
"PKLE","136","Ca44","*","PKLE"
"PKLE","137","Ca44","3016.361664","PKLE"
"PKLE","138","Ca44","4012.251724","PKLE"
"PKLE","139","Ca44","5979.881581","PKLE"
"PKLE","141","Ca44","*","PKLE"
"PKLE","142","Ca44","1849.098562","PKLE"
"PKLE","143","Ca44","3064.140815","PKLE"
"PKLE","144","Ca44","6178.732268","PKLE"
"PKLE","145","Ca44","2844.246676","PKLE"
"PKLE","146","Ca44","4576.662572","PKLE"
"PKLE","147","Ca44","*","PKLE"
"PKLE","148","Ca44","3532.832304","PKLE"
"PKLE","150","Ca44","4751.848695","PKLE"
"PKLE","151","Ca44","3368.17467","PKLE"
"PKLE","152","Ca44","*","PKLE"
"PKLE","153","Ca44","3780.146908","PKLE"
"PKLE","154","Ca44","3790.931137","PKLE"
"PKLE","155","Ca44","3061.949021","PKLE"
"PKLE","156","Ca44","3999.326966","PKLE"
"PKLE","157","Ca44","3337.092074","PKLE"
"PKLE","158","Ca44","3560.961468","PKLE"
"PKLE","159","Ca44","*","PKLE"
"PKLE","161","Ca44","2641.458778","PKLE"
"PKLE","163","Ca44","*","PKLE"
"PKLE","164","Ca44","3991.093325","PKLE"
"PKLE","166","Ca44","3788.348922","PKLE"
"PKLE","167","Ca44","4777.542349","PKLE"
"PKLE","168","Ca44","3844.634762","PKLE"
"PKLE","169","Ca44","3077.267309","PKLE"
"PKLE","170","Ca44","4098.329431","PKLE"
"PKLE","171","Ca44","4345.697476","PKLE"
"PKLE","172","Ca44","2323.669157","PKLE"
"PKLE","173","Ca44","3537.96796","PKLE"
"PKLE","174","Ca44","5415.039289","PKLE"
"PKLE","175","Ca44","5352.309146","PKLE"
"PKLE","176","Ca44","5766.554457","PKLE"
"PKLE","177","Ca44","4070.42382","PKLE"
"PKLE","178","Ca44","3202.588877","PKLE"
"PKLE","179","Ca44","*","PKLE"
"PKLE","180","Ca44","*","PKLE"
"PKLE","181","Ca44","*","PKLE"
"PKLE","182","Ca44","4124.150948","PKLE"
"PKLE","184","Ca44","4888.854805","PKLE"
"PKLE","185","Ca44","5020.331819","PKLE"
"PKLE","186","Ca44","*","PKLE"
"PKLE","187","Ca44","3170.205045","PKLE"
"PKLE","188","Ca44","3564.491711","PKLE"
"PKLE","189","Ca44","4330.879539","PKLE"
"PKLE","190","Ca44","*","PKLE"
"PKLE","191","Ca44","3306.620837","PKLE"
"PKLE","192","Ca44","*","PKLE"
"PKLE","193","Ca44","3102.925572","PKLE"
"PKLE","194","Ca44","2084.313153","PKLE"
"PKLE","195","Ca44","2758.74509","PKLE"
"PKLE","196","Ca44","*","PKLE"
"PKLE","197","Ca44","2967.847581","PKLE"
"PKLE","198","Ca44","3703.492318","PKLE"
"PKLE","199","Ca44","2307.558405","PKLE"
"PKLE","200","Ca44","4773.116361","PKLE"
"PKLE","201","Ca44","3535.604055","PKLE"
"PKLE","203","Ca44","4225.164949","PKLE"
"PKLE","204","Ca44","2444.631972","PKLE"
"PKLE","205","Ca44","6032.291631","PKLE"
"PKLE","207","Ca44","2473.106771","PKLE"
"PKLE","208","Ca44","3455.043067","PKLE"
"PKLE","209","Ca44","4946.868132","PKLE"
"PKLE","210","Ca44","2338.22469","PKLE"
"PKLE","211","Ca44","3363.676465","PKLE"
"PKLE","212","Ca44","*","PKLE"
"PKLE","213","Ca44","4306.662","PKLE"
"PKLE","214","Ca44","3663.280202","PKLE"
"PKLE","215","Ca44","3090.795152","PKLE"
"PKLE","216","Ca44","4272.816018","PKLE"
"PKLE","217","Ca44","3826.612805","PKLE"
"PKLE","218","Ca44","3069.238449","PKLE"
"PKLE","219","Ca44","*","PKLE"
"PKLE","220","Ca44","3381.217131","PKLE"
"PKLE","221","Ca44","3564.186721","PKLE"
"PKLE","222","Ca44","3306.814392","PKLE"
"PKLE","223","Ca44","*","PKLE"
"PKLE","224","Ca44","2748.40329","PKLE"
"PKLE","225","Ca44","2867.323836","PKLE"
"PKLE","226","Ca44","5550.114198","PKLE"
"PKLE","227","Ca44","4976.547747","PKLE"
"PKLE","228","Ca44","3837.006124","PKLE"
"PKLE","229","Ca44","3769.3432","PKLE"
"PKLE","230","Ca44","4617.557292","PKLE"
"PKLE","231","Ca44","3474.910568","PKLE"
"PKLE","232","Ca44","4158.712776","PKLE"
"PKLE","233","Ca44","*","PKLE"
"PKLE","234","Ca44","3580.501109","PKLE"
"PKLE","235","Ca44","3770.941186","PKLE"
"PKLE","236","Ca44","2680.897671","PKLE"
"PKLE","237","Ca44","4413.260217","PKLE"
"PKLE","238","Ca44","*","PKLE"
"PKLE","239","Ca44","2827.699577","PKLE"
"PKLE","240","Ca44","*","PKLE"
"PKLE","241","Ca44","*","PKLE"
"PKLE","242","Ca44","3405.709605","PKLE"
"PKLE","243","Ca44","2946.133522","PKLE"
"PKLE","244","Ca44","2780.593839","PKLE"
"PKLE","245","Ca44","3926.25335","PKLE"
"PKLE","246","Ca44","3278.844951","PKLE"
"PKLE","247","Ca44","6408.118792","PKLE"
"PKLE","248","Ca44","3696.136851","PKLE"
"PKLE","249","Ca44","3038.380552","PKLE"
"PKLE","250","Ca44","3484.247237","PKLE"
"PKLE","251","Ca44","*","PKLE"
"PKLE","252","Ca44","3028.011751","PKLE"
"PKLE","253","Ca44","*","PKLE"
"PKLE","254","Ca44","5875.603195","PKLE"
"PKLE","255","Ca44","3567.46046","PKLE"
"PKLE","256","Ca44","3240.947216","PKLE"
"PKLE","257","Ca44","4389.853851","PKLE"
"PKLE","258","Ca44","*","PKLE"
"PKLE","259","Ca44","4034.367346","PKLE"
"PKLE","260","Ca44","5457.767318","PKLE"
"PKLE","261","Ca44","3884.800706","PKLE"
"PKLE","262","Ca44","*","PKLE"
"PKLE","263","Ca44","6101.579309","PKLE"
"PKLE","264","Ca44","5615.773433","PKLE"
"PKLE","265","Ca44","4214.534992","PKLE"
"PKLE","267","Ca44","3154.301744","PKLE"
"PKLE","268","Ca44","*","PKLE"
"PKLE","269","Ca44","*","PKLE"
"PKLE","270","Ca44","3297.547701","PKLE"
"PKLE","271","Ca44","*","PKLE"
"PKLE","272","Ca44","3946.939614","PKLE"
"PKLE","273","Ca44","2382.892869","PKLE"
"PKLE","274","Ca44","2907.674561","PKLE"
"PKLE","275","Ca44","3223.313512","PKLE"
"PKLE","276","Ca44","*","PKLE"
"PKLE","277","Ca44","3535.060598","PKLE"
"PKLE","278","Ca44","*","PKLE"
"PKLE","279","Ca44","3368.688045","PKLE"
"PKLE","281","Ca44","4058.157284","PKLE"
"PKLE","282","Ca44","*","PKLE"
"PKLE","283","Ca44","*","PKLE"
"PKLE","284","Ca44","1532.567881","PKLE"
"PKLE","285","Ca44","*","PKLE"
"PKLE","286","Ca44","3450.537842","PKLE"
"PKLE","287","Ca44","3764.600123","PKLE"
"PKLE","288","Ca44","*","PKLE"
"PKLE","289","Ca44","3905.974586","PKLE"
"PKLE","290","Ca44","*","PKLE"
"PKLE","292","Ca44","3058.935503","PKLE"
"PKLE","293","Ca44","4265.828554","PKLE"
"PKLE","294","Ca44","4422.881287","PKLE"
"PKLE","296","Ca44","4599.793497","PKLE"
"PKLE","297","Ca44","3197.056117","PKLE"
"PKLE","298","Ca44","*","PKLE"
"PKLE","299","Ca44","3839.717345","PKLE"
"PKLE","300","Ca44","5096.13305","PKLE"
"PKLE","301","Ca44","3944.859044","PKLE"
"PKLE","302","Ca44","4326.287237","PKLE"
"PKLE","303","Ca44","2631.021326","PKLE"
"PKLE","304","Ca44","3466.37701","PKLE"
"PKLE","305","Ca44","3536.039404","PKLE"
"PKLE","306","Ca44","5412.293096","PKLE"
"PKLE","307","Ca44","2380.095493","PKLE"
"PKLE","308","Ca44","5802.460034","PKLE"
"PKLE","310","Ca44","6106.234583","PKLE"
"PKLE","311","Ca44","2897.382267","PKLE"
"PKLE","312","Ca44","2295.495592","PKLE"
"PKLE","313","Ca44","3451.199821","PKLE"
"PKLE","314","Ca44","3367.075102","PKLE"
"PKLE","315","Ca44","4595.018212","PKLE"
"PKLE","317","Ca44","3317.51149","PKLE"
"PKLE","318","Ca44","3796.793802","PKLE"
"PKLE","319","Ca44","*","PKLE"
"PKLE","320","Ca44","5067.811473","PKLE"
"PKLE","322","Ca44","2721.041032","PKLE"
"PKLE","323","Ca44","4043.390273","PKLE"
"PKLE","324","Ca44","3011.717066","PKLE"
"PKLE","325","Ca44","4360.637373","PKLE"
"PKLE","326","Ca44","*","PKLE"
"PKLE","328","Ca44","3902.110794","PKLE"
"PKLE","330","Ca44","4568.337597","PKLE"
"PKLE","332","Ca44","3621.117723","PKLE"
"PKLE","333","Ca44","3454.534004","PKLE"
"PKLE","334","Ca44","4544.870995","PKLE"
"PKLE","335","Ca44","5354.30596","PKLE"
"PKLE","336","Ca44","5057.51554","PKLE"
"PKLE","337","Ca44","3909.244391","PKLE"
"PKLE","338","Ca44","2800.685754","PKLE"
"PKLE","339","Ca44","3367.711317","PKLE"
"PKLE","340","Ca44","4334.675467","PKLE"
"PKLE","341","Ca44","5153.630058","PKLE"
"PKLE","342","Ca44","4620.572595","PKLE"
"PKLE","343","Ca44","3151.489306","PKLE"
"PKLE","345","Ca44","4808.729825","PKLE"
"PKLE","346","Ca44","4341.413818","PKLE"
"PKLE","347","Ca44","4463.650951","PKLE"
"PKLE","349","Ca44","3986.592178","PKLE"
"PKLE","350","Ca44","3085.573945","PKLE"
"PKLE","352","Ca44","3003.986026","PKLE"
"PKLE","353","Ca44","2640.949422","PKLE"
"PKLE","354","Ca44","2495.831572","PKLE"
"PKLE","355","Ca44","*","PKLE"
"PKLE","356","Ca44","4556.471085","PKLE"
"PKLE","358","Ca44","3375.753208","PKLE"
"PKLE","359","Ca44","3983.048242","PKLE"
"PKLE","360","Ca44","3111.848628","PKLE"
"PKLE","361","Ca44","3910.387982","PKLE"
"PKLE","363","Ca44","4400.167923","PKLE"
"PKLE","364","Ca44","3098.114727","PKLE"
"PKLE","365","Ca44","5510.308796","PKLE"
"PKLE","366","Ca44","4580.102447","PKLE"
"PKLE","367","Ca44","3200.255761","PKLE"
"PKLE","368","Ca44","2099.003179","PKLE"
"PKLE","369","Ca44","2957.885601","PKLE"
"PKLE","370","Ca44","3754.324782","PKLE"
"PKLE","371","Ca44","3686.006812","PKLE"
"PKLE","372","Ca44","3115.288267","PKLE"
"PKLE","373","Ca44","2987.254417","PKLE"
"PKLE","374","Ca44","3231.829148","PKLE"
"PKLE","375","Ca44","5302.20341","PKLE"
"PKLE","377","Ca44","*","PKLE"
"PKLE","378","Ca44","2727.150384","PKLE"
"PKLE","379","Ca44","2652.367771","PKLE"
"PKLE","380","Ca44","3298.644014","PKLE"
"PKLE","381","Ca44","3814.167728","PKLE"
"PKLE","382","Ca44","3221.005809","PKLE"
"PKLE","383","Ca44","3638.533892","PKLE"
"PKLE","384","Ca44","3724.832952","PKLE"
"PKLE","386","Ca44","5526.1603","PKLE"
"PKLE","388","Ca44","3155.381444","PKLE"
"PKLE","389","Ca44","3149.90093","PKLE"
"PKLE","390","Ca44","3571.116205","PKLE"
"PKLE","391","Ca44","3157.86614","PKLE"
"PKLE","392","Ca44","4720.892826","PKLE"
"PKLE","393","Ca44","4280.08949","PKLE"
"PKLE","394","Ca44","*","PKLE"
"PKLE","395","Ca44","3070.652981","PKLE"
"PKLE","396","Ca44","4716.937257","PKLE"
"PKLE","397","Ca44","4066.876515","PKLE"
"PKLE","398","Ca44","*","PKLE"
"PKLE","399","Ca44","3951.589625","PKLE"
"PKLE","400","Ca44","4282.505558","PKLE"
"PKLE","402","Ca44","3767.655192","PKLE"
"PKLE","403","Ca44","*","PKLE"
"PKLE","404","Ca44","4676.277684","PKLE"
"PKLE","405","Ca44","4025.176004","PKLE"
"PKLE","406","Ca44","3043.885552","PKLE"
"PKLE","407","Ca44","4095.154702","PKLE"
"PKLE","408","Ca44","3809.868752","PKLE"
"PKLE","409","Ca44","4439.222682","PKLE"
"PKLE","410","Ca44","2857.152013","PKLE"
"PKLE","411","Ca44","5111.367065","PKLE"
"PKLE","412","Ca44","2430.704996","PKLE"
"PKLE","413","Ca44","3214.285399","PKLE"
"PKLE","414","Ca44","3211.202918","PKLE"
"PKLE","415","Ca44","2537.802459","PKLE"
"PKLE","416","Ca44","4858.719433","PKLE"
"PKLE","417","Ca44","4401.645429","PKLE"
"PKLE","418","Ca44","*","PKLE"
"PKLE","419","Ca44","*","PKLE"
"PKLE","420","Ca44","4294.38028","PKLE"
"PKLE","421","Ca44","*","PKLE"
"PKLE","422","Ca44","4186.062803","PKLE"
"PKLE","423","Ca44","3133.034122","PKLE"
"PKLE","424","Ca44","4660.455264","PKLE"
"PKLE","425","Ca44","5002.748554","PKLE"
"PKLE","426","Ca44","3796.510271","PKLE"
"PKLE","427","Ca44","*","PKLE"
"PKLE","428","Ca44","2909.023993","PKLE"
"PKLE","429","Ca44","4879.722607","PKLE"
"PKLE","431","Ca44","4181.635305","PKLE"
"PKLE","432","Ca44","4973.585288","PKLE"
"PKLE","433","Ca44","3735.024092","PKLE"
"PKLE","435","Ca44","2946.86364","PKLE"
"PKLE","436","Ca44","2190.981416","PKLE"
"PKLE","437","Ca44","4306.241895","PKLE"
"PKLE","438","Ca44","3766.240638","PKLE"
"PKLE","439","Ca44","4067.337878","PKLE"
"PKLE","440","Ca44","2912.980519","PKLE"
"PKLE","442","Ca44","3022.373493","PKLE"
"PKLE","443","Ca44","3353.78689","PKLE"
"PKLE","444","Ca44","3332.020413","PKLE"
"PKLE","445","Ca44","2388.868202","PKLE"
"PKLE","446","Ca44","*","PKLE"
"PKLE","447","Ca44","3497.331925","PKLE"
"PKLE","448","Ca44","3369.618322","PKLE"
"PKLE","449","Ca44","4016.125183","PKLE"
"PKLE","450","Ca44","4360.221401","PKLE"
"PKLE","451","Ca44","3265.668358","PKLE"
"PKLE","452","Ca44","3445.555467","PKLE"
"PKLE","453","Ca44","3666.237248","PKLE"
"PKLE","454","Ca44","*","PKLE"
"PKLE","455","Ca44","3369.263567","PKLE"
"PKLE","456","Ca44","2855.500079","PKLE"
"PKLE","458","Ca44","5406.605364","PKLE"
"PKLE","459","Ca44","3184.797555","PKLE"
"PKLE","460","Ca44","4258.925258","PKLE"
"PKLE","461","Ca44","3883.310589","PKLE"
"PKLE","462","Ca44","2891.294794","PKLE"
"PKLE","463","Ca44","4185.2361705","PKLE"
"PKLE","464","Ca44","3240.794539","PKLE"
"PKLE","465","Ca44","3930.715242","PKLE"
"PKLE","466","Ca44","3623.506268","PKLE"
"PKLE","467","Ca44","4256.228789","PKLE"
"PKLE","468","Ca44","3067.678329","PKLE"
"PKLE","469","Ca44","3805.07196","PKLE"
"PKLE","470","Ca44","3788.701315","PKLE"
"PKLE","471","Ca44","3504.649307","PKLE"
"PKLE","472","Ca44","4524.887959","PKLE"
"PKLE","473","Ca44","2974.417033","PKLE"
"PKLE","474","Ca44","4909.933645","PKLE"
"PKLE","475","Ca44","3832.755283","PKLE"
"PKLE","476","Ca44","4464.879002","PKLE"
"PKLE","477","Ca44","2831.45221","PKLE"
"PKLE","479","Ca44","4274.856957","PKLE"
"PKLE","480","Ca44","3647.737216","PKLE"
"PKLE","482","Ca44","4780.452676","PKLE"
"PKLE","483","Ca44","3313.970564","PKLE"
"PKLE","484","Ca44","4353.75189","PKLE"
"PKLE","485","Ca44","4787.670712","PKLE"
"PKLE","486","Ca44","6147.680155","PKLE"
"PKLE","487","Ca44","3688.3763595","PKLE"
"PKLE","488","Ca44","3486.293368","PKLE"
"PKLE","489","Ca44","2709.173622","PKLE"
"PKLE","491","Ca44","3788.465659","PKLE"
"PKLE","492","Ca44","4021.41555","PKLE"
"PKLE","493","Ca44","5575.0000195","PKLE"
"PKLE","494","Ca44","3842.154877","PKLE"
"PKLE","495","Ca44","2799.524632","PKLE"
"PKLE","496","Ca44","2805.50762","PKLE"
"PKLE","497","Ca44","2384.028534","PKLE"
"PKLE","498","Ca44","3341.449375","PKLE"
"PKLE","499","Ca44","3096.476378","PKLE"
"PKLE","500","Ca44","3059.324274","PKLE"
"PKLE","501","Ca44","3890.215663","PKLE"
"PKLE","502","Ca44","4041.735366","PKLE"
"PKLE","503","Ca44","2892.091844","PKLE"
"PKLE","504","Ca44","3904.339303","PKLE"
"PKLE","505","Ca44","3407.159743","PKLE"
"PKLE","506","Ca44","3718.879897","PKLE"
"PKLE","507","Ca44","4137.062328","PKLE"
"PKLE","508","Ca44","3738.192438","PKLE"
"PKLE","511","Ca44","3166.629857","PKLE"
"PKLE","512","Ca44","3432.827729","PKLE"
"PKLE","513","Ca44","3818.68731","PKLE"
"PKLE","514","Ca44","3620.452121","PKLE"
"PKLE","515","Ca44","3426.178378","PKLE"
"PKLE","516","Ca44","2806.70324","PKLE"
"PKLE","518","Ca44","3649.728395","PKLE"
"PKLE","519","Ca44","*","PKLE"
"PKLE","520","Ca44","3515.858114","PKLE"
"PKLE","521","Ca44","4008.421976","PKLE"
"PKLE","522","Ca44","3025.483653","PKLE"
"PKLE","523","Ca44","2260.564479","PKLE"
"PKLE","524","Ca44","4607.08583","PKLE"
"PKLE","525","Ca44","2544.271727","PKLE"
"PKLE","526","Ca44","3594.602995","PKLE"
"PKLE","527","Ca44","3546.452308","PKLE"
"PKLE","529","Ca44","5619.864849","PKLE"
"PKLE","530","Ca44","4582.077786","PKLE"
"PKLE","531","Ca44","4232.921623","PKLE"
"PKLE","532","Ca44","5012.503625","PKLE"
"PKLE","533","Ca44","2625.560675","PKLE"
"PKLE","534","Ca44","3998.677838","PKLE"
"PKLE","535","Ca44","2154.139819","PKLE"
"PKLE","536","Ca44","3910.183078","PKLE"
"PKLE","537","Ca44","3984.811229","PKLE"
"PKLE","539","Ca44","3199.337345","PKLE"
"PKLE","540","Ca44","4546.79382","PKLE"
"PKLE","541","Ca44","5504.808681","PKLE"
"PKLE","542","Ca44","3156.110894","PKLE"
"PKLE","544","Ca44","2137.688136","PKLE"
"PKLE","545","Ca44","4443.341477","PKLE"
"PKLE","546","Ca44","2608.530482","PKLE"
"PKLE","547","Ca44","3535.615809","PKLE"
"PKLE","548","Ca44","4234.883983","PKLE"
"PKLE","549","Ca44","3857.400947","PKLE"
"PKLE","551","Ca44","3371.246521","PKLE"
"PKLE","552","Ca44","3509.54894","PKLE"
"PKLE","553","Ca44","4362.562173","PKLE"
"PKLE","555","Ca44","2590.567838","PKLE"
"PKLE","556","Ca44","2649.786738","PKLE"
"PKLE","557","Ca44","*","PKLE"
"PKLE","558","Ca44","2901.608343","PKLE"
"PKLE","559","Ca44","2595.33038","PKLE"
"PKLE","560","Ca44","5149.62052","PKLE"
"PKLE","562","Ca44","2541.837855","PKLE"
"PKLE","563","Ca44","4199.814001","PKLE"
"PKLE","564","Ca44","3259.451423","PKLE"
"PKLE","565","Ca44","3638.319394","PKLE"
"PKLE","566","Ca44","5218.730653","PKLE"
"PKLE","567","Ca44","3252.989022","PKLE"
"PKLE","569","Ca44","3972.365707","PKLE"
"PKLE","570","Ca44","4392.567839","PKLE"
"PKLE","571","Ca44","3496.389647","PKLE"
"PKLE","572","Ca44","3906.118759","PKLE"
"PKLE","573","Ca44","4243.575996","PKLE"
"PKLE","574","Ca44","3586.075034","PKLE"
"PKLE","576","Ca44","3280.328235","PKLE"
"PKLE","577","Ca44","4134.875911","PKLE"
"PKLE","578","Ca44","2749.682778","PKLE"
"PKLE","579","Ca44","*","PKLE"
"PKLE","580","Ca44","2808.293678","PKLE"
"PKLE","581","Ca44","5077.33636","PKLE"
"PKLE","583","Ca44","3583.761023","PKLE"
"PKLE","584","Ca44","2674.106749","PKLE"
"PKLE","585","Ca44","3455.638722","PKLE"
"PKLE","586","Ca44","4277.278255","PKLE"
"PKLE","588","Ca44","*","PKLE"
"PKLE","589","Ca44","2891.100081","PKLE"
"PKLE","592","Ca44","4690.627423","PKLE"
"PKLE","593","Ca44","4169.002984","PKLE"
"PKLE","594","Ca44","3921.316436","PKLE"
"PKLE","595","Ca44","3669.562369","PKLE"
"PKLE","596","Ca44","2584.073427","PKLE"
"PKLE","597","Ca44","*","PKLE"
"PKLE","598","Ca44","2186.263478","PKLE"
"PKLE","599","Ca44","4026.1250865","PKLE"
"PKLE","600","Ca44","2896.1348995","PKLE"
"PKLE","601","Ca44","2493.715197","PKLE"
"PKLE","602","Ca44","3090.780528","PKLE"
"PKLE","603","Ca44","2922.143507","PKLE"
"PKLE","604","Ca44","3137.230842","PKLE"
"PKLE","605","Ca44","3368.353873","PKLE"
"PKLE","606","Ca44","2684.621515","PKLE"
"PKLE","608","Ca44","3518.971047","PKLE"
"PKLE","609","Ca44","4512.623058","PKLE"
"PKLE","610","Ca44","3280.674969","PKLE"
"PKLE","611","Ca44","5239.216777","PKLE"
"PKLE","612","Ca44","3846.254358","PKLE"
"PKLE","613","Ca44","3993.337843","PKLE"
"PKLE","614","Ca44","3289.636762","PKLE"
"PKLE","618","Ca44","3727.914413","PKLE"
"PKLE","619","Ca44","4614.781491","PKLE"
"PKLE","620","Ca44","4433.472722","PKLE"
"PKLE","621","Ca44","5246.748387","PKLE"
"PKLE","622","Ca44","3523.283796","PKLE"
"PKLE","623","Ca44","*","PKLE"
"PKLE","624","Ca44","2859.270891","PKLE"
"PKLE","625","Ca44","*","PKLE"
"PKLE","627","Ca44","3758.146219","PKLE"
"PKLE","628","Ca44","3649.158646","PKLE"
"PKLE","629","Ca44","3404.121135","PKLE"
"PKLE","630","Ca44","*","PKLE"
"PKLE","632","Ca44","3581.905655","PKLE"
"PKLE","633","Ca44","2360.455327","PKLE"
"PKLE","634","Ca44","2948.258227","PKLE"
"PKLE","635","Ca44","4508.038925","PKLE"
"PKLE","636","Ca44","3655.302716","PKLE"
"PKLE","637","Ca44","4956.372002","PKLE"
"PKLE","638","Ca44","2436.096831","PKLE"
"PKLE","639","Ca44","2373.758253","PKLE"
"PKLE","640","Ca44","4307.826637","PKLE"
"PKLE","641","Ca44","3920.551605","PKLE"
"PKLE","642","Ca44","4774.250486","PKLE"
"PKLE","643","Ca44","4185.963698","PKLE"
"PKLE","644","Ca44","3371.588964","PKLE"
"PKLE","645","Ca44","*","PKLE"
"PKLE","647","Ca44","5479.100197","PKLE"
"PKLE","648","Ca44","3651.314505","PKLE"
"PKLE","649","Ca44","3768.119353","PKLE"
"PKLE","652","Ca44","*","PKLE"
"PKLE","654","Ca44","4753.749846","PKLE"
"PKLE","655","Ca44","3611.885935","PKLE"
"PKLE","656","Ca44","2565.221846","PKLE"
"PKLE","657","Ca44","4266.585849","PKLE"
"PKLE","658","Ca44","3847.531736","PKLE"
"PKLE","660","Ca44","3868.47953","PKLE"
"PKLE","661","Ca44","3747.338424","PKLE"
"PKLE","663","Ca44","3006.530654","PKLE"
"PKLE","664","Ca44","4583.744436","PKLE"
"PKLE","666","Ca44","4153.589385","PKLE"
"PKLE","667","Ca44","4219.073956","PKLE"
"PKLE","668","Ca44","2416.188775","PKLE"
"PKLE","669","Ca44","2796.622033","PKLE"
"PKLE","670","Ca44","3061.279881","PKLE"
"PKLE","671","Ca44","*","PKLE"
"PKLE","672","Ca44","2542.899999","PKLE"
"PKLE","673","Ca44","4165.588592","PKLE"
"PKLE","674","Ca44","3840.158059","PKLE"
"PKLE","675","Ca44","5622.4869","PKLE"
"PKLE","677","Ca44","4515.236526","PKLE"
"PKLE","679","Ca44","2607.644575","PKLE"
"PKLE","680","Ca44","3100.290979","PKLE"
"PKLE","681","Ca44","3849.499363","PKLE"
"PKLE","682","Ca44","3224.963272","PKLE"
"PKLE","683","Ca44","4764.060747","PKLE"
"PKLE","684","Ca44","3752.086043","PKLE"
"PKLE","685","Ca44","2639.692905","PKLE"
"PKLE","686","Ca44","5392.590246","PKLE"
"PKLE","689","Ca44","3322.474797","PKLE"
"PKLE","690","Ca44","3044.463444","PKLE"
"PKLE","691","Ca44","3807.545071","PKLE"
"PKLE","692","Ca44","3667.607757","PKLE"
"PKLE","693","Ca44","4351.457526","PKLE"
"PKLE","694","Ca44","4320.587355","PKLE"
"PKLE","695","Ca44","2469.882377","PKLE"
"PKLE","696","Ca44","2985.167449","PKLE"
"PKLE","697","Ca44","2705.858946","PKLE"
"PKLE","698","Ca44","3832.23888","PKLE"
"PKLE","699","Ca44","3635.931627","PKLE"
"PKLE","700","Ca44","*","PKLE"
"PKLE","702","Ca44","2572.124997","PKLE"
"PKLE","703","Ca44","3225.983817","PKLE"
"PKLE","704","Ca44","3980.742913","PKLE"
"PKLE","705","Ca44","3093.64043","PKLE"
"PKLE","706","Ca44","2684.356594","PKLE"
"PKLE","707","Ca44","*","PKLE"
"PKLE","708","Ca44","4293.957138","PKLE"
"PKLE","710","Ca44","4127.878693","PKLE"
"PKLE","711","Ca44","3994.459982","PKLE"
"PKLE","712","Ca44","3571.054568","PKLE"
"PKLE","713","Ca44","2680.543749","PKLE"
"PKLE","714","Ca44","2930.950557","PKLE"
"PKLE","715","Ca44","4476.299389","PKLE"
"PKLE","716","Ca44","2967.477218","PKLE"
"PKLE","718","Ca44","3167.284719","PKLE"
"PKLE","719","Ca44","3798.883986","PKLE"
"PKLE","720","Ca44","2281.105653","PKLE"
"PKLE","721","Ca44","4565.046928","PKLE"
"PKLE","722","Ca44","4069.114084","PKLE"
"PKLE","723","Ca44","1993.848287","PKLE"
"PKLE","724","Ca44","6470.554702","PKLE"
"PKLE","725","Ca44","3253.556021","PKLE"
"PKLE","726","Ca44","4709.564507","PKLE"
"PKLE","729","Ca44","3156.075838","PKLE"
"PKLE","730","Ca44","4895.580984","PKLE"
"PKLE","731","Ca44","4339.228771","PKLE"
"PKLE","732","Ca44","5426.226627","PKLE"
"PKLE","733","Ca44","4065.9055","PKLE"
"PKLE","734","Ca44","5280.304185","PKLE"
"PKLE","735","Ca44","3460.195725","PKLE"
"PKLE","736","Ca44","3131.325843","PKLE"
"PKLE","737","Ca44","3725.609389","PKLE"
"PKLE","738","Ca44","4371.542846","PKLE"
"PKLE","739","Ca44","3933.813136","PKLE"
"PKLE","740","Ca44","2313.569224","PKLE"
"PKLE","742","Ca44","3148.310245","PKLE"
"PKLE","743","Ca44","*","PKLE"
"PKLE","744","Ca44","*","PKLE"
"PKLE","745","Ca44","3161.829215","PKLE"
"PKLE","746","Ca44","4471.672703","PKLE"
"PKLE","748","Ca44","4206.980171","PKLE"
"PKLE","749","Ca44","3041.17496","PKLE"
"PKLE","750","Ca44","3832.457308","PKLE"
"PKLE","751","Ca44","3038.460982","PKLE"
"PKLE","752","Ca44","4648.131074","PKLE"
"PKLE","753","Ca44","5238.437168","PKLE"
"PKLE","755","Ca44","1828.707488","PKLE"
"PKLE","756","Ca44","2988.311908","PKLE"
"PKLE","757","Ca44","3484.193499","PKLE"
"PKLE","758","Ca44","3858.955738","PKLE"
"PKLE","759","Ca44","3211.161899","PKLE"
"PKLE","760","Ca44","*","PKLE"
"PKLE","761","Ca44","4238.465891","PKLE"
"PKLE","762","Ca44","4105.823589","PKLE"
"PKLE","763","Ca44","*","PKLE"
"PKLE","764","Ca44","3498.356279","PKLE"
"PKLE","765","Ca44","4420.559259","PKLE"
"PKLE","766","Ca44","5368.353261","PKLE"
"PKLE","767","Ca44","4075.335716","PKLE"
"PKLE","768","Ca44","3160.010878","PKLE"
"PKLE","769","Ca44","3249.621719","PKLE"
"PKLE","770","Ca44","4574.922931","PKLE"
"PKLE","771","Ca44","2862.121449","PKLE"
"PKLE","772","Ca44","3357.447601","PKLE"
"PKLE","773","Ca44","4424.458327","PKLE"
"PKLE","774","Ca44","3893.449754","PKLE"
"PKLE","775","Ca44","5350.329166","PKLE"
"PKLE","776","Ca44","3168.277854","PKLE"
"PKLE","777","Ca44","4134.173528","PKLE"
"PKLE","778","Ca44","2955.356027","PKLE"
"PKLE","779","Ca44","5317.897222","PKLE"
"PKLE","780","Ca44","3276.792513","PKLE"
"PKLE","781","Ca44","2922.773724","PKLE"
"PKLE","782","Ca44","4058.0852","PKLE"
"PKLE","783","Ca44","3154.101873","PKLE"
"PKLE","784","Ca44","4041.433636","PKLE"
"PKLE","785","Ca44","2863.124638","PKLE"
"PKLE","786","Ca44","3468.127674","PKLE"
"PKLE","787","Ca44","*","PKLE"
"PKLE","788","Ca44","3733.490303","PKLE"
"PKLE","789","Ca44","2803.453757","PKLE"
"PKLE","790","Ca44","3330.117511","PKLE"
"PKLE","792","Ca44","3757.997034","PKLE"
"PKLE","794","Ca44","5100.583718","PKLE"
"PKLE","795","Ca44","2952.604652","PKLE"
"PKLE","796","Ca44","4049.279069","PKLE"
"PKLE","797","Ca44","2946.971375","PKLE"
"PKLE","799","Ca44","3651.793641","PKLE"
"PKLE","800","Ca44","4452.588487","PKLE"
"PKLE","801","Ca44","4318.174089","PKLE"
"PKLE","802","Ca44","3809.726943","PKLE"
"PKLE","803","Ca44","3692.508896","PKLE"
"PKLE","804","Ca44","4416.539756","PKLE"
"PKLE","805","Ca44","4733.66912","PKLE"
"PKLE","806","Ca44","3695.269103","PKLE"
"PKLE","808","Ca44","4136.748971","PKLE"
"PKLE","809","Ca44","3679.642279","PKLE"
"PKLE","810","Ca44","4716.372571","PKLE"
"PKLE","811","Ca44","3951.142563","PKLE"
"PKLE","812","Ca44","*","PKLE"
"PKLE","813","Ca44","2875.102409","PKLE"
"PKLE","814","Ca44","3676.276904","PKLE"
"PKLE","815","Ca44","3833.657626","PKLE"
"PKLE","816","Ca44","3390.767713","PKLE"
"PKLE","817","Ca44","*","PKLE"
"PKLE","818","Ca44","3504.95648","PKLE"
"PKLE","819","Ca44","*","PKLE"
"PKLE","820","Ca44","*","PKLE"
"PKLE","821","Ca44","3017.189562","PKLE"
"PKLE","822","Ca44","3011.624928","PKLE"
"PKLE","823","Ca44","*","PKLE"
"PKLE","824","Ca44","4789.211375","PKLE"
"PKLE","825","Ca44","3328.164357","PKLE"
