"SITE","LINE","traits","Mo98","SITE2"
"CLMB","1","Mo98","0.077410516","CLMB"
"CLMB","2","Mo98","0.062743162","CLMB"
"CLMB","3","Mo98","0.03186515","CLMB"
"CLMB","4","Mo98","0.067538173","CLMB"
"CLMB","5","Mo98","0.061385184","CLMB"
"CLMB","7","Mo98","0.062411559","CLMB"
"CLMB","8","Mo98","*","CLMB"
"CLMB","9","Mo98","0.02564139","CLMB"
"CLMB","10","Mo98","*","CLMB"
"CLMB","11","Mo98","0.056813867","CLMB"
"CLMB","12","Mo98","0.067273764","CLMB"
"CLMB","13","Mo98","0.064833225","CLMB"
"CLMB","14","Mo98","*","CLMB"
"CLMB","15","Mo98","0.048176475","CLMB"
"CLMB","16","Mo98","*","CLMB"
"CLMB","17","Mo98","0.034787957","CLMB"
"CLMB","18","Mo98","*","CLMB"
"CLMB","19","Mo98","0.036639666","CLMB"
"CLMB","20","Mo98","0.029400754","CLMB"
"CLMB","21","Mo98","0.048548512","CLMB"
"CLMB","22","Mo98","*","CLMB"
"CLMB","23","Mo98","0.084321799","CLMB"
"CLMB","24","Mo98","0.053770428","CLMB"
"CLMB","25","Mo98","0.042617391","CLMB"
"CLMB","26","Mo98","0.053946868","CLMB"
"CLMB","28","Mo98","0.042047757","CLMB"
"CLMB","29","Mo98","*","CLMB"
"CLMB","30","Mo98","0.080971837","CLMB"
"CLMB","31","Mo98","*","CLMB"
"CLMB","32","Mo98","0.090365908","CLMB"
"CLMB","33","Mo98","0.072860503","CLMB"
"CLMB","34","Mo98","0.054013695","CLMB"
"CLMB","35","Mo98","0.038119239","CLMB"
"CLMB","36","Mo98","0.040669121","CLMB"
"CLMB","37","Mo98","0.035946038","CLMB"
"CLMB","38","Mo98","0.05591347","CLMB"
"CLMB","39","Mo98","0.081579366","CLMB"
"CLMB","40","Mo98","0.06146651","CLMB"
"CLMB","41","Mo98","0.042847958","CLMB"
"CLMB","42","Mo98","*","CLMB"
"CLMB","43","Mo98","0.050480858","CLMB"
"CLMB","44","Mo98","0.056563591","CLMB"
"CLMB","46","Mo98","0.079868297","CLMB"
"CLMB","48","Mo98","0.07559543","CLMB"
"CLMB","49","Mo98","0.049842585","CLMB"
"CLMB","50","Mo98","0.082570591","CLMB"
"CLMB","52","Mo98","0.10168261","CLMB"
"CLMB","53","Mo98","0.052231555","CLMB"
"CLMB","54","Mo98","0.042516104","CLMB"
"CLMB","55","Mo98","0.085092709","CLMB"
"CLMB","56","Mo98","*","CLMB"
"CLMB","57","Mo98","0.047353763","CLMB"
"CLMB","58","Mo98","*","CLMB"
"CLMB","59","Mo98","0.067211868","CLMB"
"CLMB","60","Mo98","0.032788796","CLMB"
"CLMB","61","Mo98","0.035930108","CLMB"
"CLMB","62","Mo98","0.090104508","CLMB"
"CLMB","63","Mo98","0.058566693","CLMB"
"CLMB","64","Mo98","*","CLMB"
"CLMB","65","Mo98","0.035388141","CLMB"
"CLMB","66","Mo98","0.033380726","CLMB"
"CLMB","67","Mo98","0.027715815","CLMB"
"CLMB","68","Mo98","0.050034859","CLMB"
"CLMB","69","Mo98","0.059627576","CLMB"
"CLMB","70","Mo98","*","CLMB"
"CLMB","71","Mo98","0.088446222","CLMB"
"CLMB","72","Mo98","0.042958147","CLMB"
"CLMB","73","Mo98","0.051708343","CLMB"
"CLMB","74","Mo98","0.076902161","CLMB"
"CLMB","75","Mo98","0.102052248","CLMB"
"CLMB","76","Mo98","0.042681159","CLMB"
"CLMB","77","Mo98","*","CLMB"
"CLMB","78","Mo98","0.046280651","CLMB"
"CLMB","79","Mo98","0.031757743","CLMB"
"CLMB","80","Mo98","0.036700836","CLMB"
"CLMB","81","Mo98","*","CLMB"
"CLMB","83","Mo98","0.06397585","CLMB"
"CLMB","84","Mo98","*","CLMB"
"CLMB","85","Mo98","0.032977888","CLMB"
"CLMB","86","Mo98","0.054404818","CLMB"
"CLMB","87","Mo98","0.047800122","CLMB"
"CLMB","88","Mo98","0.035550474","CLMB"
"CLMB","89","Mo98","0.03260539","CLMB"
"CLMB","90","Mo98","0.082879966","CLMB"
"CLMB","91","Mo98","0.054172973","CLMB"
"CLMB","93","Mo98","0.085645179","CLMB"
"CLMB","94","Mo98","0.045323136","CLMB"
"CLMB","95","Mo98","*","CLMB"
"CLMB","96","Mo98","*","CLMB"
"CLMB","97","Mo98","0.037453648","CLMB"
"CLMB","99","Mo98","0.048747523","CLMB"
"CLMB","100","Mo98","0.037712356","CLMB"
"CLMB","101","Mo98","*","CLMB"
"CLMB","103","Mo98","0.086054616","CLMB"
"CLMB","104","Mo98","0.078136112","CLMB"
"CLMB","105","Mo98","0.040024118","CLMB"
"CLMB","106","Mo98","0.050929892","CLMB"
"CLMB","107","Mo98","0.09829006","CLMB"
"CLMB","110","Mo98","0.028765189","CLMB"
"CLMB","111","Mo98","0.055087904","CLMB"
"CLMB","112","Mo98","0.048642677","CLMB"
"CLMB","113","Mo98","*","CLMB"
"CLMB","114","Mo98","0.03952298","CLMB"
"CLMB","115","Mo98","*","CLMB"
"CLMB","116","Mo98","0.076998443","CLMB"
"CLMB","117","Mo98","0.054468776","CLMB"
"CLMB","118","Mo98","0.033942552","CLMB"
"CLMB","119","Mo98","0.065106061","CLMB"
"CLMB","120","Mo98","0.057109854","CLMB"
"CLMB","122","Mo98","0.059846098","CLMB"
"CLMB","123","Mo98","0.076224453","CLMB"
"CLMB","125","Mo98","0.051098989","CLMB"
"CLMB","126","Mo98","*","CLMB"
"CLMB","127","Mo98","*","CLMB"
"CLMB","128","Mo98","0.059655166","CLMB"
"CLMB","130","Mo98","0.117122365","CLMB"
"CLMB","131","Mo98","0.035288061","CLMB"
"CLMB","132","Mo98","0.071468777","CLMB"
"CLMB","134","Mo98","0.042023393","CLMB"
"CLMB","135","Mo98","0.051440906","CLMB"
"CLMB","136","Mo98","*","CLMB"
"CLMB","137","Mo98","0.077957151","CLMB"
"CLMB","138","Mo98","*","CLMB"
"CLMB","139","Mo98","*","CLMB"
"CLMB","141","Mo98","0.052392204","CLMB"
"CLMB","142","Mo98","0.079997731","CLMB"
"CLMB","143","Mo98","0.053302772","CLMB"
"CLMB","144","Mo98","*","CLMB"
"CLMB","145","Mo98","0.080866965","CLMB"
"CLMB","146","Mo98","*","CLMB"
"CLMB","147","Mo98","0.046550393","CLMB"
"CLMB","148","Mo98","*","CLMB"
"CLMB","150","Mo98","0.088466915","CLMB"
"CLMB","151","Mo98","0.051618185","CLMB"
"CLMB","152","Mo98","*","CLMB"
"CLMB","153","Mo98","0.034210999","CLMB"
"CLMB","154","Mo98","0.049696968","CLMB"
"CLMB","155","Mo98","0.050128357","CLMB"
"CLMB","156","Mo98","0.073935151","CLMB"
"CLMB","157","Mo98","0.108803583","CLMB"
"CLMB","158","Mo98","0.065792298","CLMB"
"CLMB","159","Mo98","0.044140489","CLMB"
"CLMB","161","Mo98","0.081130682","CLMB"
"CLMB","163","Mo98","0.031530442","CLMB"
"CLMB","164","Mo98","0.078606162","CLMB"
"CLMB","166","Mo98","0.061733442","CLMB"
"CLMB","167","Mo98","0.041075822","CLMB"
"CLMB","168","Mo98","0.041712933","CLMB"
"CLMB","169","Mo98","*","CLMB"
"CLMB","170","Mo98","*","CLMB"
"CLMB","171","Mo98","0.069582244","CLMB"
"CLMB","172","Mo98","0.05189152","CLMB"
"CLMB","173","Mo98","0.045694905","CLMB"
"CLMB","174","Mo98","0.082391011","CLMB"
"CLMB","175","Mo98","0.09200072","CLMB"
"CLMB","176","Mo98","0.054583554","CLMB"
"CLMB","177","Mo98","0.049941112","CLMB"
"CLMB","178","Mo98","0.038294959","CLMB"
"CLMB","179","Mo98","0.06325358","CLMB"
"CLMB","180","Mo98","0.032521013","CLMB"
"CLMB","181","Mo98","0.072735387","CLMB"
"CLMB","182","Mo98","0.045611934","CLMB"
"CLMB","184","Mo98","0.065239353","CLMB"
"CLMB","185","Mo98","0.090989291","CLMB"
"CLMB","186","Mo98","0.099627573","CLMB"
"CLMB","187","Mo98","0.11810129","CLMB"
"CLMB","188","Mo98","0.086388905","CLMB"
"CLMB","189","Mo98","*","CLMB"
"CLMB","190","Mo98","*","CLMB"
"CLMB","191","Mo98","0.054366201","CLMB"
"CLMB","192","Mo98","0.102844433","CLMB"
"CLMB","193","Mo98","0.0978671","CLMB"
"CLMB","194","Mo98","0.045127727","CLMB"
"CLMB","195","Mo98","0.043596289","CLMB"
"CLMB","196","Mo98","0.0390592","CLMB"
"CLMB","197","Mo98","0.049424638","CLMB"
"CLMB","198","Mo98","0.073535205","CLMB"
"CLMB","199","Mo98","0.041857781","CLMB"
"CLMB","200","Mo98","0.061100633","CLMB"
"CLMB","201","Mo98","*","CLMB"
"CLMB","203","Mo98","0.05609249","CLMB"
"CLMB","204","Mo98","0.070457068","CLMB"
"CLMB","205","Mo98","*","CLMB"
"CLMB","207","Mo98","0.029102228","CLMB"
"CLMB","208","Mo98","*","CLMB"
"CLMB","209","Mo98","0.035589732","CLMB"
"CLMB","210","Mo98","0.052928125","CLMB"
"CLMB","211","Mo98","0.085460344","CLMB"
"CLMB","212","Mo98","0.036898168","CLMB"
"CLMB","213","Mo98","0.096789742","CLMB"
"CLMB","214","Mo98","*","CLMB"
"CLMB","215","Mo98","0.042052911","CLMB"
"CLMB","216","Mo98","0.037566468","CLMB"
"CLMB","217","Mo98","*","CLMB"
"CLMB","218","Mo98","0.08040461","CLMB"
"CLMB","219","Mo98","0.040165255","CLMB"
"CLMB","220","Mo98","*","CLMB"
"CLMB","221","Mo98","0.057298581","CLMB"
"CLMB","222","Mo98","0.064985754","CLMB"
"CLMB","223","Mo98","0.074013693","CLMB"
"CLMB","224","Mo98","0.05794256","CLMB"
"CLMB","225","Mo98","0.048361328","CLMB"
"CLMB","226","Mo98","0.089142347","CLMB"
"CLMB","227","Mo98","0.065874156","CLMB"
"CLMB","228","Mo98","0.047942057","CLMB"
"CLMB","229","Mo98","0.076304234","CLMB"
"CLMB","230","Mo98","*","CLMB"
"CLMB","231","Mo98","0.095968119","CLMB"
"CLMB","232","Mo98","0.057425973","CLMB"
"CLMB","233","Mo98","0.060479561","CLMB"
"CLMB","234","Mo98","0.041196225","CLMB"
"CLMB","235","Mo98","0.053746778","CLMB"
"CLMB","236","Mo98","0.031507442","CLMB"
"CLMB","237","Mo98","0.036542857","CLMB"
"CLMB","238","Mo98","0.060032446","CLMB"
"CLMB","239","Mo98","0.070272737","CLMB"
"CLMB","240","Mo98","0.040563038","CLMB"
"CLMB","241","Mo98","0.051064347","CLMB"
"CLMB","242","Mo98","0.035456978","CLMB"
"CLMB","243","Mo98","0.083288381","CLMB"
"CLMB","244","Mo98","0.021789806","CLMB"
"CLMB","245","Mo98","0.07441168","CLMB"
"CLMB","246","Mo98","0.052382432","CLMB"
"CLMB","247","Mo98","0.045190473","CLMB"
"CLMB","248","Mo98","0.072777253","CLMB"
"CLMB","249","Mo98","0.08895292","CLMB"
"CLMB","250","Mo98","0.107468827","CLMB"
"CLMB","251","Mo98","0.038162478","CLMB"
"CLMB","252","Mo98","0.070747051","CLMB"
"CLMB","253","Mo98","0.046872144","CLMB"
"CLMB","254","Mo98","0.03441501","CLMB"
"CLMB","255","Mo98","0.04772898","CLMB"
"CLMB","256","Mo98","0.064185755","CLMB"
"CLMB","257","Mo98","0.059278723","CLMB"
"CLMB","258","Mo98","0.038398287","CLMB"
"CLMB","259","Mo98","*","CLMB"
"CLMB","260","Mo98","0.072836565","CLMB"
"CLMB","261","Mo98","0.075474435","CLMB"
"CLMB","262","Mo98","0.052443055","CLMB"
"CLMB","263","Mo98","0.076842776","CLMB"
"CLMB","264","Mo98","0.056094086","CLMB"
"CLMB","265","Mo98","0.072772361","CLMB"
"CLMB","267","Mo98","0.032807614","CLMB"
"CLMB","268","Mo98","*","CLMB"
"CLMB","269","Mo98","0.046542146","CLMB"
"CLMB","270","Mo98","0.037227012","CLMB"
"CLMB","271","Mo98","0.04099474","CLMB"
"CLMB","272","Mo98","0.101113663","CLMB"
"CLMB","273","Mo98","*","CLMB"
"CLMB","274","Mo98","0.058110175","CLMB"
"CLMB","275","Mo98","0.042405515","CLMB"
"CLMB","276","Mo98","*","CLMB"
"CLMB","277","Mo98","0.087787517","CLMB"
"CLMB","278","Mo98","0.089809249","CLMB"
"CLMB","279","Mo98","0.046706883","CLMB"
"CLMB","281","Mo98","*","CLMB"
"CLMB","282","Mo98","0.040829589","CLMB"
"CLMB","283","Mo98","*","CLMB"
"CLMB","284","Mo98","0.079854349","CLMB"
"CLMB","285","Mo98","0.072639466","CLMB"
"CLMB","286","Mo98","0.076846843","CLMB"
"CLMB","287","Mo98","0.035364902","CLMB"
"CLMB","288","Mo98","0.025588631","CLMB"
"CLMB","289","Mo98","0.035800135","CLMB"
"CLMB","290","Mo98","0.055252765","CLMB"
"CLMB","292","Mo98","0.053168737","CLMB"
"CLMB","293","Mo98","0.088394361","CLMB"
"CLMB","294","Mo98","0.042240075","CLMB"
"CLMB","296","Mo98","0.068163788","CLMB"
"CLMB","297","Mo98","0.049083595","CLMB"
"CLMB","298","Mo98","0.042212532","CLMB"
"CLMB","299","Mo98","0.042779462","CLMB"
"CLMB","300","Mo98","*","CLMB"
"CLMB","301","Mo98","0.067914531","CLMB"
"CLMB","302","Mo98","0.095610116","CLMB"
"CLMB","303","Mo98","0.039637628","CLMB"
"CLMB","304","Mo98","0.033635273","CLMB"
"CLMB","305","Mo98","0.083510859","CLMB"
"CLMB","306","Mo98","*","CLMB"
"CLMB","307","Mo98","0.0534609","CLMB"
"CLMB","308","Mo98","0.049945992","CLMB"
"CLMB","310","Mo98","0.042547867","CLMB"
"CLMB","311","Mo98","0.037535022","CLMB"
"CLMB","312","Mo98","0.048950395","CLMB"
"CLMB","313","Mo98","0.043537169","CLMB"
"CLMB","314","Mo98","0.050667111","CLMB"
"CLMB","315","Mo98","0.081986059","CLMB"
"CLMB","317","Mo98","0.068389724","CLMB"
"CLMB","318","Mo98","0.044339219","CLMB"
"CLMB","319","Mo98","0.025572669","CLMB"
"CLMB","320","Mo98","0.038408903","CLMB"
"CLMB","322","Mo98","0.061239464","CLMB"
"CLMB","323","Mo98","0.0314372","CLMB"
"CLMB","324","Mo98","0.093643737","CLMB"
"CLMB","325","Mo98","0.064941451","CLMB"
"CLMB","326","Mo98","0.055327075","CLMB"
"CLMB","328","Mo98","0.052380241","CLMB"
"CLMB","330","Mo98","*","CLMB"
"CLMB","332","Mo98","0.045133357","CLMB"
"CLMB","333","Mo98","0.048789824","CLMB"
"CLMB","334","Mo98","0.098328895","CLMB"
"CLMB","335","Mo98","*","CLMB"
"CLMB","336","Mo98","0.047453305","CLMB"
"CLMB","337","Mo98","0.042465096","CLMB"
"CLMB","338","Mo98","0.029051922","CLMB"
"CLMB","339","Mo98","0.077388339","CLMB"
"CLMB","340","Mo98","*","CLMB"
"CLMB","341","Mo98","0.085573014","CLMB"
"CLMB","342","Mo98","0.055947287","CLMB"
"CLMB","343","Mo98","0.051679846","CLMB"
"CLMB","345","Mo98","0.084513588","CLMB"
"CLMB","346","Mo98","*","CLMB"
"CLMB","347","Mo98","0.0246796","CLMB"
"CLMB","349","Mo98","*","CLMB"
"CLMB","350","Mo98","0.0649765","CLMB"
"CLMB","352","Mo98","0.110464967","CLMB"
"CLMB","353","Mo98","0.046158462","CLMB"
"CLMB","354","Mo98","0.029232311","CLMB"
"CLMB","355","Mo98","0.052679478","CLMB"
"CLMB","356","Mo98","0.046429258","CLMB"
"CLMB","358","Mo98","0.081581551","CLMB"
"CLMB","359","Mo98","0.091574293","CLMB"
"CLMB","360","Mo98","0.096998063","CLMB"
"CLMB","361","Mo98","0.028466165","CLMB"
"CLMB","363","Mo98","*","CLMB"
"CLMB","364","Mo98","0.056779882","CLMB"
"CLMB","365","Mo98","*","CLMB"
"CLMB","366","Mo98","0.057565989","CLMB"
"CLMB","367","Mo98","0.09854958","CLMB"
"CLMB","368","Mo98","0.051199357","CLMB"
"CLMB","369","Mo98","*","CLMB"
"CLMB","370","Mo98","0.066292477","CLMB"
"CLMB","371","Mo98","0.045498239","CLMB"
"CLMB","372","Mo98","*","CLMB"
"CLMB","373","Mo98","0.083222746","CLMB"
"CLMB","374","Mo98","0.070396296","CLMB"
"CLMB","375","Mo98","0.045399328","CLMB"
"CLMB","377","Mo98","0.024853397","CLMB"
"CLMB","378","Mo98","0.051384881","CLMB"
"CLMB","379","Mo98","0.056061831","CLMB"
"CLMB","380","Mo98","0.064500179","CLMB"
"CLMB","381","Mo98","0.088069816","CLMB"
"CLMB","382","Mo98","0.035650496","CLMB"
"CLMB","383","Mo98","0.086196207","CLMB"
"CLMB","384","Mo98","*","CLMB"
"CLMB","386","Mo98","0.067983056","CLMB"
"CLMB","388","Mo98","0.055284757","CLMB"
"CLMB","389","Mo98","0.088737241","CLMB"
"CLMB","390","Mo98","0.069929774","CLMB"
"CLMB","391","Mo98","*","CLMB"
"CLMB","392","Mo98","0.058745752","CLMB"
"CLMB","393","Mo98","0.049370123","CLMB"
"CLMB","394","Mo98","*","CLMB"
"CLMB","395","Mo98","0.048282482","CLMB"
"CLMB","396","Mo98","0.043724765","CLMB"
"CLMB","397","Mo98","0.072455478","CLMB"
"CLMB","398","Mo98","0.034482272","CLMB"
"CLMB","399","Mo98","0.060434085","CLMB"
"CLMB","400","Mo98","0.02964126","CLMB"
"CLMB","402","Mo98","0.052733809","CLMB"
"CLMB","403","Mo98","0.051317687","CLMB"
"CLMB","404","Mo98","0.081642654","CLMB"
"CLMB","405","Mo98","0.037986475","CLMB"
"CLMB","406","Mo98","0.051987206","CLMB"
"CLMB","407","Mo98","0.037669555","CLMB"
"CLMB","408","Mo98","0.056509525","CLMB"
"CLMB","409","Mo98","0.048655371","CLMB"
"CLMB","410","Mo98","0.03236913","CLMB"
"CLMB","411","Mo98","0.040146604","CLMB"
"CLMB","412","Mo98","0.048869112","CLMB"
"CLMB","413","Mo98","0.034595832","CLMB"
"CLMB","414","Mo98","0.063858201","CLMB"
"CLMB","415","Mo98","0.06963153","CLMB"
"CLMB","416","Mo98","*","CLMB"
"CLMB","417","Mo98","0.047946942","CLMB"
"CLMB","418","Mo98","0.053426527","CLMB"
"CLMB","419","Mo98","0.083223085","CLMB"
"CLMB","420","Mo98","0.108815508","CLMB"
"CLMB","421","Mo98","0.059414077","CLMB"
"CLMB","422","Mo98","0.047724456","CLMB"
"CLMB","423","Mo98","0.044415808","CLMB"
"CLMB","424","Mo98","0.07482106","CLMB"
"CLMB","425","Mo98","0.055535049","CLMB"
"CLMB","426","Mo98","0.081462108","CLMB"
"CLMB","427","Mo98","*","CLMB"
"CLMB","428","Mo98","0.045512201","CLMB"
"CLMB","429","Mo98","0.041437538","CLMB"
"CLMB","431","Mo98","0.044138627","CLMB"
"CLMB","432","Mo98","0.057027105","CLMB"
"CLMB","433","Mo98","0.040213321","CLMB"
"CLMB","435","Mo98","0.079209811","CLMB"
"CLMB","436","Mo98","0.034103127","CLMB"
"CLMB","437","Mo98","0.076959874","CLMB"
"CLMB","438","Mo98","0.026738924","CLMB"
"CLMB","439","Mo98","0.027528929","CLMB"
"CLMB","440","Mo98","*","CLMB"
"CLMB","442","Mo98","0.031086604","CLMB"
"CLMB","443","Mo98","0.044626931","CLMB"
"CLMB","444","Mo98","0.102206443","CLMB"
"CLMB","445","Mo98","0.056903101","CLMB"
"CLMB","446","Mo98","0.042325173","CLMB"
"CLMB","447","Mo98","0.046683619","CLMB"
"CLMB","448","Mo98","0.033032044","CLMB"
"CLMB","449","Mo98","0.054321627","CLMB"
"CLMB","450","Mo98","0.064132851","CLMB"
"CLMB","451","Mo98","0.073665935","CLMB"
"CLMB","452","Mo98","0.086320026","CLMB"
"CLMB","453","Mo98","0.051512829","CLMB"
"CLMB","454","Mo98","0.035205172","CLMB"
"CLMB","455","Mo98","0.050317834","CLMB"
"CLMB","456","Mo98","0.058736175","CLMB"
"CLMB","458","Mo98","0.034555979","CLMB"
"CLMB","459","Mo98","0.067502844","CLMB"
"CLMB","460","Mo98","0.055224383","CLMB"
"CLMB","461","Mo98","0.049682819","CLMB"
"CLMB","462","Mo98","0.081950615","CLMB"
"CLMB","463","Mo98","0.082982704","CLMB"
"CLMB","464","Mo98","0.041202103","CLMB"
"CLMB","465","Mo98","0.054078009","CLMB"
"CLMB","466","Mo98","0.066166971","CLMB"
"CLMB","467","Mo98","*","CLMB"
"CLMB","468","Mo98","0.054324975","CLMB"
"CLMB","469","Mo98","*","CLMB"
"CLMB","470","Mo98","0.06649334","CLMB"
"CLMB","471","Mo98","0.057838842","CLMB"
"CLMB","472","Mo98","0.075691226","CLMB"
"CLMB","473","Mo98","0.04081424","CLMB"
"CLMB","474","Mo98","0.04760021","CLMB"
"CLMB","475","Mo98","0.068078096","CLMB"
"CLMB","476","Mo98","0.065991855","CLMB"
"CLMB","477","Mo98","0.041300283","CLMB"
"CLMB","479","Mo98","0.082419118","CLMB"
"CLMB","480","Mo98","0.088448503","CLMB"
"CLMB","482","Mo98","0.056642111","CLMB"
"CLMB","483","Mo98","0.046324333","CLMB"
"CLMB","484","Mo98","0.043255053","CLMB"
"CLMB","485","Mo98","0.047247551","CLMB"
"CLMB","486","Mo98","0.0832245","CLMB"
"CLMB","487","Mo98","0.083710906","CLMB"
"CLMB","488","Mo98","0.071702339","CLMB"
"CLMB","489","Mo98","0.040991707","CLMB"
"CLMB","491","Mo98","0.083163687","CLMB"
"CLMB","492","Mo98","0.077922006","CLMB"
"CLMB","493","Mo98","*","CLMB"
"CLMB","494","Mo98","0.079388732","CLMB"
"CLMB","495","Mo98","*","CLMB"
"CLMB","496","Mo98","0.040347907","CLMB"
"CLMB","497","Mo98","0.03649374","CLMB"
"CLMB","498","Mo98","0.073803096","CLMB"
"CLMB","499","Mo98","0.045183356","CLMB"
"CLMB","500","Mo98","0.096050174","CLMB"
"CLMB","501","Mo98","0.085037166","CLMB"
"CLMB","502","Mo98","0.079440322","CLMB"
"CLMB","503","Mo98","0.048241304","CLMB"
"CLMB","504","Mo98","*","CLMB"
"CLMB","505","Mo98","0.052104082","CLMB"
"CLMB","506","Mo98","0.082785045","CLMB"
"CLMB","507","Mo98","0.037184353","CLMB"
"CLMB","508","Mo98","0.057663672","CLMB"
"CLMB","511","Mo98","0.042569609","CLMB"
"CLMB","512","Mo98","0.082516305","CLMB"
"CLMB","513","Mo98","*","CLMB"
"CLMB","514","Mo98","*","CLMB"
"CLMB","515","Mo98","0.05042213","CLMB"
"CLMB","516","Mo98","0.052709032","CLMB"
"CLMB","518","Mo98","*","CLMB"
"CLMB","519","Mo98","0.049893397","CLMB"
"CLMB","520","Mo98","*","CLMB"
"CLMB","521","Mo98","0.083595322","CLMB"
"CLMB","522","Mo98","0.089852505","CLMB"
"CLMB","523","Mo98","0.021557712","CLMB"
"CLMB","524","Mo98","0.067342292","CLMB"
"CLMB","525","Mo98","0.084004264","CLMB"
"CLMB","526","Mo98","0.103023098","CLMB"
"CLMB","527","Mo98","0.044163093","CLMB"
"CLMB","529","Mo98","0.0835283","CLMB"
"CLMB","530","Mo98","0.042508554","CLMB"
"CLMB","531","Mo98","0.052224018","CLMB"
"CLMB","532","Mo98","0.091040271","CLMB"
"CLMB","533","Mo98","0.062385805","CLMB"
"CLMB","534","Mo98","0.045750077","CLMB"
"CLMB","535","Mo98","0.052501834","CLMB"
"CLMB","536","Mo98","0.090694861","CLMB"
"CLMB","537","Mo98","0.102333732","CLMB"
"CLMB","539","Mo98","0.043742256","CLMB"
"CLMB","540","Mo98","0.073073592","CLMB"
"CLMB","541","Mo98","0.041872812","CLMB"
"CLMB","542","Mo98","0.04825398","CLMB"
"CLMB","544","Mo98","0.060656103","CLMB"
"CLMB","545","Mo98","0.048884849","CLMB"
"CLMB","546","Mo98","0.071897393","CLMB"
"CLMB","547","Mo98","0.039481927","CLMB"
"CLMB","548","Mo98","0.079192123","CLMB"
"CLMB","549","Mo98","0.090175887","CLMB"
"CLMB","551","Mo98","*","CLMB"
"CLMB","552","Mo98","0.041254191","CLMB"
"CLMB","553","Mo98","0.042761335","CLMB"
"CLMB","555","Mo98","0.054178764","CLMB"
"CLMB","557","Mo98","*","CLMB"
"CLMB","558","Mo98","0.078357123","CLMB"
"CLMB","559","Mo98","0.043656362","CLMB"
"CLMB","560","Mo98","*","CLMB"
"CLMB","562","Mo98","0.025632981","CLMB"
"CLMB","563","Mo98","0.032744655","CLMB"
"CLMB","564","Mo98","0.058989099","CLMB"
"CLMB","565","Mo98","0.030194757","CLMB"
"CLMB","566","Mo98","0.055792197","CLMB"
"CLMB","567","Mo98","0.063335502","CLMB"
"CLMB","569","Mo98","0.066938732","CLMB"
"CLMB","570","Mo98","0.048964489","CLMB"
"CLMB","571","Mo98","0.058760934","CLMB"
"CLMB","572","Mo98","0.055678709","CLMB"
"CLMB","573","Mo98","0.03059341","CLMB"
"CLMB","574","Mo98","0.071698651","CLMB"
"CLMB","576","Mo98","0.083194681","CLMB"
"CLMB","577","Mo98","*","CLMB"
"CLMB","578","Mo98","0.04798468","CLMB"
"CLMB","579","Mo98","0.040151423","CLMB"
"CLMB","580","Mo98","*","CLMB"
"CLMB","581","Mo98","0.056505057","CLMB"
"CLMB","583","Mo98","0.110523818","CLMB"
"CLMB","584","Mo98","0.051791055","CLMB"
"CLMB","585","Mo98","0.042141793","CLMB"
"CLMB","586","Mo98","0.04088301","CLMB"
"CLMB","588","Mo98","0.048227655","CLMB"
"CLMB","589","Mo98","0.060411639","CLMB"
"CLMB","592","Mo98","0.041930541","CLMB"
"CLMB","593","Mo98","0.058222878","CLMB"
"CLMB","594","Mo98","0.069276419","CLMB"
"CLMB","595","Mo98","0.086171179","CLMB"
"CLMB","596","Mo98","0.075516355","CLMB"
"CLMB","597","Mo98","*","CLMB"
"CLMB","598","Mo98","*","CLMB"
"CLMB","599","Mo98","0.066762616","CLMB"
"CLMB","600","Mo98","0.038761304","CLMB"
"CLMB","601","Mo98","*","CLMB"
"CLMB","602","Mo98","0.080530737","CLMB"
"CLMB","604","Mo98","0.058548109","CLMB"
"CLMB","605","Mo98","0.071021618","CLMB"
"CLMB","606","Mo98","0.09492387","CLMB"
"CLMB","608","Mo98","0.098414309","CLMB"
"CLMB","609","Mo98","0.02484111","CLMB"
"CLMB","610","Mo98","0.030391155","CLMB"
"CLMB","611","Mo98","0.048473717","CLMB"
"CLMB","612","Mo98","0.043667534","CLMB"
"CLMB","613","Mo98","0.091167801","CLMB"
"CLMB","614","Mo98","0.042398901","CLMB"
"CLMB","618","Mo98","0.096658191","CLMB"
"CLMB","619","Mo98","0.098404252","CLMB"
"CLMB","620","Mo98","0.081770758","CLMB"
"CLMB","621","Mo98","0.061273426","CLMB"
"CLMB","622","Mo98","0.03636263","CLMB"
"CLMB","623","Mo98","0.048221275","CLMB"
"CLMB","624","Mo98","0.033164699","CLMB"
"CLMB","625","Mo98","0.042368947","CLMB"
"CLMB","627","Mo98","0.104963123","CLMB"
"CLMB","628","Mo98","*","CLMB"
"CLMB","629","Mo98","0.049399617","CLMB"
"CLMB","630","Mo98","*","CLMB"
"CLMB","632","Mo98","0.065028478","CLMB"
"CLMB","633","Mo98","0.048189032","CLMB"
"CLMB","634","Mo98","0.040115786","CLMB"
"CLMB","635","Mo98","0.054991009","CLMB"
"CLMB","636","Mo98","0.059815425","CLMB"
"CLMB","637","Mo98","0.048489317","CLMB"
"CLMB","638","Mo98","0.109524688","CLMB"
"CLMB","639","Mo98","0.056899183","CLMB"
"CLMB","640","Mo98","0.046861178","CLMB"
"CLMB","641","Mo98","0.061769916","CLMB"
"CLMB","642","Mo98","0.046692253","CLMB"
"CLMB","643","Mo98","0.064556411","CLMB"
"CLMB","644","Mo98","*","CLMB"
"CLMB","645","Mo98","0.078852309","CLMB"
"CLMB","647","Mo98","0.036014615","CLMB"
"CLMB","648","Mo98","*","CLMB"
"CLMB","649","Mo98","0.08191077","CLMB"
"CLMB","652","Mo98","0.082053746","CLMB"
"CLMB","654","Mo98","0.054974179","CLMB"
"CLMB","655","Mo98","0.063000167","CLMB"
"CLMB","656","Mo98","0.04939234","CLMB"
"CLMB","657","Mo98","0.06489635","CLMB"
"CLMB","658","Mo98","0.055648908","CLMB"
"CLMB","660","Mo98","0.033937163","CLMB"
"CLMB","661","Mo98","0.071294317","CLMB"
"CLMB","663","Mo98","0.03875061","CLMB"
"CLMB","664","Mo98","0.096731569","CLMB"
"CLMB","666","Mo98","0.055615888","CLMB"
"CLMB","667","Mo98","0.056020778","CLMB"
"CLMB","668","Mo98","0.029999404","CLMB"
"CLMB","669","Mo98","*","CLMB"
"CLMB","670","Mo98","*","CLMB"
"CLMB","672","Mo98","0.042127695","CLMB"
"CLMB","673","Mo98","0.071577004","CLMB"
"CLMB","674","Mo98","0.03540054","CLMB"
"CLMB","675","Mo98","0.068174267","CLMB"
"CLMB","677","Mo98","0.097658777","CLMB"
"CLMB","679","Mo98","*","CLMB"
"CLMB","680","Mo98","0.02348235","CLMB"
"CLMB","681","Mo98","0.075787146","CLMB"
"CLMB","682","Mo98","0.062641751","CLMB"
"CLMB","683","Mo98","0.050762888","CLMB"
"CLMB","684","Mo98","0.074082852","CLMB"
"CLMB","685","Mo98","0.066503682","CLMB"
"CLMB","686","Mo98","0.045133434","CLMB"
"CLMB","689","Mo98","0.060667752","CLMB"
"CLMB","690","Mo98","0.0599213","CLMB"
"CLMB","691","Mo98","0.077853212","CLMB"
"CLMB","692","Mo98","0.047802815","CLMB"
"CLMB","693","Mo98","0.04802881","CLMB"
"CLMB","694","Mo98","0.044532038","CLMB"
"CLMB","695","Mo98","0.052467742","CLMB"
"CLMB","696","Mo98","0.068148256","CLMB"
"CLMB","697","Mo98","0.060754071","CLMB"
"CLMB","698","Mo98","0.047360075","CLMB"
"CLMB","699","Mo98","0.047458344","CLMB"
"CLMB","700","Mo98","0.06249833","CLMB"
"CLMB","702","Mo98","0.048699386","CLMB"
"CLMB","703","Mo98","0.0616692","CLMB"
"CLMB","704","Mo98","0.065677145","CLMB"
"CLMB","705","Mo98","0.066791255","CLMB"
"CLMB","706","Mo98","0.043325245","CLMB"
"CLMB","707","Mo98","0.051452516","CLMB"
"CLMB","708","Mo98","*","CLMB"
"CLMB","710","Mo98","0.075618022","CLMB"
"CLMB","711","Mo98","0.096978617","CLMB"
"CLMB","712","Mo98","0.069622865","CLMB"
"CLMB","713","Mo98","0.077421908","CLMB"
"CLMB","714","Mo98","0.030162692","CLMB"
"CLMB","715","Mo98","0.040204561","CLMB"
"CLMB","716","Mo98","0.03847563","CLMB"
"CLMB","718","Mo98","0.064030441","CLMB"
"CLMB","719","Mo98","0.0348796495","CLMB"
"CLMB","720","Mo98","0.050654154","CLMB"
"CLMB","721","Mo98","*","CLMB"
"CLMB","722","Mo98","0.037629281","CLMB"
"CLMB","723","Mo98","*","CLMB"
"CLMB","724","Mo98","0.044835313","CLMB"
"CLMB","725","Mo98","0.052883605","CLMB"
"CLMB","726","Mo98","0.056166985","CLMB"
"CLMB","729","Mo98","0.030952457","CLMB"
"CLMB","730","Mo98","0.033044736","CLMB"
"CLMB","731","Mo98","0.11687962","CLMB"
"CLMB","732","Mo98","*","CLMB"
"CLMB","733","Mo98","0.059879361","CLMB"
"CLMB","734","Mo98","0.07448221","CLMB"
"CLMB","735","Mo98","0.04000625","CLMB"
"CLMB","736","Mo98","0.077634555","CLMB"
"CLMB","737","Mo98","0.041089294","CLMB"
"CLMB","738","Mo98","0.037731108","CLMB"
"CLMB","739","Mo98","0.049984077","CLMB"
"CLMB","740","Mo98","0.075106909","CLMB"
"CLMB","742","Mo98","0.06717894","CLMB"
"CLMB","743","Mo98","0.042257279","CLMB"
"CLMB","744","Mo98","*","CLMB"
"CLMB","745","Mo98","0.08270872","CLMB"
"CLMB","746","Mo98","0.07233225","CLMB"
"CLMB","748","Mo98","0.071309284","CLMB"
"CLMB","749","Mo98","0.041995464","CLMB"
"CLMB","750","Mo98","0.067000373","CLMB"
"CLMB","751","Mo98","0.036361768","CLMB"
"CLMB","752","Mo98","0.098987745","CLMB"
"CLMB","753","Mo98","0.096970854","CLMB"
"CLMB","755","Mo98","0.065840142","CLMB"
"CLMB","756","Mo98","0.052733841","CLMB"
"CLMB","757","Mo98","0.05809341","CLMB"
"CLMB","758","Mo98","0.049381867","CLMB"
"CLMB","759","Mo98","0.061740528","CLMB"
"CLMB","760","Mo98","0.053572053","CLMB"
"CLMB","761","Mo98","0.044912016","CLMB"
"CLMB","762","Mo98","0.048730172","CLMB"
"CLMB","763","Mo98","0.073808139","CLMB"
"CLMB","764","Mo98","0.033784595","CLMB"
"CLMB","765","Mo98","0.044797577","CLMB"
"CLMB","766","Mo98","0.033413026","CLMB"
"CLMB","767","Mo98","0.040514082","CLMB"
"CLMB","768","Mo98","0.042707155","CLMB"
"CLMB","769","Mo98","*","CLMB"
"CLMB","770","Mo98","0.079866495","CLMB"
"CLMB","771","Mo98","0.071409702","CLMB"
"CLMB","772","Mo98","0.053990629","CLMB"
"CLMB","773","Mo98","0.062007281","CLMB"
"CLMB","774","Mo98","0.025495491","CLMB"
"CLMB","775","Mo98","0.069309028","CLMB"
"CLMB","776","Mo98","0.038979299","CLMB"
"CLMB","777","Mo98","0.075309789","CLMB"
"CLMB","778","Mo98","0.054638725","CLMB"
"CLMB","779","Mo98","0.064557377","CLMB"
"CLMB","780","Mo98","0.077022173","CLMB"
"CLMB","781","Mo98","0.031790696","CLMB"
"CLMB","782","Mo98","0.03691887","CLMB"
"CLMB","783","Mo98","0.035798418","CLMB"
"CLMB","784","Mo98","0.086140675","CLMB"
"CLMB","785","Mo98","0.027013654","CLMB"
"CLMB","786","Mo98","0.037870245","CLMB"
"CLMB","787","Mo98","0.053124626","CLMB"
"CLMB","788","Mo98","0.063246152","CLMB"
"CLMB","789","Mo98","0.038047115","CLMB"
"CLMB","790","Mo98","0.06323185","CLMB"
"CLMB","792","Mo98","0.089875937","CLMB"
"CLMB","794","Mo98","0.045845383","CLMB"
"CLMB","795","Mo98","0.06277287","CLMB"
"CLMB","796","Mo98","0.03351398","CLMB"
"CLMB","797","Mo98","0.059638084","CLMB"
"CLMB","799","Mo98","0.055043873","CLMB"
"CLMB","800","Mo98","0.049017872","CLMB"
"CLMB","801","Mo98","0.028628081","CLMB"
"CLMB","802","Mo98","0.051797521","CLMB"
"CLMB","803","Mo98","0.066583623","CLMB"
"CLMB","804","Mo98","0.056522776","CLMB"
"CLMB","805","Mo98","0.060165742","CLMB"
"CLMB","806","Mo98","0.035330995","CLMB"
"CLMB","808","Mo98","0.074616111","CLMB"
"CLMB","809","Mo98","0.046020376","CLMB"
"CLMB","810","Mo98","0.081739532","CLMB"
"CLMB","811","Mo98","0.028193319","CLMB"
"CLMB","812","Mo98","0.039522558","CLMB"
"CLMB","813","Mo98","*","CLMB"
"CLMB","814","Mo98","0.071753151","CLMB"
"CLMB","815","Mo98","0.060328401","CLMB"
"CLMB","816","Mo98","0.109902196","CLMB"
"CLMB","817","Mo98","0.022792766","CLMB"
"CLMB","818","Mo98","0.067217012","CLMB"
"CLMB","819","Mo98","0.046776082","CLMB"
"CLMB","820","Mo98","0.055815665","CLMB"
"CLMB","821","Mo98","0.056818297","CLMB"
"CLMB","822","Mo98","0.035719698","CLMB"
"CLMB","823","Mo98","0.062954207","CLMB"
"CLMB","824","Mo98","0.05720426","CLMB"
"CLMB","825","Mo98","0.074253852","CLMB"
"KBSM","1","Mo98","0.047624735","KBSM"
"KBSM","2","Mo98","0.069895308","KBSM"
"KBSM","3","Mo98","0.026090046","KBSM"
"KBSM","4","Mo98","0.036233615","KBSM"
"KBSM","5","Mo98","0.021324305","KBSM"
"KBSM","7","Mo98","0.026885054","KBSM"
"KBSM","8","Mo98","0.018007272","KBSM"
"KBSM","9","Mo98","0.027939101","KBSM"
"KBSM","10","Mo98","0.033846949","KBSM"
"KBSM","11","Mo98","0.026609982","KBSM"
"KBSM","12","Mo98","0.022194977","KBSM"
"KBSM","13","Mo98","*","KBSM"
"KBSM","14","Mo98","0.027704409","KBSM"
"KBSM","15","Mo98","0.033376022","KBSM"
"KBSM","16","Mo98","*","KBSM"
"KBSM","17","Mo98","0.017701839","KBSM"
"KBSM","18","Mo98","0.016590962","KBSM"
"KBSM","19","Mo98","0.033185677","KBSM"
"KBSM","20","Mo98","0.020697028","KBSM"
"KBSM","21","Mo98","*","KBSM"
"KBSM","22","Mo98","0.026619092","KBSM"
"KBSM","23","Mo98","0.030210524","KBSM"
"KBSM","24","Mo98","*","KBSM"
"KBSM","25","Mo98","0.040230603","KBSM"
"KBSM","26","Mo98","0.035982037","KBSM"
"KBSM","28","Mo98","0.025200739","KBSM"
"KBSM","29","Mo98","0.025614436","KBSM"
"KBSM","30","Mo98","0.034064014","KBSM"
"KBSM","31","Mo98","0.038478373","KBSM"
"KBSM","32","Mo98","0.027606226","KBSM"
"KBSM","33","Mo98","0.025603652","KBSM"
"KBSM","34","Mo98","0.027393664","KBSM"
"KBSM","35","Mo98","0.022774164","KBSM"
"KBSM","36","Mo98","0.03837179","KBSM"
"KBSM","37","Mo98","0.034861523","KBSM"
"KBSM","38","Mo98","0.028577004","KBSM"
"KBSM","39","Mo98","0.030874971","KBSM"
"KBSM","40","Mo98","0.046578245","KBSM"
"KBSM","41","Mo98","0.03379016","KBSM"
"KBSM","42","Mo98","0.035411575","KBSM"
"KBSM","43","Mo98","0.037540326","KBSM"
"KBSM","44","Mo98","0.022566155","KBSM"
"KBSM","46","Mo98","0.056170033","KBSM"
"KBSM","48","Mo98","0.036741867","KBSM"
"KBSM","49","Mo98","*","KBSM"
"KBSM","50","Mo98","*","KBSM"
"KBSM","52","Mo98","0.037943492","KBSM"
"KBSM","53","Mo98","0.038705813","KBSM"
"KBSM","54","Mo98","0.037932559","KBSM"
"KBSM","55","Mo98","0.040509167","KBSM"
"KBSM","56","Mo98","0.036994396","KBSM"
"KBSM","57","Mo98","0.026836294","KBSM"
"KBSM","58","Mo98","*","KBSM"
"KBSM","59","Mo98","*","KBSM"
"KBSM","60","Mo98","*","KBSM"
"KBSM","61","Mo98","0.023882979","KBSM"
"KBSM","62","Mo98","0.041550652","KBSM"
"KBSM","63","Mo98","*","KBSM"
"KBSM","64","Mo98","0.019823361","KBSM"
"KBSM","65","Mo98","0.029126057","KBSM"
"KBSM","66","Mo98","0.020346456","KBSM"
"KBSM","67","Mo98","0.020224145","KBSM"
"KBSM","68","Mo98","0.038285804","KBSM"
"KBSM","69","Mo98","0.021718966","KBSM"
"KBSM","70","Mo98","0.029629777","KBSM"
"KBSM","71","Mo98","*","KBSM"
"KBSM","72","Mo98","0.030979592","KBSM"
"KBSM","73","Mo98","0.0296783025","KBSM"
"KBSM","74","Mo98","0.045627732","KBSM"
"KBSM","75","Mo98","*","KBSM"
"KBSM","76","Mo98","*","KBSM"
"KBSM","77","Mo98","*","KBSM"
"KBSM","78","Mo98","0.018396971","KBSM"
"KBSM","79","Mo98","0.022065776","KBSM"
"KBSM","80","Mo98","0.030777955","KBSM"
"KBSM","81","Mo98","0.049219687","KBSM"
"KBSM","83","Mo98","0.035389992","KBSM"
"KBSM","84","Mo98","*","KBSM"
"KBSM","85","Mo98","0.028458417","KBSM"
"KBSM","86","Mo98","0.045486802","KBSM"
"KBSM","87","Mo98","0.021231817","KBSM"
"KBSM","88","Mo98","0.030115471","KBSM"
"KBSM","89","Mo98","0.022494283","KBSM"
"KBSM","90","Mo98","0.052040477","KBSM"
"KBSM","91","Mo98","0.03486584","KBSM"
"KBSM","93","Mo98","0.03818497","KBSM"
"KBSM","94","Mo98","0.029174734","KBSM"
"KBSM","95","Mo98","0.027178026","KBSM"
"KBSM","96","Mo98","0.04964806","KBSM"
"KBSM","97","Mo98","0.024473686","KBSM"
"KBSM","99","Mo98","0.033117942","KBSM"
"KBSM","100","Mo98","0.020295702","KBSM"
"KBSM","101","Mo98","0.055957899","KBSM"
"KBSM","103","Mo98","0.04408924","KBSM"
"KBSM","104","Mo98","0.040641025","KBSM"
"KBSM","105","Mo98","0.032005928","KBSM"
"KBSM","106","Mo98","0.063461635","KBSM"
"KBSM","107","Mo98","0.032187528","KBSM"
"KBSM","110","Mo98","0.019755822","KBSM"
"KBSM","111","Mo98","0.027093236","KBSM"
"KBSM","112","Mo98","0.031923757","KBSM"
"KBSM","113","Mo98","*","KBSM"
"KBSM","114","Mo98","0.031021944","KBSM"
"KBSM","115","Mo98","0.025561764","KBSM"
"KBSM","116","Mo98","0.02956311","KBSM"
"KBSM","117","Mo98","0.038397439","KBSM"
"KBSM","118","Mo98","0.018628822","KBSM"
"KBSM","119","Mo98","0.023763542","KBSM"
"KBSM","120","Mo98","*","KBSM"
"KBSM","122","Mo98","0.036923137","KBSM"
"KBSM","123","Mo98","0.0359386","KBSM"
"KBSM","125","Mo98","0.037059723","KBSM"
"KBSM","126","Mo98","0.042438616","KBSM"
"KBSM","127","Mo98","0.031005358","KBSM"
"KBSM","128","Mo98","0.020651284","KBSM"
"KBSM","130","Mo98","0.045237903","KBSM"
"KBSM","131","Mo98","0.019918465","KBSM"
"KBSM","132","Mo98","0.031836913","KBSM"
"KBSM","134","Mo98","0.02532029","KBSM"
"KBSM","135","Mo98","0.027864731","KBSM"
"KBSM","136","Mo98","0.0343415","KBSM"
"KBSM","137","Mo98","0.034569438","KBSM"
"KBSM","138","Mo98","*","KBSM"
"KBSM","139","Mo98","0.02415343","KBSM"
"KBSM","141","Mo98","*","KBSM"
"KBSM","142","Mo98","0.036180675","KBSM"
"KBSM","143","Mo98","0.020275723","KBSM"
"KBSM","144","Mo98","0.020910051","KBSM"
"KBSM","145","Mo98","0.029500878","KBSM"
"KBSM","146","Mo98","*","KBSM"
"KBSM","147","Mo98","0.040788065","KBSM"
"KBSM","148","Mo98","0.031179782","KBSM"
"KBSM","150","Mo98","0.022420191","KBSM"
"KBSM","151","Mo98","0.033247096","KBSM"
"KBSM","152","Mo98","0.034452191","KBSM"
"KBSM","153","Mo98","0.034459807","KBSM"
"KBSM","154","Mo98","0.025574913","KBSM"
"KBSM","155","Mo98","0.02419694","KBSM"
"KBSM","156","Mo98","0.048889995","KBSM"
"KBSM","157","Mo98","0.040786599","KBSM"
"KBSM","158","Mo98","0.04035828","KBSM"
"KBSM","159","Mo98","0.043255498","KBSM"
"KBSM","161","Mo98","0.031755272","KBSM"
"KBSM","163","Mo98","0.021886647","KBSM"
"KBSM","164","Mo98","0.028980508","KBSM"
"KBSM","166","Mo98","0.045282057","KBSM"
"KBSM","167","Mo98","0.040343868","KBSM"
"KBSM","168","Mo98","0.037800471","KBSM"
"KBSM","169","Mo98","*","KBSM"
"KBSM","170","Mo98","0.05576508","KBSM"
"KBSM","171","Mo98","0.027357922","KBSM"
"KBSM","172","Mo98","0.018831427","KBSM"
"KBSM","173","Mo98","0.015293251","KBSM"
"KBSM","174","Mo98","0.027309482","KBSM"
"KBSM","175","Mo98","0.040506123","KBSM"
"KBSM","176","Mo98","0.02853965","KBSM"
"KBSM","177","Mo98","0.039891967","KBSM"
"KBSM","178","Mo98","0.025773866","KBSM"
"KBSM","179","Mo98","*","KBSM"
"KBSM","180","Mo98","*","KBSM"
"KBSM","181","Mo98","*","KBSM"
"KBSM","182","Mo98","0.022072619","KBSM"
"KBSM","184","Mo98","0.030844435","KBSM"
"KBSM","185","Mo98","0.036505508","KBSM"
"KBSM","186","Mo98","*","KBSM"
"KBSM","187","Mo98","0.044566291","KBSM"
"KBSM","188","Mo98","0.030642987","KBSM"
"KBSM","189","Mo98","0.018730931","KBSM"
"KBSM","190","Mo98","0.01910064","KBSM"
"KBSM","191","Mo98","0.046321062","KBSM"
"KBSM","192","Mo98","*","KBSM"
"KBSM","193","Mo98","0.026819732","KBSM"
"KBSM","194","Mo98","0.035201647","KBSM"
"KBSM","195","Mo98","0.039910788","KBSM"
"KBSM","196","Mo98","0.017243768","KBSM"
"KBSM","197","Mo98","0.028619052","KBSM"
"KBSM","198","Mo98","0.029086624","KBSM"
"KBSM","199","Mo98","0.035020084","KBSM"
"KBSM","200","Mo98","0.032527185","KBSM"
"KBSM","201","Mo98","0.035030743","KBSM"
"KBSM","203","Mo98","0.036418628","KBSM"
"KBSM","204","Mo98","0.069130441","KBSM"
"KBSM","205","Mo98","0.038749184","KBSM"
"KBSM","207","Mo98","0.023588376","KBSM"
"KBSM","208","Mo98","0.043114863","KBSM"
"KBSM","209","Mo98","*","KBSM"
"KBSM","210","Mo98","0.029340131","KBSM"
"KBSM","211","Mo98","*","KBSM"
"KBSM","212","Mo98","*","KBSM"
"KBSM","213","Mo98","0.037167926","KBSM"
"KBSM","214","Mo98","0.040793084","KBSM"
"KBSM","215","Mo98","0.030197635","KBSM"
"KBSM","216","Mo98","0.031717575","KBSM"
"KBSM","217","Mo98","0.025912536","KBSM"
"KBSM","218","Mo98","0.025820251","KBSM"
"KBSM","219","Mo98","*","KBSM"
"KBSM","220","Mo98","*","KBSM"
"KBSM","221","Mo98","0.028509556","KBSM"
"KBSM","222","Mo98","0.023735862","KBSM"
"KBSM","223","Mo98","0.034748007","KBSM"
"KBSM","224","Mo98","0.030031748","KBSM"
"KBSM","225","Mo98","*","KBSM"
"KBSM","226","Mo98","0.024888601","KBSM"
"KBSM","227","Mo98","0.041924655","KBSM"
"KBSM","228","Mo98","0.025760961","KBSM"
"KBSM","229","Mo98","0.036357669","KBSM"
"KBSM","230","Mo98","0.042252746","KBSM"
"KBSM","231","Mo98","*","KBSM"
"KBSM","232","Mo98","0.038986015","KBSM"
"KBSM","233","Mo98","*","KBSM"
"KBSM","234","Mo98","0.038337545","KBSM"
"KBSM","235","Mo98","0.037708603","KBSM"
"KBSM","236","Mo98","0.036028305","KBSM"
"KBSM","237","Mo98","0.029389704","KBSM"
"KBSM","238","Mo98","*","KBSM"
"KBSM","239","Mo98","0.024086494","KBSM"
"KBSM","240","Mo98","*","KBSM"
"KBSM","241","Mo98","*","KBSM"
"KBSM","242","Mo98","0.029064686","KBSM"
"KBSM","243","Mo98","0.058744315","KBSM"
"KBSM","244","Mo98","0.038249629","KBSM"
"KBSM","245","Mo98","0.031398282","KBSM"
"KBSM","246","Mo98","0.037783403","KBSM"
"KBSM","247","Mo98","0.034754304","KBSM"
"KBSM","248","Mo98","0.048872434","KBSM"
"KBSM","249","Mo98","0.01891177","KBSM"
"KBSM","250","Mo98","0.041741397","KBSM"
"KBSM","251","Mo98","0.023612036","KBSM"
"KBSM","252","Mo98","0.032292138","KBSM"
"KBSM","253","Mo98","*","KBSM"
"KBSM","254","Mo98","0.033628294","KBSM"
"KBSM","255","Mo98","0.027841842","KBSM"
"KBSM","256","Mo98","0.030861307","KBSM"
"KBSM","257","Mo98","0.034746587","KBSM"
"KBSM","258","Mo98","0.025691485","KBSM"
"KBSM","259","Mo98","0.038341232","KBSM"
"KBSM","260","Mo98","0.036823509","KBSM"
"KBSM","261","Mo98","*","KBSM"
"KBSM","262","Mo98","*","KBSM"
"KBSM","263","Mo98","0.028910491","KBSM"
"KBSM","264","Mo98","0.027306177","KBSM"
"KBSM","265","Mo98","0.042916084","KBSM"
"KBSM","267","Mo98","0.043011249","KBSM"
"KBSM","268","Mo98","0.036050915","KBSM"
"KBSM","269","Mo98","*","KBSM"
"KBSM","270","Mo98","0.02103778","KBSM"
"KBSM","271","Mo98","*","KBSM"
"KBSM","272","Mo98","0.038882317","KBSM"
"KBSM","273","Mo98","0.026551334","KBSM"
"KBSM","274","Mo98","0.026300678","KBSM"
"KBSM","275","Mo98","0.040708507","KBSM"
"KBSM","276","Mo98","0.037634185","KBSM"
"KBSM","277","Mo98","0.041316245","KBSM"
"KBSM","278","Mo98","*","KBSM"
"KBSM","279","Mo98","0.042746212","KBSM"
"KBSM","281","Mo98","0.030298848","KBSM"
"KBSM","282","Mo98","*","KBSM"
"KBSM","283","Mo98","0.029194534","KBSM"
"KBSM","284","Mo98","0.028982848","KBSM"
"KBSM","285","Mo98","0.023895058","KBSM"
"KBSM","286","Mo98","0.030450516","KBSM"
"KBSM","287","Mo98","0.035882166","KBSM"
"KBSM","288","Mo98","*","KBSM"
"KBSM","289","Mo98","0.021227273","KBSM"
"KBSM","290","Mo98","*","KBSM"
"KBSM","292","Mo98","0.049740771","KBSM"
"KBSM","293","Mo98","0.054166089","KBSM"
"KBSM","294","Mo98","0.023208954","KBSM"
"KBSM","296","Mo98","0.029963834","KBSM"
"KBSM","297","Mo98","0.032138378","KBSM"
"KBSM","298","Mo98","0.037059216","KBSM"
"KBSM","299","Mo98","0.029476908","KBSM"
"KBSM","300","Mo98","0.019729985","KBSM"
"KBSM","301","Mo98","0.029813895","KBSM"
"KBSM","302","Mo98","0.032065731","KBSM"
"KBSM","303","Mo98","0.04082415","KBSM"
"KBSM","304","Mo98","0.037534362","KBSM"
"KBSM","305","Mo98","0.03044171","KBSM"
"KBSM","306","Mo98","0.033754881","KBSM"
"KBSM","307","Mo98","0.032437808","KBSM"
"KBSM","308","Mo98","0.040999266","KBSM"
"KBSM","310","Mo98","0.02509835","KBSM"
"KBSM","311","Mo98","*","KBSM"
"KBSM","312","Mo98","0.022994089","KBSM"
"KBSM","313","Mo98","0.016126058","KBSM"
"KBSM","314","Mo98","0.024246262","KBSM"
"KBSM","315","Mo98","0.032030626","KBSM"
"KBSM","317","Mo98","0.0263558205","KBSM"
"KBSM","318","Mo98","0.061630852","KBSM"
"KBSM","319","Mo98","*","KBSM"
"KBSM","320","Mo98","0.020904328","KBSM"
"KBSM","322","Mo98","0.031664151","KBSM"
"KBSM","323","Mo98","0.035338462","KBSM"
"KBSM","324","Mo98","0.049353049","KBSM"
"KBSM","325","Mo98","0.051116048","KBSM"
"KBSM","326","Mo98","0.046737682","KBSM"
"KBSM","328","Mo98","0.027701474","KBSM"
"KBSM","330","Mo98","0.036503241","KBSM"
"KBSM","332","Mo98","0.047031103","KBSM"
"KBSM","333","Mo98","0.023597991","KBSM"
"KBSM","334","Mo98","0.036637849","KBSM"
"KBSM","335","Mo98","0.024417345","KBSM"
"KBSM","336","Mo98","0.031929072","KBSM"
"KBSM","337","Mo98","0.034710312","KBSM"
"KBSM","338","Mo98","0.04541866","KBSM"
"KBSM","339","Mo98","0.026751949","KBSM"
"KBSM","340","Mo98","*","KBSM"
"KBSM","341","Mo98","0.021930083","KBSM"
"KBSM","342","Mo98","0.028931786","KBSM"
"KBSM","343","Mo98","0.021933359","KBSM"
"KBSM","345","Mo98","0.034461016","KBSM"
"KBSM","346","Mo98","0.026251808","KBSM"
"KBSM","347","Mo98","0.022582437","KBSM"
"KBSM","349","Mo98","0.032667518","KBSM"
"KBSM","350","Mo98","0.022566057","KBSM"
"KBSM","352","Mo98","0.042216877","KBSM"
"KBSM","353","Mo98","0.034219","KBSM"
"KBSM","354","Mo98","0.027798014","KBSM"
"KBSM","355","Mo98","*","KBSM"
"KBSM","356","Mo98","0.021980018","KBSM"
"KBSM","358","Mo98","0.030366277","KBSM"
"KBSM","359","Mo98","0.042949223","KBSM"
"KBSM","360","Mo98","0.018223809","KBSM"
"KBSM","361","Mo98","0.026625418","KBSM"
"KBSM","363","Mo98","0.035233165","KBSM"
"KBSM","364","Mo98","0.022461435","KBSM"
"KBSM","365","Mo98","0.040321989","KBSM"
"KBSM","366","Mo98","0.111571194","KBSM"
"KBSM","367","Mo98","0.040750133","KBSM"
"KBSM","368","Mo98","*","KBSM"
"KBSM","369","Mo98","0.028916253","KBSM"
"KBSM","370","Mo98","0.030701404","KBSM"
"KBSM","371","Mo98","0.031221383","KBSM"
"KBSM","372","Mo98","0.024362578","KBSM"
"KBSM","373","Mo98","0.029633147","KBSM"
"KBSM","374","Mo98","0.040453677","KBSM"
"KBSM","375","Mo98","0.043003526","KBSM"
"KBSM","377","Mo98","*","KBSM"
"KBSM","378","Mo98","0.027023188","KBSM"
"KBSM","379","Mo98","0.036387534","KBSM"
"KBSM","380","Mo98","0.048785684","KBSM"
"KBSM","381","Mo98","0.049872541","KBSM"
"KBSM","382","Mo98","0.028104017","KBSM"
"KBSM","383","Mo98","0.040453046","KBSM"
"KBSM","384","Mo98","0.036174149","KBSM"
"KBSM","386","Mo98","0.020942182","KBSM"
"KBSM","388","Mo98","0.025994823","KBSM"
"KBSM","389","Mo98","0.020476452","KBSM"
"KBSM","390","Mo98","0.024843086","KBSM"
"KBSM","391","Mo98","0.031852058","KBSM"
"KBSM","392","Mo98","0.0566486315","KBSM"
"KBSM","393","Mo98","0.020126312","KBSM"
"KBSM","394","Mo98","0.027767779","KBSM"
"KBSM","395","Mo98","0.032462572","KBSM"
"KBSM","396","Mo98","0.022804158","KBSM"
"KBSM","397","Mo98","0.034861401","KBSM"
"KBSM","398","Mo98","0.021142503","KBSM"
"KBSM","399","Mo98","0.025537157","KBSM"
"KBSM","400","Mo98","0.021033869","KBSM"
"KBSM","402","Mo98","0.034075614","KBSM"
"KBSM","403","Mo98","0.018864613","KBSM"
"KBSM","404","Mo98","0.021098302","KBSM"
"KBSM","405","Mo98","0.038669852","KBSM"
"KBSM","406","Mo98","0.024487322","KBSM"
"KBSM","407","Mo98","0.043632823","KBSM"
"KBSM","408","Mo98","0.02420049","KBSM"
"KBSM","409","Mo98","0.036135126","KBSM"
"KBSM","410","Mo98","0.03234898","KBSM"
"KBSM","411","Mo98","0.0224014","KBSM"
"KBSM","412","Mo98","0.028331294","KBSM"
"KBSM","413","Mo98","*","KBSM"
"KBSM","414","Mo98","0.043987383","KBSM"
"KBSM","415","Mo98","0.027588017","KBSM"
"KBSM","416","Mo98","*","KBSM"
"KBSM","417","Mo98","0.024763902","KBSM"
"KBSM","418","Mo98","0.028361663","KBSM"
"KBSM","419","Mo98","0.03489348","KBSM"
"KBSM","420","Mo98","0.032266619","KBSM"
"KBSM","421","Mo98","0.036692847","KBSM"
"KBSM","422","Mo98","0.038550596","KBSM"
"KBSM","423","Mo98","0.031134855","KBSM"
"KBSM","424","Mo98","0.02474235","KBSM"
"KBSM","425","Mo98","0.030419231","KBSM"
"KBSM","426","Mo98","0.042738336","KBSM"
"KBSM","427","Mo98","0.026546988","KBSM"
"KBSM","428","Mo98","0.031736412","KBSM"
"KBSM","429","Mo98","0.022579987","KBSM"
"KBSM","431","Mo98","0.025883018","KBSM"
"KBSM","432","Mo98","0.032963341","KBSM"
"KBSM","433","Mo98","0.034527604","KBSM"
"KBSM","435","Mo98","0.033044788","KBSM"
"KBSM","436","Mo98","0.021551979","KBSM"
"KBSM","437","Mo98","*","KBSM"
"KBSM","438","Mo98","*","KBSM"
"KBSM","439","Mo98","0.044489619","KBSM"
"KBSM","440","Mo98","0.025063791","KBSM"
"KBSM","442","Mo98","0.022892561","KBSM"
"KBSM","443","Mo98","0.02318326","KBSM"
"KBSM","444","Mo98","0.040400126","KBSM"
"KBSM","445","Mo98","0.029138338","KBSM"
"KBSM","446","Mo98","0.026847181","KBSM"
"KBSM","447","Mo98","0.048895349","KBSM"
"KBSM","448","Mo98","0.022774236","KBSM"
"KBSM","449","Mo98","0.041654465","KBSM"
"KBSM","450","Mo98","0.024788076","KBSM"
"KBSM","451","Mo98","0.033124807","KBSM"
"KBSM","452","Mo98","0.036870392","KBSM"
"KBSM","453","Mo98","0.025999632","KBSM"
"KBSM","454","Mo98","*","KBSM"
"KBSM","455","Mo98","0.03624634","KBSM"
"KBSM","456","Mo98","0.026702279","KBSM"
"KBSM","458","Mo98","0.041579009","KBSM"
"KBSM","459","Mo98","0.023996793","KBSM"
"KBSM","460","Mo98","0.020996516","KBSM"
"KBSM","461","Mo98","0.027045014","KBSM"
"KBSM","462","Mo98","0.044371266","KBSM"
"KBSM","463","Mo98","0.025917281","KBSM"
"KBSM","464","Mo98","0.02297027","KBSM"
"KBSM","465","Mo98","0.0361963075","KBSM"
"KBSM","466","Mo98","0.036598648","KBSM"
"KBSM","467","Mo98","0.034084949","KBSM"
"KBSM","468","Mo98","0.027895824","KBSM"
"KBSM","469","Mo98","0.02315543","KBSM"
"KBSM","470","Mo98","0.021219288","KBSM"
"KBSM","471","Mo98","0.025433845","KBSM"
"KBSM","472","Mo98","0.024537269","KBSM"
"KBSM","473","Mo98","0.039133371","KBSM"
"KBSM","474","Mo98","*","KBSM"
"KBSM","475","Mo98","*","KBSM"
"KBSM","476","Mo98","0.049064384","KBSM"
"KBSM","477","Mo98","0.035584668","KBSM"
"KBSM","479","Mo98","0.040373632","KBSM"
"KBSM","480","Mo98","0.0227923","KBSM"
"KBSM","482","Mo98","*","KBSM"
"KBSM","483","Mo98","0.028482497","KBSM"
"KBSM","484","Mo98","0.029336933","KBSM"
"KBSM","485","Mo98","0.044019306","KBSM"
"KBSM","486","Mo98","*","KBSM"
"KBSM","487","Mo98","0.044856392","KBSM"
"KBSM","488","Mo98","0.046289094","KBSM"
"KBSM","489","Mo98","0.051445725","KBSM"
"KBSM","491","Mo98","0.029551037","KBSM"
"KBSM","492","Mo98","0.037392805","KBSM"
"KBSM","493","Mo98","0.039057454","KBSM"
"KBSM","494","Mo98","0.053320852","KBSM"
"KBSM","495","Mo98","0.031175182","KBSM"
"KBSM","496","Mo98","0.034718879","KBSM"
"KBSM","497","Mo98","0.042916815","KBSM"
"KBSM","498","Mo98","0.041626342","KBSM"
"KBSM","499","Mo98","*","KBSM"
"KBSM","500","Mo98","0.033793115","KBSM"
"KBSM","501","Mo98","0.018148436","KBSM"
"KBSM","502","Mo98","0.030888781","KBSM"
"KBSM","503","Mo98","0.038732477","KBSM"
"KBSM","504","Mo98","*","KBSM"
"KBSM","505","Mo98","0.022878057","KBSM"
"KBSM","506","Mo98","0.024788953","KBSM"
"KBSM","507","Mo98","0.049485445","KBSM"
"KBSM","508","Mo98","0.04452559","KBSM"
"KBSM","511","Mo98","0.023417787","KBSM"
"KBSM","512","Mo98","0.042353643","KBSM"
"KBSM","513","Mo98","0.022432992","KBSM"
"KBSM","514","Mo98","*","KBSM"
"KBSM","515","Mo98","0.01896144","KBSM"
"KBSM","516","Mo98","0.020498041","KBSM"
"KBSM","518","Mo98","*","KBSM"
"KBSM","519","Mo98","*","KBSM"
"KBSM","520","Mo98","0.047270987","KBSM"
"KBSM","521","Mo98","0.031485753","KBSM"
"KBSM","522","Mo98","0.047365829","KBSM"
"KBSM","523","Mo98","0.042907177","KBSM"
"KBSM","524","Mo98","0.037022682","KBSM"
"KBSM","525","Mo98","0.026564425","KBSM"
"KBSM","526","Mo98","0.028311166","KBSM"
"KBSM","527","Mo98","0.033047389","KBSM"
"KBSM","529","Mo98","*","KBSM"
"KBSM","530","Mo98","0.033092479","KBSM"
"KBSM","531","Mo98","0.029677254","KBSM"
"KBSM","532","Mo98","0.053595353","KBSM"
"KBSM","533","Mo98","0.031853657","KBSM"
"KBSM","534","Mo98","0.043854323","KBSM"
"KBSM","535","Mo98","0.026410665","KBSM"
"KBSM","536","Mo98","0.039430757","KBSM"
"KBSM","537","Mo98","0.039229931","KBSM"
"KBSM","539","Mo98","0.041100046","KBSM"
"KBSM","540","Mo98","0.042107488","KBSM"
"KBSM","541","Mo98","0.030596167","KBSM"
"KBSM","542","Mo98","0.02736615","KBSM"
"KBSM","544","Mo98","0.017525223","KBSM"
"KBSM","545","Mo98","0.036299058","KBSM"
"KBSM","546","Mo98","0.02610937","KBSM"
"KBSM","547","Mo98","0.031616966","KBSM"
"KBSM","548","Mo98","0.040120189","KBSM"
"KBSM","549","Mo98","0.048640758","KBSM"
"KBSM","551","Mo98","*","KBSM"
"KBSM","552","Mo98","0.032863767","KBSM"
"KBSM","553","Mo98","0.034407335","KBSM"
"KBSM","555","Mo98","0.023049694","KBSM"
"KBSM","557","Mo98","0.033314598","KBSM"
"KBSM","558","Mo98","0.034135076","KBSM"
"KBSM","559","Mo98","0.045291202","KBSM"
"KBSM","560","Mo98","0.036851731","KBSM"
"KBSM","562","Mo98","0.029120337","KBSM"
"KBSM","563","Mo98","0.03075076","KBSM"
"KBSM","564","Mo98","*","KBSM"
"KBSM","565","Mo98","0.02225696","KBSM"
"KBSM","566","Mo98","0.026207439","KBSM"
"KBSM","567","Mo98","0.04341438","KBSM"
"KBSM","569","Mo98","0.042098037","KBSM"
"KBSM","570","Mo98","0.024353008","KBSM"
"KBSM","571","Mo98","0.028271514","KBSM"
"KBSM","572","Mo98","0.035396794","KBSM"
"KBSM","573","Mo98","0.023100136","KBSM"
"KBSM","574","Mo98","0.030547312","KBSM"
"KBSM","576","Mo98","0.028763147","KBSM"
"KBSM","577","Mo98","0.020628451","KBSM"
"KBSM","578","Mo98","0.028275459","KBSM"
"KBSM","579","Mo98","0.02228873","KBSM"
"KBSM","580","Mo98","0.02054163","KBSM"
"KBSM","581","Mo98","0.029453997","KBSM"
"KBSM","583","Mo98","0.037112327","KBSM"
"KBSM","584","Mo98","0.031582928","KBSM"
"KBSM","585","Mo98","0.030553151","KBSM"
"KBSM","586","Mo98","0.02839245","KBSM"
"KBSM","588","Mo98","0.018156308","KBSM"
"KBSM","589","Mo98","0.044723432","KBSM"
"KBSM","592","Mo98","0.03742025","KBSM"
"KBSM","593","Mo98","0.029769292","KBSM"
"KBSM","594","Mo98","0.02446208","KBSM"
"KBSM","595","Mo98","0.030769391","KBSM"
"KBSM","596","Mo98","0.035190365","KBSM"
"KBSM","597","Mo98","0.046232242","KBSM"
"KBSM","598","Mo98","0.035204491","KBSM"
"KBSM","599","Mo98","*","KBSM"
"KBSM","600","Mo98","0.021506478","KBSM"
"KBSM","601","Mo98","0.025840682","KBSM"
"KBSM","602","Mo98","*","KBSM"
"KBSM","604","Mo98","*","KBSM"
"KBSM","605","Mo98","0.040469921","KBSM"
"KBSM","606","Mo98","0.034286911","KBSM"
"KBSM","608","Mo98","0.034708148","KBSM"
"KBSM","609","Mo98","0.021178784","KBSM"
"KBSM","610","Mo98","0.023514733","KBSM"
"KBSM","611","Mo98","0.025118729","KBSM"
"KBSM","612","Mo98","0.035961357","KBSM"
"KBSM","613","Mo98","0.025312973","KBSM"
"KBSM","614","Mo98","0.038943246","KBSM"
"KBSM","618","Mo98","0.030051363","KBSM"
"KBSM","619","Mo98","0.035516051","KBSM"
"KBSM","620","Mo98","0.051738486","KBSM"
"KBSM","621","Mo98","0.036338741","KBSM"
"KBSM","622","Mo98","0.01787257","KBSM"
"KBSM","623","Mo98","*","KBSM"
"KBSM","624","Mo98","*","KBSM"
"KBSM","625","Mo98","0.021183911","KBSM"
"KBSM","627","Mo98","0.024707188","KBSM"
"KBSM","628","Mo98","0.046880313","KBSM"
"KBSM","629","Mo98","0.019173025","KBSM"
"KBSM","630","Mo98","0.031163791","KBSM"
"KBSM","632","Mo98","0.028256318","KBSM"
"KBSM","633","Mo98","0.022474279","KBSM"
"KBSM","634","Mo98","0.04378822","KBSM"
"KBSM","635","Mo98","0.03060142","KBSM"
"KBSM","636","Mo98","0.03669189","KBSM"
"KBSM","637","Mo98","0.028205131","KBSM"
"KBSM","638","Mo98","0.022231281","KBSM"
"KBSM","639","Mo98","0.027730967","KBSM"
"KBSM","640","Mo98","0.019316014","KBSM"
"KBSM","641","Mo98","0.03472247","KBSM"
"KBSM","642","Mo98","0.028377972","KBSM"
"KBSM","643","Mo98","0.034691329","KBSM"
"KBSM","644","Mo98","0.031244131","KBSM"
"KBSM","645","Mo98","*","KBSM"
"KBSM","647","Mo98","*","KBSM"
"KBSM","648","Mo98","0.032397291","KBSM"
"KBSM","649","Mo98","0.036082686","KBSM"
"KBSM","652","Mo98","0.033834366","KBSM"
"KBSM","654","Mo98","0.042396056","KBSM"
"KBSM","655","Mo98","0.026980898","KBSM"
"KBSM","656","Mo98","0.025059053","KBSM"
"KBSM","657","Mo98","0.033282435","KBSM"
"KBSM","658","Mo98","0.026313591","KBSM"
"KBSM","660","Mo98","0.032012755","KBSM"
"KBSM","661","Mo98","0.024817407","KBSM"
"KBSM","663","Mo98","0.034731411","KBSM"
"KBSM","664","Mo98","0.031639748","KBSM"
"KBSM","666","Mo98","0.028835404","KBSM"
"KBSM","667","Mo98","0.026144604","KBSM"
"KBSM","668","Mo98","0.013907258","KBSM"
"KBSM","669","Mo98","0.047044515","KBSM"
"KBSM","670","Mo98","0.035475665","KBSM"
"KBSM","672","Mo98","0.026613753","KBSM"
"KBSM","673","Mo98","0.041391767","KBSM"
"KBSM","674","Mo98","0.028471993","KBSM"
"KBSM","675","Mo98","0.028810363","KBSM"
"KBSM","677","Mo98","*","KBSM"
"KBSM","679","Mo98","0.04733115","KBSM"
"KBSM","680","Mo98","0.019843345","KBSM"
"KBSM","681","Mo98","0.037721236","KBSM"
"KBSM","682","Mo98","0.031744135","KBSM"
"KBSM","683","Mo98","0.028544925","KBSM"
"KBSM","684","Mo98","0.019418165","KBSM"
"KBSM","685","Mo98","0.032991199","KBSM"
"KBSM","686","Mo98","0.039492709","KBSM"
"KBSM","689","Mo98","*","KBSM"
"KBSM","690","Mo98","0.029327126","KBSM"
"KBSM","691","Mo98","0.039618173","KBSM"
"KBSM","692","Mo98","0.029165871","KBSM"
"KBSM","693","Mo98","0.026754666","KBSM"
"KBSM","694","Mo98","0.041020697","KBSM"
"KBSM","695","Mo98","0.02705507","KBSM"
"KBSM","696","Mo98","0.02687063","KBSM"
"KBSM","697","Mo98","0.030872369","KBSM"
"KBSM","698","Mo98","0.024064041","KBSM"
"KBSM","699","Mo98","0.032240422","KBSM"
"KBSM","700","Mo98","0.018075635","KBSM"
"KBSM","702","Mo98","*","KBSM"
"KBSM","703","Mo98","0.024377122","KBSM"
"KBSM","704","Mo98","0.054030452","KBSM"
"KBSM","705","Mo98","0.042936585","KBSM"
"KBSM","706","Mo98","0.033528398","KBSM"
"KBSM","707","Mo98","*","KBSM"
"KBSM","708","Mo98","*","KBSM"
"KBSM","710","Mo98","0.026618778","KBSM"
"KBSM","711","Mo98","0.040957701","KBSM"
"KBSM","712","Mo98","0.038160001","KBSM"
"KBSM","713","Mo98","0.043278851","KBSM"
"KBSM","714","Mo98","*","KBSM"
"KBSM","715","Mo98","0.040584804","KBSM"
"KBSM","716","Mo98","0.03815671","KBSM"
"KBSM","718","Mo98","*","KBSM"
"KBSM","719","Mo98","0.020062296","KBSM"
"KBSM","720","Mo98","0.03579505","KBSM"
"KBSM","721","Mo98","0.051074715","KBSM"
"KBSM","722","Mo98","0.041498178","KBSM"
"KBSM","723","Mo98","*","KBSM"
"KBSM","724","Mo98","0.057530692","KBSM"
"KBSM","725","Mo98","0.036743247","KBSM"
"KBSM","726","Mo98","0.028790481","KBSM"
"KBSM","729","Mo98","0.023976548","KBSM"
"KBSM","730","Mo98","0.025515504","KBSM"
"KBSM","731","Mo98","0.043479592","KBSM"
"KBSM","732","Mo98","0.031957165","KBSM"
"KBSM","733","Mo98","0.039748677","KBSM"
"KBSM","734","Mo98","0.044677702","KBSM"
"KBSM","735","Mo98","0.031113633","KBSM"
"KBSM","736","Mo98","0.027939532","KBSM"
"KBSM","737","Mo98","0.035237053","KBSM"
"KBSM","738","Mo98","0.027888179","KBSM"
"KBSM","739","Mo98","0.03574597","KBSM"
"KBSM","740","Mo98","0.024134494","KBSM"
"KBSM","742","Mo98","0.043347477","KBSM"
"KBSM","743","Mo98","0.046235822","KBSM"
"KBSM","744","Mo98","0.046992942","KBSM"
"KBSM","745","Mo98","0.025999377","KBSM"
"KBSM","746","Mo98","0.020602327","KBSM"
"KBSM","748","Mo98","0.028008726","KBSM"
"KBSM","749","Mo98","0.025260717","KBSM"
"KBSM","750","Mo98","0.029702276","KBSM"
"KBSM","751","Mo98","0.017851166","KBSM"
"KBSM","752","Mo98","0.024723782","KBSM"
"KBSM","753","Mo98","0.031658882","KBSM"
"KBSM","755","Mo98","0.037013432","KBSM"
"KBSM","756","Mo98","0.044123269","KBSM"
"KBSM","757","Mo98","0.031385186","KBSM"
"KBSM","758","Mo98","0.052262169","KBSM"
"KBSM","759","Mo98","0.024779294","KBSM"
"KBSM","760","Mo98","0.037472582","KBSM"
"KBSM","761","Mo98","0.030863026","KBSM"
"KBSM","762","Mo98","0.019255796","KBSM"
"KBSM","763","Mo98","0.030351639","KBSM"
"KBSM","764","Mo98","0.027194789","KBSM"
"KBSM","765","Mo98","0.024526314","KBSM"
"KBSM","766","Mo98","0.025555116","KBSM"
"KBSM","767","Mo98","0.04551319","KBSM"
"KBSM","768","Mo98","0.038432087","KBSM"
"KBSM","769","Mo98","*","KBSM"
"KBSM","770","Mo98","0.029302976","KBSM"
"KBSM","771","Mo98","0.021861741","KBSM"
"KBSM","772","Mo98","0.025491799","KBSM"
"KBSM","773","Mo98","0.046156745","KBSM"
"KBSM","774","Mo98","0.026439166","KBSM"
"KBSM","775","Mo98","0.027504162","KBSM"
"KBSM","776","Mo98","0.024296064","KBSM"
"KBSM","777","Mo98","0.045660861","KBSM"
"KBSM","778","Mo98","0.018667103","KBSM"
"KBSM","779","Mo98","0.020069971","KBSM"
"KBSM","780","Mo98","0.028687111","KBSM"
"KBSM","781","Mo98","*","KBSM"
"KBSM","782","Mo98","0.018382725","KBSM"
"KBSM","783","Mo98","0.038109634","KBSM"
"KBSM","784","Mo98","0.037492041","KBSM"
"KBSM","785","Mo98","0.021701464","KBSM"
"KBSM","786","Mo98","0.016666915","KBSM"
"KBSM","787","Mo98","0.036452057","KBSM"
"KBSM","788","Mo98","0.048585948","KBSM"
"KBSM","789","Mo98","0.019252932","KBSM"
"KBSM","790","Mo98","0.030153045","KBSM"
"KBSM","792","Mo98","0.034549795","KBSM"
"KBSM","794","Mo98","0.026928085","KBSM"
"KBSM","795","Mo98","0.020225543","KBSM"
"KBSM","796","Mo98","*","KBSM"
"KBSM","797","Mo98","0.045335929","KBSM"
"KBSM","799","Mo98","*","KBSM"
"KBSM","800","Mo98","0.042684769","KBSM"
"KBSM","801","Mo98","0.026981512","KBSM"
"KBSM","802","Mo98","0.041206359","KBSM"
"KBSM","803","Mo98","0.043248585","KBSM"
"KBSM","804","Mo98","0.036720684","KBSM"
"KBSM","805","Mo98","0.026535646","KBSM"
"KBSM","806","Mo98","0.028425564","KBSM"
"KBSM","808","Mo98","0.036093739","KBSM"
"KBSM","809","Mo98","0.031459511","KBSM"
"KBSM","810","Mo98","0.039030105","KBSM"
"KBSM","811","Mo98","0.028089579","KBSM"
"KBSM","812","Mo98","0.040483335","KBSM"
"KBSM","813","Mo98","0.021019376","KBSM"
"KBSM","814","Mo98","0.035505405","KBSM"
"KBSM","815","Mo98","0.029021115","KBSM"
"KBSM","816","Mo98","0.025823394","KBSM"
"KBSM","817","Mo98","*","KBSM"
"KBSM","818","Mo98","0.031809009","KBSM"
"KBSM","819","Mo98","0.027454291","KBSM"
"KBSM","820","Mo98","0.030931976","KBSM"
"KBSM","821","Mo98","0.024626731","KBSM"
"KBSM","822","Mo98","0.036675051","KBSM"
"KBSM","823","Mo98","0.042528582","KBSM"
"KBSM","824","Mo98","0.0378296905","KBSM"
"KBSM","825","Mo98","0.039975381","KBSM"
"PKLE","1","Mo98","*","PKLE"
"PKLE","2","Mo98","0.084403325","PKLE"
"PKLE","3","Mo98","0.077292525","PKLE"
"PKLE","4","Mo98","0.049505977","PKLE"
"PKLE","5","Mo98","0.058549192","PKLE"
"PKLE","7","Mo98","0.047476278","PKLE"
"PKLE","8","Mo98","0.034081088","PKLE"
"PKLE","9","Mo98","0.021278409","PKLE"
"PKLE","10","Mo98","0.036019709","PKLE"
"PKLE","11","Mo98","0.044270264","PKLE"
"PKLE","12","Mo98","0.024801822","PKLE"
"PKLE","13","Mo98","0.062141338","PKLE"
"PKLE","14","Mo98","0.051286565","PKLE"
"PKLE","15","Mo98","0.078375693","PKLE"
"PKLE","16","Mo98","0.038219433","PKLE"
"PKLE","17","Mo98","0.06181121","PKLE"
"PKLE","18","Mo98","0.067435417","PKLE"
"PKLE","19","Mo98","0.050362177","PKLE"
"PKLE","20","Mo98","*","PKLE"
"PKLE","21","Mo98","*","PKLE"
"PKLE","22","Mo98","0.050653287","PKLE"
"PKLE","23","Mo98","0.057567528","PKLE"
"PKLE","24","Mo98","*","PKLE"
"PKLE","25","Mo98","0.041147094","PKLE"
"PKLE","26","Mo98","0.057808892","PKLE"
"PKLE","28","Mo98","0.039333476","PKLE"
"PKLE","29","Mo98","0.044613527","PKLE"
"PKLE","30","Mo98","0.032523352","PKLE"
"PKLE","31","Mo98","0.088969234","PKLE"
"PKLE","32","Mo98","0.038246261","PKLE"
"PKLE","33","Mo98","0.054343403","PKLE"
"PKLE","34","Mo98","0.041004973","PKLE"
"PKLE","35","Mo98","0.056085009","PKLE"
"PKLE","36","Mo98","*","PKLE"
"PKLE","37","Mo98","*","PKLE"
"PKLE","38","Mo98","0.029094605","PKLE"
"PKLE","39","Mo98","0.032174636","PKLE"
"PKLE","40","Mo98","0.05487346","PKLE"
"PKLE","41","Mo98","0.035685561","PKLE"
"PKLE","42","Mo98","0.04367903","PKLE"
"PKLE","43","Mo98","0.060035879","PKLE"
"PKLE","44","Mo98","0.038855147","PKLE"
"PKLE","46","Mo98","0.10013542","PKLE"
"PKLE","48","Mo98","0.053339375","PKLE"
"PKLE","49","Mo98","*","PKLE"
"PKLE","50","Mo98","*","PKLE"
"PKLE","52","Mo98","*","PKLE"
"PKLE","53","Mo98","0.039605697","PKLE"
"PKLE","54","Mo98","*","PKLE"
"PKLE","55","Mo98","0.054688877","PKLE"
"PKLE","56","Mo98","0.058378996","PKLE"
"PKLE","57","Mo98","*","PKLE"
"PKLE","58","Mo98","0.03335779","PKLE"
"PKLE","59","Mo98","*","PKLE"
"PKLE","60","Mo98","*","PKLE"
"PKLE","61","Mo98","0.02470794","PKLE"
"PKLE","62","Mo98","0.063701305","PKLE"
"PKLE","63","Mo98","0.033558109","PKLE"
"PKLE","64","Mo98","*","PKLE"
"PKLE","65","Mo98","0.096530128","PKLE"
"PKLE","66","Mo98","0.052839634","PKLE"
"PKLE","67","Mo98","0.042759641","PKLE"
"PKLE","68","Mo98","*","PKLE"
"PKLE","69","Mo98","0.030834915","PKLE"
"PKLE","70","Mo98","0.035611092","PKLE"
"PKLE","71","Mo98","*","PKLE"
"PKLE","72","Mo98","*","PKLE"
"PKLE","73","Mo98","0.055427791","PKLE"
"PKLE","74","Mo98","*","PKLE"
"PKLE","75","Mo98","*","PKLE"
"PKLE","76","Mo98","0.048001257","PKLE"
"PKLE","77","Mo98","0.074573639","PKLE"
"PKLE","78","Mo98","0.082321417","PKLE"
"PKLE","79","Mo98","0.078111138","PKLE"
"PKLE","80","Mo98","0.076229961","PKLE"
"PKLE","81","Mo98","0.101342358","PKLE"
"PKLE","83","Mo98","0.081467922","PKLE"
"PKLE","84","Mo98","0.028985486","PKLE"
"PKLE","85","Mo98","0.024107492","PKLE"
"PKLE","86","Mo98","0.023644909","PKLE"
"PKLE","87","Mo98","0.039944467","PKLE"
"PKLE","88","Mo98","*","PKLE"
"PKLE","89","Mo98","0.044741777","PKLE"
"PKLE","90","Mo98","0.059503515","PKLE"
"PKLE","91","Mo98","*","PKLE"
"PKLE","93","Mo98","0.042147467","PKLE"
"PKLE","94","Mo98","*","PKLE"
"PKLE","95","Mo98","0.044625543","PKLE"
"PKLE","96","Mo98","*","PKLE"
"PKLE","97","Mo98","0.028224164","PKLE"
"PKLE","99","Mo98","0.025211222","PKLE"
"PKLE","100","Mo98","0.073647261","PKLE"
"PKLE","101","Mo98","0.028059078","PKLE"
"PKLE","103","Mo98","*","PKLE"
"PKLE","104","Mo98","0.046074609","PKLE"
"PKLE","105","Mo98","0.046424237","PKLE"
"PKLE","106","Mo98","0.029377494","PKLE"
"PKLE","107","Mo98","0.059024572","PKLE"
"PKLE","110","Mo98","0.026856162","PKLE"
"PKLE","111","Mo98","0.049775347","PKLE"
"PKLE","112","Mo98","0.093921713","PKLE"
"PKLE","113","Mo98","0.086370147","PKLE"
"PKLE","114","Mo98","0.04271984","PKLE"
"PKLE","115","Mo98","0.07851451","PKLE"
"PKLE","116","Mo98","*","PKLE"
"PKLE","117","Mo98","*","PKLE"
"PKLE","118","Mo98","0.03289925","PKLE"
"PKLE","119","Mo98","0.024686132","PKLE"
"PKLE","120","Mo98","*","PKLE"
"PKLE","122","Mo98","0.042826585","PKLE"
"PKLE","123","Mo98","0.091779576","PKLE"
"PKLE","125","Mo98","0.045279871","PKLE"
"PKLE","126","Mo98","0.03817384","PKLE"
"PKLE","127","Mo98","0.054777256","PKLE"
"PKLE","128","Mo98","0.036304291","PKLE"
"PKLE","130","Mo98","0.061907828","PKLE"
"PKLE","131","Mo98","0.050882692","PKLE"
"PKLE","132","Mo98","*","PKLE"
"PKLE","134","Mo98","0.031276102","PKLE"
"PKLE","135","Mo98","0.060123863","PKLE"
"PKLE","136","Mo98","*","PKLE"
"PKLE","137","Mo98","0.028063108","PKLE"
"PKLE","138","Mo98","0.034079884","PKLE"
"PKLE","139","Mo98","0.046665627","PKLE"
"PKLE","141","Mo98","*","PKLE"
"PKLE","142","Mo98","*","PKLE"
"PKLE","143","Mo98","0.074553041","PKLE"
"PKLE","144","Mo98","*","PKLE"
"PKLE","145","Mo98","0.042139204","PKLE"
"PKLE","146","Mo98","0.040978694","PKLE"
"PKLE","147","Mo98","*","PKLE"
"PKLE","148","Mo98","0.032786604","PKLE"
"PKLE","150","Mo98","0.041147021","PKLE"
"PKLE","151","Mo98","0.034449012","PKLE"
"PKLE","152","Mo98","*","PKLE"
"PKLE","153","Mo98","0.057539855","PKLE"
"PKLE","154","Mo98","0.032586798","PKLE"
"PKLE","155","Mo98","0.049850374","PKLE"
"PKLE","156","Mo98","0.041009819","PKLE"
"PKLE","157","Mo98","0.027130624","PKLE"
"PKLE","158","Mo98","0.05512748","PKLE"
"PKLE","159","Mo98","*","PKLE"
"PKLE","161","Mo98","0.03359036","PKLE"
"PKLE","163","Mo98","*","PKLE"
"PKLE","164","Mo98","0.035483064","PKLE"
"PKLE","166","Mo98","*","PKLE"
"PKLE","167","Mo98","0.042911253","PKLE"
"PKLE","168","Mo98","0.077877323","PKLE"
"PKLE","169","Mo98","0.06543603","PKLE"
"PKLE","170","Mo98","0.043032143","PKLE"
"PKLE","171","Mo98","0.060071913","PKLE"
"PKLE","172","Mo98","0.039716082","PKLE"
"PKLE","173","Mo98","0.040229661","PKLE"
"PKLE","174","Mo98","0.051238619","PKLE"
"PKLE","175","Mo98","0.098778695","PKLE"
"PKLE","176","Mo98","0.042697796","PKLE"
"PKLE","177","Mo98","0.092644788","PKLE"
"PKLE","178","Mo98","0.118587358","PKLE"
"PKLE","179","Mo98","*","PKLE"
"PKLE","180","Mo98","*","PKLE"
"PKLE","181","Mo98","*","PKLE"
"PKLE","182","Mo98","0.030984122","PKLE"
"PKLE","184","Mo98","*","PKLE"
"PKLE","185","Mo98","0.036880662","PKLE"
"PKLE","186","Mo98","*","PKLE"
"PKLE","187","Mo98","0.056261659","PKLE"
"PKLE","188","Mo98","0.065712835","PKLE"
"PKLE","189","Mo98","0.040217272","PKLE"
"PKLE","190","Mo98","*","PKLE"
"PKLE","191","Mo98","0.070742566","PKLE"
"PKLE","192","Mo98","*","PKLE"
"PKLE","193","Mo98","0.11216009","PKLE"
"PKLE","194","Mo98","*","PKLE"
"PKLE","195","Mo98","0.020471567","PKLE"
"PKLE","196","Mo98","*","PKLE"
"PKLE","197","Mo98","0.105126001","PKLE"
"PKLE","198","Mo98","0.066079965","PKLE"
"PKLE","199","Mo98","0.058721789","PKLE"
"PKLE","200","Mo98","0.03682507","PKLE"
"PKLE","201","Mo98","0.078852637","PKLE"
"PKLE","203","Mo98","0.076035219","PKLE"
"PKLE","204","Mo98","0.036151091","PKLE"
"PKLE","205","Mo98","0.032440519","PKLE"
"PKLE","207","Mo98","*","PKLE"
"PKLE","208","Mo98","0.036723579","PKLE"
"PKLE","209","Mo98","0.062868891","PKLE"
"PKLE","210","Mo98","0.071193303","PKLE"
"PKLE","211","Mo98","0.040819771","PKLE"
"PKLE","212","Mo98","*","PKLE"
"PKLE","213","Mo98","0.02857981","PKLE"
"PKLE","214","Mo98","0.024037115","PKLE"
"PKLE","215","Mo98","0.047595047","PKLE"
"PKLE","216","Mo98","0.044164729","PKLE"
"PKLE","217","Mo98","*","PKLE"
"PKLE","218","Mo98","0.030289333","PKLE"
"PKLE","219","Mo98","*","PKLE"
"PKLE","220","Mo98","0.051562535","PKLE"
"PKLE","221","Mo98","0.056701929","PKLE"
"PKLE","222","Mo98","0.032298237","PKLE"
"PKLE","223","Mo98","*","PKLE"
"PKLE","224","Mo98","0.04400639","PKLE"
"PKLE","225","Mo98","0.027704223","PKLE"
"PKLE","226","Mo98","0.041048898","PKLE"
"PKLE","227","Mo98","0.082879736","PKLE"
"PKLE","228","Mo98","0.029509656","PKLE"
"PKLE","229","Mo98","0.033956197","PKLE"
"PKLE","230","Mo98","0.042868077","PKLE"
"PKLE","231","Mo98","0.032773918","PKLE"
"PKLE","232","Mo98","0.05740161","PKLE"
"PKLE","233","Mo98","*","PKLE"
"PKLE","234","Mo98","0.090646943","PKLE"
"PKLE","235","Mo98","0.061739715","PKLE"
"PKLE","236","Mo98","0.043268192","PKLE"
"PKLE","237","Mo98","0.034312352","PKLE"
"PKLE","238","Mo98","*","PKLE"
"PKLE","239","Mo98","0.058873303","PKLE"
"PKLE","240","Mo98","*","PKLE"
"PKLE","241","Mo98","*","PKLE"
"PKLE","242","Mo98","0.025030618","PKLE"
"PKLE","243","Mo98","0.044213549","PKLE"
"PKLE","244","Mo98","0.041842121","PKLE"
"PKLE","245","Mo98","0.051357281","PKLE"
"PKLE","246","Mo98","0.081504451","PKLE"
"PKLE","247","Mo98","*","PKLE"
"PKLE","248","Mo98","*","PKLE"
"PKLE","249","Mo98","0.04708924","PKLE"
"PKLE","250","Mo98","*","PKLE"
"PKLE","251","Mo98","*","PKLE"
"PKLE","252","Mo98","0.096551473","PKLE"
"PKLE","253","Mo98","*","PKLE"
"PKLE","254","Mo98","0.057012473","PKLE"
"PKLE","255","Mo98","*","PKLE"
"PKLE","256","Mo98","0.046638415","PKLE"
"PKLE","257","Mo98","0.079720815","PKLE"
"PKLE","258","Mo98","*","PKLE"
"PKLE","259","Mo98","0.055846696","PKLE"
"PKLE","260","Mo98","*","PKLE"
"PKLE","261","Mo98","0.046083118","PKLE"
"PKLE","262","Mo98","*","PKLE"
"PKLE","263","Mo98","0.039047612","PKLE"
"PKLE","264","Mo98","0.078963623","PKLE"
"PKLE","265","Mo98","0.03120923","PKLE"
"PKLE","267","Mo98","0.062908986","PKLE"
"PKLE","268","Mo98","*","PKLE"
"PKLE","269","Mo98","*","PKLE"
"PKLE","270","Mo98","0.057805165","PKLE"
"PKLE","271","Mo98","*","PKLE"
"PKLE","272","Mo98","0.031699917","PKLE"
"PKLE","273","Mo98","0.033941899","PKLE"
"PKLE","274","Mo98","0.031425608","PKLE"
"PKLE","275","Mo98","0.025719663","PKLE"
"PKLE","276","Mo98","*","PKLE"
"PKLE","277","Mo98","0.05585502","PKLE"
"PKLE","278","Mo98","*","PKLE"
"PKLE","279","Mo98","0.056853926","PKLE"
"PKLE","281","Mo98","0.047924138","PKLE"
"PKLE","282","Mo98","*","PKLE"
"PKLE","283","Mo98","*","PKLE"
"PKLE","284","Mo98","0.033214721","PKLE"
"PKLE","285","Mo98","*","PKLE"
"PKLE","286","Mo98","0.048142992","PKLE"
"PKLE","287","Mo98","0.058421244","PKLE"
"PKLE","288","Mo98","*","PKLE"
"PKLE","289","Mo98","0.08767071","PKLE"
"PKLE","290","Mo98","*","PKLE"
"PKLE","292","Mo98","0.046377041","PKLE"
"PKLE","293","Mo98","0.05664498","PKLE"
"PKLE","294","Mo98","0.043665233","PKLE"
"PKLE","296","Mo98","0.067537647","PKLE"
"PKLE","297","Mo98","0.053022737","PKLE"
"PKLE","298","Mo98","*","PKLE"
"PKLE","299","Mo98","0.029643882","PKLE"
"PKLE","300","Mo98","*","PKLE"
"PKLE","301","Mo98","0.077908893","PKLE"
"PKLE","302","Mo98","0.073960919","PKLE"
"PKLE","303","Mo98","0.062700699","PKLE"
"PKLE","304","Mo98","0.045489476","PKLE"
"PKLE","305","Mo98","0.0472914","PKLE"
"PKLE","306","Mo98","0.07686561","PKLE"
"PKLE","307","Mo98","0.056488446","PKLE"
"PKLE","308","Mo98","0.070032223","PKLE"
"PKLE","310","Mo98","0.04674964","PKLE"
"PKLE","311","Mo98","0.030471739","PKLE"
"PKLE","312","Mo98","0.02663459","PKLE"
"PKLE","313","Mo98","0.041385763","PKLE"
"PKLE","314","Mo98","0.052534213","PKLE"
"PKLE","315","Mo98","0.036471477","PKLE"
"PKLE","317","Mo98","0.026223274","PKLE"
"PKLE","318","Mo98","0.049718212","PKLE"
"PKLE","319","Mo98","*","PKLE"
"PKLE","320","Mo98","0.054433323","PKLE"
"PKLE","322","Mo98","0.04793704","PKLE"
"PKLE","323","Mo98","0.04589332","PKLE"
"PKLE","324","Mo98","0.115120899","PKLE"
"PKLE","325","Mo98","0.086960857","PKLE"
"PKLE","326","Mo98","*","PKLE"
"PKLE","328","Mo98","0.044825464","PKLE"
"PKLE","330","Mo98","0.044424247","PKLE"
"PKLE","332","Mo98","0.090080513","PKLE"
"PKLE","333","Mo98","0.026621781","PKLE"
"PKLE","334","Mo98","0.049947261","PKLE"
"PKLE","335","Mo98","0.026039238","PKLE"
"PKLE","336","Mo98","0.040913574","PKLE"
"PKLE","337","Mo98","0.054592085","PKLE"
"PKLE","338","Mo98","0.038094011","PKLE"
"PKLE","339","Mo98","0.045074039","PKLE"
"PKLE","340","Mo98","0.051601803","PKLE"
"PKLE","341","Mo98","0.079442933","PKLE"
"PKLE","342","Mo98","0.058318788","PKLE"
"PKLE","343","Mo98","0.0639341","PKLE"
"PKLE","345","Mo98","0.024901025","PKLE"
"PKLE","346","Mo98","0.048815046","PKLE"
"PKLE","347","Mo98","0.03571623","PKLE"
"PKLE","349","Mo98","0.095613817","PKLE"
"PKLE","350","Mo98","*","PKLE"
"PKLE","352","Mo98","0.026653825","PKLE"
"PKLE","353","Mo98","0.029908869","PKLE"
"PKLE","354","Mo98","0.043005633","PKLE"
"PKLE","355","Mo98","*","PKLE"
"PKLE","356","Mo98","*","PKLE"
"PKLE","358","Mo98","0.049172634","PKLE"
"PKLE","359","Mo98","0.059219795","PKLE"
"PKLE","360","Mo98","0.039468402","PKLE"
"PKLE","361","Mo98","0.049421554","PKLE"
"PKLE","363","Mo98","0.055910224","PKLE"
"PKLE","364","Mo98","0.082883478","PKLE"
"PKLE","365","Mo98","0.108799215","PKLE"
"PKLE","366","Mo98","0.058304811","PKLE"
"PKLE","367","Mo98","0.060196709","PKLE"
"PKLE","368","Mo98","0.066438011","PKLE"
"PKLE","369","Mo98","0.066276283","PKLE"
"PKLE","370","Mo98","0.064097579","PKLE"
"PKLE","371","Mo98","0.097657603","PKLE"
"PKLE","372","Mo98","0.057533287","PKLE"
"PKLE","373","Mo98","0.102247921","PKLE"
"PKLE","374","Mo98","0.061525947","PKLE"
"PKLE","375","Mo98","0.063119199","PKLE"
"PKLE","377","Mo98","*","PKLE"
"PKLE","378","Mo98","0.044560634","PKLE"
"PKLE","379","Mo98","*","PKLE"
"PKLE","380","Mo98","0.046515657","PKLE"
"PKLE","381","Mo98","0.057733235","PKLE"
"PKLE","382","Mo98","0.059033026","PKLE"
"PKLE","383","Mo98","0.030485992","PKLE"
"PKLE","384","Mo98","0.0804835","PKLE"
"PKLE","386","Mo98","0.066820178","PKLE"
"PKLE","388","Mo98","0.03025813","PKLE"
"PKLE","389","Mo98","0.108897031","PKLE"
"PKLE","390","Mo98","0.024784518","PKLE"
"PKLE","391","Mo98","0.039112162","PKLE"
"PKLE","392","Mo98","*","PKLE"
"PKLE","393","Mo98","0.052444651","PKLE"
"PKLE","394","Mo98","*","PKLE"
"PKLE","395","Mo98","0.045137417","PKLE"
"PKLE","396","Mo98","0.064193307","PKLE"
"PKLE","397","Mo98","0.070778689","PKLE"
"PKLE","398","Mo98","*","PKLE"
"PKLE","399","Mo98","0.062452702","PKLE"
"PKLE","400","Mo98","0.049359196","PKLE"
"PKLE","402","Mo98","*","PKLE"
"PKLE","403","Mo98","*","PKLE"
"PKLE","404","Mo98","0.070060624","PKLE"
"PKLE","405","Mo98","0.064242362","PKLE"
"PKLE","406","Mo98","0.039196961","PKLE"
"PKLE","407","Mo98","0.032330228","PKLE"
"PKLE","408","Mo98","0.086657009","PKLE"
"PKLE","409","Mo98","0.030754258","PKLE"
"PKLE","410","Mo98","0.069410073","PKLE"
"PKLE","411","Mo98","0.061677442","PKLE"
"PKLE","412","Mo98","0.027750928","PKLE"
"PKLE","413","Mo98","0.058493891","PKLE"
"PKLE","414","Mo98","*","PKLE"
"PKLE","415","Mo98","0.058769871","PKLE"
"PKLE","416","Mo98","0.042127189","PKLE"
"PKLE","417","Mo98","*","PKLE"
"PKLE","418","Mo98","*","PKLE"
"PKLE","419","Mo98","*","PKLE"
"PKLE","420","Mo98","0.028442576","PKLE"
"PKLE","421","Mo98","*","PKLE"
"PKLE","422","Mo98","0.047044051","PKLE"
"PKLE","423","Mo98","0.043364719","PKLE"
"PKLE","424","Mo98","0.065415656","PKLE"
"PKLE","425","Mo98","0.06245415","PKLE"
"PKLE","426","Mo98","0.058913223","PKLE"
"PKLE","427","Mo98","*","PKLE"
"PKLE","428","Mo98","0.062149668","PKLE"
"PKLE","429","Mo98","0.045689569","PKLE"
"PKLE","431","Mo98","0.072187137","PKLE"
"PKLE","432","Mo98","0.055669853","PKLE"
"PKLE","433","Mo98","0.031374772","PKLE"
"PKLE","435","Mo98","0.046217828","PKLE"
"PKLE","436","Mo98","0.049494753","PKLE"
"PKLE","437","Mo98","*","PKLE"
"PKLE","438","Mo98","0.043408202","PKLE"
"PKLE","439","Mo98","0.070882809","PKLE"
"PKLE","440","Mo98","0.021750789","PKLE"
"PKLE","442","Mo98","0.030438902","PKLE"
"PKLE","443","Mo98","0.050559277","PKLE"
"PKLE","444","Mo98","0.047301812","PKLE"
"PKLE","445","Mo98","*","PKLE"
"PKLE","446","Mo98","0.047145397","PKLE"
"PKLE","447","Mo98","0.057739504","PKLE"
"PKLE","448","Mo98","0.051180997","PKLE"
"PKLE","449","Mo98","0.055461237","PKLE"
"PKLE","450","Mo98","*","PKLE"
"PKLE","451","Mo98","0.040205394","PKLE"
"PKLE","452","Mo98","*","PKLE"
"PKLE","453","Mo98","0.061440726","PKLE"
"PKLE","454","Mo98","*","PKLE"
"PKLE","455","Mo98","0.069295823","PKLE"
"PKLE","456","Mo98","*","PKLE"
"PKLE","458","Mo98","0.043397037","PKLE"
"PKLE","459","Mo98","0.034599441","PKLE"
"PKLE","460","Mo98","0.027699332","PKLE"
"PKLE","461","Mo98","0.062979879","PKLE"
"PKLE","462","Mo98","0.05013435","PKLE"
"PKLE","463","Mo98","0.033673499","PKLE"
"PKLE","464","Mo98","0.025948607","PKLE"
"PKLE","465","Mo98","*","PKLE"
"PKLE","466","Mo98","0.082182589","PKLE"
"PKLE","467","Mo98","0.035992769","PKLE"
"PKLE","468","Mo98","0.037598211","PKLE"
"PKLE","469","Mo98","0.099013004","PKLE"
"PKLE","470","Mo98","0.023505308","PKLE"
"PKLE","471","Mo98","0.025696378","PKLE"
"PKLE","472","Mo98","0.039267366","PKLE"
"PKLE","473","Mo98","0.039323907","PKLE"
"PKLE","474","Mo98","0.048429066","PKLE"
"PKLE","475","Mo98","0.069956239","PKLE"
"PKLE","476","Mo98","*","PKLE"
"PKLE","477","Mo98","*","PKLE"
"PKLE","479","Mo98","0.063401192","PKLE"
"PKLE","480","Mo98","0.048062359","PKLE"
"PKLE","482","Mo98","0.055260752","PKLE"
"PKLE","483","Mo98","0.05714937","PKLE"
"PKLE","484","Mo98","0.032519546","PKLE"
"PKLE","485","Mo98","0.069285963","PKLE"
"PKLE","486","Mo98","*","PKLE"
"PKLE","487","Mo98","0.0723307375","PKLE"
"PKLE","488","Mo98","0.030073399","PKLE"
"PKLE","489","Mo98","0.04742317","PKLE"
"PKLE","491","Mo98","0.112637386","PKLE"
"PKLE","492","Mo98","0.053120758","PKLE"
"PKLE","493","Mo98","0.100773086","PKLE"
"PKLE","494","Mo98","0.062214219","PKLE"
"PKLE","495","Mo98","0.035507611","PKLE"
"PKLE","496","Mo98","0.042288255","PKLE"
"PKLE","497","Mo98","0.018202958","PKLE"
"PKLE","498","Mo98","0.03588928","PKLE"
"PKLE","499","Mo98","0.031451652","PKLE"
"PKLE","500","Mo98","0.097609752","PKLE"
"PKLE","501","Mo98","0.05431417","PKLE"
"PKLE","502","Mo98","0.030990786","PKLE"
"PKLE","503","Mo98","0.034545882","PKLE"
"PKLE","504","Mo98","0.038766014","PKLE"
"PKLE","505","Mo98","0.02579959","PKLE"
"PKLE","506","Mo98","0.059833564","PKLE"
"PKLE","507","Mo98","0.101181451","PKLE"
"PKLE","508","Mo98","*","PKLE"
"PKLE","511","Mo98","0.041699274","PKLE"
"PKLE","512","Mo98","0.056431109","PKLE"
"PKLE","513","Mo98","0.038882793","PKLE"
"PKLE","514","Mo98","0.077407868","PKLE"
"PKLE","515","Mo98","0.024992078","PKLE"
"PKLE","516","Mo98","0.026605179","PKLE"
"PKLE","518","Mo98","0.067802887","PKLE"
"PKLE","519","Mo98","*","PKLE"
"PKLE","520","Mo98","0.078545","PKLE"
"PKLE","521","Mo98","0.078886937","PKLE"
"PKLE","522","Mo98","*","PKLE"
"PKLE","523","Mo98","0.042747103","PKLE"
"PKLE","524","Mo98","0.093356633","PKLE"
"PKLE","525","Mo98","0.045197092","PKLE"
"PKLE","526","Mo98","0.090265331","PKLE"
"PKLE","527","Mo98","0.098463368","PKLE"
"PKLE","529","Mo98","0.024126434","PKLE"
"PKLE","530","Mo98","0.08472588","PKLE"
"PKLE","531","Mo98","0.06796869","PKLE"
"PKLE","532","Mo98","0.059254689","PKLE"
"PKLE","533","Mo98","*","PKLE"
"PKLE","534","Mo98","0.03960846","PKLE"
"PKLE","535","Mo98","*","PKLE"
"PKLE","536","Mo98","0.032716631","PKLE"
"PKLE","537","Mo98","0.025311566","PKLE"
"PKLE","539","Mo98","0.034816092","PKLE"
"PKLE","540","Mo98","0.040414801","PKLE"
"PKLE","541","Mo98","0.03775612","PKLE"
"PKLE","542","Mo98","0.043851594","PKLE"
"PKLE","544","Mo98","0.03615329","PKLE"
"PKLE","545","Mo98","0.051932636","PKLE"
"PKLE","546","Mo98","0.055623197","PKLE"
"PKLE","547","Mo98","0.026970323","PKLE"
"PKLE","548","Mo98","*","PKLE"
"PKLE","549","Mo98","0.060504537","PKLE"
"PKLE","551","Mo98","0.055864621","PKLE"
"PKLE","552","Mo98","0.039511598","PKLE"
"PKLE","553","Mo98","0.10748078","PKLE"
"PKLE","555","Mo98","0.018597046","PKLE"
"PKLE","557","Mo98","*","PKLE"
"PKLE","558","Mo98","*","PKLE"
"PKLE","559","Mo98","0.017459577","PKLE"
"PKLE","560","Mo98","0.06711064","PKLE"
"PKLE","562","Mo98","0.089184002","PKLE"
"PKLE","563","Mo98","0.063300074","PKLE"
"PKLE","564","Mo98","0.041681232","PKLE"
"PKLE","565","Mo98","0.041823538","PKLE"
"PKLE","566","Mo98","0.058951731","PKLE"
"PKLE","567","Mo98","0.034001725","PKLE"
"PKLE","569","Mo98","0.118119875","PKLE"
"PKLE","570","Mo98","0.076735324","PKLE"
"PKLE","571","Mo98","0.059367671","PKLE"
"PKLE","572","Mo98","0.029868065","PKLE"
"PKLE","573","Mo98","0.05415403","PKLE"
"PKLE","574","Mo98","0.045782323","PKLE"
"PKLE","576","Mo98","0.093177961","PKLE"
"PKLE","577","Mo98","0.041347088","PKLE"
"PKLE","578","Mo98","0.038449704","PKLE"
"PKLE","579","Mo98","*","PKLE"
"PKLE","580","Mo98","*","PKLE"
"PKLE","581","Mo98","0.054641622","PKLE"
"PKLE","583","Mo98","0.031945221","PKLE"
"PKLE","584","Mo98","0.052023075","PKLE"
"PKLE","585","Mo98","0.03685935","PKLE"
"PKLE","586","Mo98","*","PKLE"
"PKLE","588","Mo98","*","PKLE"
"PKLE","589","Mo98","0.047065402","PKLE"
"PKLE","592","Mo98","0.059443707","PKLE"
"PKLE","593","Mo98","0.04241894","PKLE"
"PKLE","594","Mo98","0.02781917","PKLE"
"PKLE","595","Mo98","0.044064446","PKLE"
"PKLE","596","Mo98","0.064705965","PKLE"
"PKLE","597","Mo98","*","PKLE"
"PKLE","598","Mo98","0.027936454","PKLE"
"PKLE","599","Mo98","0.0370099375","PKLE"
"PKLE","600","Mo98","0.028306593","PKLE"
"PKLE","601","Mo98","*","PKLE"
"PKLE","602","Mo98","0.076382155","PKLE"
"PKLE","604","Mo98","*","PKLE"
"PKLE","605","Mo98","0.019888176","PKLE"
"PKLE","606","Mo98","0.115851389","PKLE"
"PKLE","608","Mo98","0.02492436","PKLE"
"PKLE","609","Mo98","0.038595561","PKLE"
"PKLE","610","Mo98","0.038629153","PKLE"
"PKLE","611","Mo98","*","PKLE"
"PKLE","612","Mo98","0.070325964","PKLE"
"PKLE","613","Mo98","0.026456168","PKLE"
"PKLE","614","Mo98","0.062672041","PKLE"
"PKLE","618","Mo98","0.058825348","PKLE"
"PKLE","619","Mo98","0.055730093","PKLE"
"PKLE","620","Mo98","0.050877421","PKLE"
"PKLE","621","Mo98","0.064845892","PKLE"
"PKLE","622","Mo98","0.043218313","PKLE"
"PKLE","623","Mo98","*","PKLE"
"PKLE","624","Mo98","0.03434536","PKLE"
"PKLE","625","Mo98","*","PKLE"
"PKLE","627","Mo98","0.061612719","PKLE"
"PKLE","628","Mo98","0.049376385","PKLE"
"PKLE","629","Mo98","0.04118516","PKLE"
"PKLE","630","Mo98","*","PKLE"
"PKLE","632","Mo98","*","PKLE"
"PKLE","633","Mo98","0.045299456","PKLE"
"PKLE","634","Mo98","0.070493172","PKLE"
"PKLE","635","Mo98","*","PKLE"
"PKLE","636","Mo98","0.040539573","PKLE"
"PKLE","637","Mo98","0.086478785","PKLE"
"PKLE","638","Mo98","*","PKLE"
"PKLE","639","Mo98","0.053439258","PKLE"
"PKLE","640","Mo98","0.035894346","PKLE"
"PKLE","641","Mo98","0.041477635","PKLE"
"PKLE","642","Mo98","0.075941756","PKLE"
"PKLE","643","Mo98","0.045550327","PKLE"
"PKLE","644","Mo98","*","PKLE"
"PKLE","645","Mo98","*","PKLE"
"PKLE","647","Mo98","0.026112398","PKLE"
"PKLE","648","Mo98","0.059050984","PKLE"
"PKLE","649","Mo98","0.0350893","PKLE"
"PKLE","652","Mo98","*","PKLE"
"PKLE","654","Mo98","0.060906537","PKLE"
"PKLE","655","Mo98","*","PKLE"
"PKLE","656","Mo98","0.082679158","PKLE"
"PKLE","657","Mo98","0.062209933","PKLE"
"PKLE","658","Mo98","0.020583237","PKLE"
"PKLE","660","Mo98","0.050296756","PKLE"
"PKLE","661","Mo98","*","PKLE"
"PKLE","663","Mo98","*","PKLE"
"PKLE","664","Mo98","0.039912946","PKLE"
"PKLE","666","Mo98","0.044087959","PKLE"
"PKLE","667","Mo98","0.021150641","PKLE"
"PKLE","668","Mo98","0.014455855","PKLE"
"PKLE","669","Mo98","0.076482532","PKLE"
"PKLE","670","Mo98","0.024925395","PKLE"
"PKLE","672","Mo98","0.048803771","PKLE"
"PKLE","673","Mo98","0.06603295","PKLE"
"PKLE","674","Mo98","0.095052416","PKLE"
"PKLE","675","Mo98","0.030071264","PKLE"
"PKLE","677","Mo98","0.0621887125","PKLE"
"PKLE","679","Mo98","*","PKLE"
"PKLE","680","Mo98","0.055145678","PKLE"
"PKLE","681","Mo98","0.069038121","PKLE"
"PKLE","682","Mo98","0.040925105","PKLE"
"PKLE","683","Mo98","0.051624172","PKLE"
"PKLE","684","Mo98","0.055515076","PKLE"
"PKLE","685","Mo98","0.043635171","PKLE"
"PKLE","686","Mo98","0.044933387","PKLE"
"PKLE","689","Mo98","0.088930022","PKLE"
"PKLE","690","Mo98","0.046153558","PKLE"
"PKLE","691","Mo98","0.069682945","PKLE"
"PKLE","692","Mo98","0.058535729","PKLE"
"PKLE","693","Mo98","*","PKLE"
"PKLE","694","Mo98","0.031603906","PKLE"
"PKLE","695","Mo98","0.030269757","PKLE"
"PKLE","696","Mo98","0.034420075","PKLE"
"PKLE","697","Mo98","0.058851332","PKLE"
"PKLE","698","Mo98","0.063129951","PKLE"
"PKLE","699","Mo98","0.051812041","PKLE"
"PKLE","700","Mo98","*","PKLE"
"PKLE","702","Mo98","0.03915032","PKLE"
"PKLE","703","Mo98","0.06421661","PKLE"
"PKLE","704","Mo98","0.0542963","PKLE"
"PKLE","705","Mo98","0.029600401","PKLE"
"PKLE","706","Mo98","0.056066077","PKLE"
"PKLE","707","Mo98","*","PKLE"
"PKLE","708","Mo98","0.086915915","PKLE"
"PKLE","710","Mo98","0.047891564","PKLE"
"PKLE","711","Mo98","0.033976927","PKLE"
"PKLE","712","Mo98","0.031692523","PKLE"
"PKLE","713","Mo98","0.061481506","PKLE"
"PKLE","714","Mo98","0.038939565","PKLE"
"PKLE","715","Mo98","0.029205042","PKLE"
"PKLE","716","Mo98","0.043131519","PKLE"
"PKLE","718","Mo98","0.064715575","PKLE"
"PKLE","719","Mo98","0.036653168","PKLE"
"PKLE","720","Mo98","0.029861084","PKLE"
"PKLE","721","Mo98","0.030957635","PKLE"
"PKLE","722","Mo98","0.040169475","PKLE"
"PKLE","723","Mo98","0.032657293","PKLE"
"PKLE","724","Mo98","0.060399714","PKLE"
"PKLE","725","Mo98","0.037206708","PKLE"
"PKLE","726","Mo98","0.043003509","PKLE"
"PKLE","729","Mo98","0.035527673","PKLE"
"PKLE","730","Mo98","0.042065872","PKLE"
"PKLE","731","Mo98","0.103751622","PKLE"
"PKLE","732","Mo98","0.075786911","PKLE"
"PKLE","733","Mo98","0.046490221","PKLE"
"PKLE","734","Mo98","0.028573956","PKLE"
"PKLE","735","Mo98","0.033128875","PKLE"
"PKLE","736","Mo98","0.07054169","PKLE"
"PKLE","737","Mo98","0.042682088","PKLE"
"PKLE","738","Mo98","0.026007221","PKLE"
"PKLE","739","Mo98","0.073603343","PKLE"
"PKLE","740","Mo98","0.038411624","PKLE"
"PKLE","742","Mo98","0.049917636","PKLE"
"PKLE","743","Mo98","*","PKLE"
"PKLE","744","Mo98","*","PKLE"
"PKLE","745","Mo98","0.067201866","PKLE"
"PKLE","746","Mo98","0.061250456","PKLE"
"PKLE","748","Mo98","*","PKLE"
"PKLE","749","Mo98","0.046175644","PKLE"
"PKLE","750","Mo98","0.0466942","PKLE"
"PKLE","751","Mo98","0.056909887","PKLE"
"PKLE","752","Mo98","0.052756717","PKLE"
"PKLE","753","Mo98","0.038898001","PKLE"
"PKLE","755","Mo98","*","PKLE"
"PKLE","756","Mo98","0.085121861","PKLE"
"PKLE","757","Mo98","0.029191377","PKLE"
"PKLE","758","Mo98","0.058452413","PKLE"
"PKLE","759","Mo98","0.030416799","PKLE"
"PKLE","760","Mo98","*","PKLE"
"PKLE","761","Mo98","0.038685849","PKLE"
"PKLE","762","Mo98","0.047060793","PKLE"
"PKLE","763","Mo98","*","PKLE"
"PKLE","764","Mo98","0.051715605","PKLE"
"PKLE","765","Mo98","0.034321816","PKLE"
"PKLE","766","Mo98","0.033525484","PKLE"
"PKLE","767","Mo98","0.046317098","PKLE"
"PKLE","768","Mo98","0.034063191","PKLE"
"PKLE","769","Mo98","0.075285568","PKLE"
"PKLE","770","Mo98","*","PKLE"
"PKLE","771","Mo98","0.057513581","PKLE"
"PKLE","772","Mo98","0.04815617","PKLE"
"PKLE","773","Mo98","0.033761283","PKLE"
"PKLE","774","Mo98","0.039864567","PKLE"
"PKLE","775","Mo98","0.035555601","PKLE"
"PKLE","776","Mo98","0.084511502","PKLE"
"PKLE","777","Mo98","0.036745735","PKLE"
"PKLE","778","Mo98","0.031057268","PKLE"
"PKLE","779","Mo98","0.036737123","PKLE"
"PKLE","780","Mo98","0.041672909","PKLE"
"PKLE","781","Mo98","*","PKLE"
"PKLE","782","Mo98","0.043543532","PKLE"
"PKLE","783","Mo98","*","PKLE"
"PKLE","784","Mo98","0.085693334","PKLE"
"PKLE","785","Mo98","0.052381872","PKLE"
"PKLE","786","Mo98","0.037106018","PKLE"
"PKLE","787","Mo98","*","PKLE"
"PKLE","788","Mo98","0.055389963","PKLE"
"PKLE","789","Mo98","0.022741","PKLE"
"PKLE","790","Mo98","0.040968504","PKLE"
"PKLE","792","Mo98","0.034105927","PKLE"
"PKLE","794","Mo98","0.033723931","PKLE"
"PKLE","795","Mo98","0.030923431","PKLE"
"PKLE","796","Mo98","0.051139383","PKLE"
"PKLE","797","Mo98","*","PKLE"
"PKLE","799","Mo98","*","PKLE"
"PKLE","800","Mo98","0.04426021","PKLE"
"PKLE","801","Mo98","0.041608422","PKLE"
"PKLE","802","Mo98","0.107579079","PKLE"
"PKLE","803","Mo98","0.076646967","PKLE"
"PKLE","804","Mo98","0.022457394","PKLE"
"PKLE","805","Mo98","0.060844417","PKLE"
"PKLE","806","Mo98","0.023064727","PKLE"
"PKLE","808","Mo98","0.082312864","PKLE"
"PKLE","809","Mo98","0.045342407","PKLE"
"PKLE","810","Mo98","0.023896511","PKLE"
"PKLE","811","Mo98","0.038875588","PKLE"
"PKLE","812","Mo98","*","PKLE"
"PKLE","813","Mo98","0.02935033","PKLE"
"PKLE","814","Mo98","0.026680164","PKLE"
"PKLE","815","Mo98","0.040889881","PKLE"
"PKLE","816","Mo98","0.043889044","PKLE"
"PKLE","817","Mo98","*","PKLE"
"PKLE","818","Mo98","0.043579601","PKLE"
"PKLE","819","Mo98","*","PKLE"
"PKLE","820","Mo98","*","PKLE"
"PKLE","821","Mo98","0.028228722","PKLE"
"PKLE","822","Mo98","0.04287894","PKLE"
"PKLE","823","Mo98","*","PKLE"
"PKLE","824","Mo98","0.051768688","PKLE"
"PKLE","825","Mo98","0.03157653","PKLE"
