"SITE","LINE","traits","B11","SITE2"
"CLMB","1","B11","3.581606887","CLMB"
"CLMB","2","B11","2.61561317","CLMB"
"CLMB","3","B11","2.085851612","CLMB"
"CLMB","4","B11","2.632023805","CLMB"
"CLMB","5","B11","*","CLMB"
"CLMB","7","B11","1.445066868","CLMB"
"CLMB","8","B11","*","CLMB"
"CLMB","9","B11","2.804876952","CLMB"
"CLMB","10","B11","*","CLMB"
"CLMB","11","B11","3.059612122","CLMB"
"CLMB","12","B11","2.938832642","CLMB"
"CLMB","13","B11","1.942573358","CLMB"
"CLMB","14","B11","*","CLMB"
"CLMB","15","B11","2.027878099","CLMB"
"CLMB","16","B11","*","CLMB"
"CLMB","17","B11","*","CLMB"
"CLMB","18","B11","*","CLMB"
"CLMB","19","B11","2.499034799","CLMB"
"CLMB","20","B11","2.867034057","CLMB"
"CLMB","21","B11","2.495935361","CLMB"
"CLMB","22","B11","*","CLMB"
"CLMB","23","B11","3.782842024","CLMB"
"CLMB","24","B11","2.96366614","CLMB"
"CLMB","25","B11","1.343253798","CLMB"
"CLMB","26","B11","0.930273909","CLMB"
"CLMB","27","B11","4.031687559","CLMB"
"CLMB","28","B11","2.184279867","CLMB"
"CLMB","29","B11","*","CLMB"
"CLMB","30","B11","4.089583883","CLMB"
"CLMB","31","B11","*","CLMB"
"CLMB","32","B11","3.687452831","CLMB"
"CLMB","33","B11","6.3604351","CLMB"
"CLMB","34","B11","*","CLMB"
"CLMB","35","B11","2.238019063","CLMB"
"CLMB","36","B11","3.696703807","CLMB"
"CLMB","37","B11","1.404495582","CLMB"
"CLMB","38","B11","3.341813685","CLMB"
"CLMB","39","B11","4.100855475","CLMB"
"CLMB","40","B11","3.442658095","CLMB"
"CLMB","41","B11","1.958580905","CLMB"
"CLMB","42","B11","*","CLMB"
"CLMB","43","B11","*","CLMB"
"CLMB","44","B11","1.96174462","CLMB"
"CLMB","46","B11","5.189288597","CLMB"
"CLMB","48","B11","1.932423247","CLMB"
"CLMB","49","B11","2.545009277","CLMB"
"CLMB","50","B11","3.075538783","CLMB"
"CLMB","52","B11","3.068695285","CLMB"
"CLMB","53","B11","2.03939428","CLMB"
"CLMB","54","B11","3.992474917","CLMB"
"CLMB","55","B11","2.054291332","CLMB"
"CLMB","56","B11","*","CLMB"
"CLMB","57","B11","0.283140274","CLMB"
"CLMB","58","B11","*","CLMB"
"CLMB","59","B11","2.357099554","CLMB"
"CLMB","60","B11","3.605810553","CLMB"
"CLMB","61","B11","3.306146463","CLMB"
"CLMB","62","B11","1.778960003","CLMB"
"CLMB","63","B11","2.523830359","CLMB"
"CLMB","64","B11","*","CLMB"
"CLMB","65","B11","1.417518214","CLMB"
"CLMB","66","B11","1.52826648","CLMB"
"CLMB","67","B11","2.022131783","CLMB"
"CLMB","68","B11","2.242585014","CLMB"
"CLMB","69","B11","2.876214899","CLMB"
"CLMB","70","B11","*","CLMB"
"CLMB","71","B11","1.317395643","CLMB"
"CLMB","72","B11","5.353859945","CLMB"
"CLMB","73","B11","3.157360609","CLMB"
"CLMB","74","B11","1.616691007","CLMB"
"CLMB","75","B11","2.320772627","CLMB"
"CLMB","76","B11","3.409204163","CLMB"
"CLMB","77","B11","*","CLMB"
"CLMB","78","B11","2.149700715","CLMB"
"CLMB","79","B11","2.462115693","CLMB"
"CLMB","80","B11","*","CLMB"
"CLMB","81","B11","*","CLMB"
"CLMB","83","B11","1.850291743","CLMB"
"CLMB","84","B11","*","CLMB"
"CLMB","85","B11","3.913461183","CLMB"
"CLMB","86","B11","1.807143872","CLMB"
"CLMB","87","B11","3.662087563","CLMB"
"CLMB","88","B11","1.59206847","CLMB"
"CLMB","89","B11","2.60281886","CLMB"
"CLMB","90","B11","2.882868582","CLMB"
"CLMB","91","B11","2.441464419","CLMB"
"CLMB","93","B11","4.586870822","CLMB"
"CLMB","94","B11","3.576402483","CLMB"
"CLMB","95","B11","*","CLMB"
"CLMB","96","B11","*","CLMB"
"CLMB","97","B11","2.089284955","CLMB"
"CLMB","99","B11","2.235870655","CLMB"
"CLMB","100","B11","2.992264168","CLMB"
"CLMB","101","B11","*","CLMB"
"CLMB","102","B11","0.387344098","CLMB"
"CLMB","103","B11","0.306036835","CLMB"
"CLMB","104","B11","3.606157651","CLMB"
"CLMB","105","B11","0.938548027","CLMB"
"CLMB","106","B11","3.418268945","CLMB"
"CLMB","107","B11","3.182563142","CLMB"
"CLMB","110","B11","3.980616849","CLMB"
"CLMB","111","B11","3.578098149","CLMB"
"CLMB","112","B11","3.074457057","CLMB"
"CLMB","113","B11","*","CLMB"
"CLMB","114","B11","5.455439079","CLMB"
"CLMB","115","B11","*","CLMB"
"CLMB","116","B11","*","CLMB"
"CLMB","117","B11","1.9579911","CLMB"
"CLMB","118","B11","3.299711881","CLMB"
"CLMB","119","B11","2.599868286","CLMB"
"CLMB","120","B11","3.553441837","CLMB"
"CLMB","122","B11","3.714413552","CLMB"
"CLMB","123","B11","2.665270424","CLMB"
"CLMB","125","B11","2.102102878","CLMB"
"CLMB","126","B11","*","CLMB"
"CLMB","127","B11","*","CLMB"
"CLMB","128","B11","4.043718394","CLMB"
"CLMB","130","B11","2.816863572","CLMB"
"CLMB","131","B11","4.148687585","CLMB"
"CLMB","132","B11","3.221877091","CLMB"
"CLMB","134","B11","3.137857858","CLMB"
"CLMB","135","B11","2.95146963","CLMB"
"CLMB","136","B11","*","CLMB"
"CLMB","137","B11","2.358458545","CLMB"
"CLMB","138","B11","*","CLMB"
"CLMB","139","B11","*","CLMB"
"CLMB","141","B11","3.594570802","CLMB"
"CLMB","142","B11","5.955927385","CLMB"
"CLMB","143","B11","4.050924722","CLMB"
"CLMB","144","B11","*","CLMB"
"CLMB","145","B11","1.232292833","CLMB"
"CLMB","146","B11","*","CLMB"
"CLMB","147","B11","2.711219186","CLMB"
"CLMB","148","B11","*","CLMB"
"CLMB","150","B11","2.194273939","CLMB"
"CLMB","151","B11","2.415777744","CLMB"
"CLMB","152","B11","*","CLMB"
"CLMB","153","B11","2.952621731","CLMB"
"CLMB","154","B11","2.117274376","CLMB"
"CLMB","155","B11","3.935187685","CLMB"
"CLMB","156","B11","3.015831247","CLMB"
"CLMB","157","B11","4.301619129","CLMB"
"CLMB","158","B11","2.140427181","CLMB"
"CLMB","159","B11","3.111464422","CLMB"
"CLMB","161","B11","1.957239058","CLMB"
"CLMB","163","B11","2.470536185","CLMB"
"CLMB","164","B11","3.798879893","CLMB"
"CLMB","166","B11","2.313348029","CLMB"
"CLMB","167","B11","2.894626519","CLMB"
"CLMB","168","B11","3.297109509","CLMB"
"CLMB","169","B11","*","CLMB"
"CLMB","170","B11","1.775024286","CLMB"
"CLMB","171","B11","2.934487983","CLMB"
"CLMB","172","B11","3.205136097","CLMB"
"CLMB","173","B11","4.213997782","CLMB"
"CLMB","174","B11","5.37309494","CLMB"
"CLMB","175","B11","0.384316517","CLMB"
"CLMB","176","B11","2.744184188","CLMB"
"CLMB","177","B11","4.150628158","CLMB"
"CLMB","178","B11","3.439817162","CLMB"
"CLMB","179","B11","2.242854119","CLMB"
"CLMB","180","B11","0.831765546","CLMB"
"CLMB","181","B11","4.136962148","CLMB"
"CLMB","182","B11","1.837385933","CLMB"
"CLMB","184","B11","3.419836542","CLMB"
"CLMB","185","B11","2.25665102","CLMB"
"CLMB","186","B11","3.343949388","CLMB"
"CLMB","187","B11","2.995650594","CLMB"
"CLMB","188","B11","2.453616931","CLMB"
"CLMB","189","B11","*","CLMB"
"CLMB","190","B11","*","CLMB"
"CLMB","191","B11","2.760903552","CLMB"
"CLMB","192","B11","2.98903597","CLMB"
"CLMB","193","B11","1.797648681","CLMB"
"CLMB","194","B11","0.450743505","CLMB"
"CLMB","195","B11","2.920429668","CLMB"
"CLMB","196","B11","1.882866394","CLMB"
"CLMB","197","B11","0.718371145","CLMB"
"CLMB","198","B11","2.642769493","CLMB"
"CLMB","199","B11","2.782551689","CLMB"
"CLMB","200","B11","2.089573931","CLMB"
"CLMB","201","B11","*","CLMB"
"CLMB","203","B11","1.719497849","CLMB"
"CLMB","204","B11","1.848880468","CLMB"
"CLMB","205","B11","*","CLMB"
"CLMB","207","B11","1.77932428","CLMB"
"CLMB","208","B11","*","CLMB"
"CLMB","209","B11","1.413439012","CLMB"
"CLMB","210","B11","1.226391072","CLMB"
"CLMB","211","B11","0.424579991","CLMB"
"CLMB","212","B11","2.651398124","CLMB"
"CLMB","213","B11","3.551444813","CLMB"
"CLMB","214","B11","*","CLMB"
"CLMB","215","B11","3.80372207","CLMB"
"CLMB","216","B11","1.55397725","CLMB"
"CLMB","217","B11","*","CLMB"
"CLMB","218","B11","3.313376138","CLMB"
"CLMB","219","B11","8.597201172","CLMB"
"CLMB","220","B11","*","CLMB"
"CLMB","221","B11","2.101115101","CLMB"
"CLMB","222","B11","1.953706577","CLMB"
"CLMB","223","B11","3.251580921","CLMB"
"CLMB","224","B11","1.434416308","CLMB"
"CLMB","225","B11","2.250745325","CLMB"
"CLMB","226","B11","3.137585473","CLMB"
"CLMB","227","B11","3.67447073","CLMB"
"CLMB","228","B11","2.86142497","CLMB"
"CLMB","229","B11","2.403574429","CLMB"
"CLMB","230","B11","*","CLMB"
"CLMB","231","B11","4.467822789","CLMB"
"CLMB","232","B11","2.64754729","CLMB"
"CLMB","233","B11","2.857446266","CLMB"
"CLMB","234","B11","1.419875178","CLMB"
"CLMB","235","B11","2.3748204215","CLMB"
"CLMB","236","B11","3.68384764","CLMB"
"CLMB","237","B11","3.231129449","CLMB"
"CLMB","238","B11","2.01370091","CLMB"
"CLMB","239","B11","3.059646458","CLMB"
"CLMB","240","B11","5.836289645","CLMB"
"CLMB","241","B11","3.25451048","CLMB"
"CLMB","242","B11","*","CLMB"
"CLMB","243","B11","1.726421175","CLMB"
"CLMB","244","B11","1.512523263","CLMB"
"CLMB","245","B11","3.167082005","CLMB"
"CLMB","246","B11","2.235604043","CLMB"
"CLMB","247","B11","2.575499628","CLMB"
"CLMB","248","B11","2.428227585","CLMB"
"CLMB","249","B11","3.413444688","CLMB"
"CLMB","250","B11","5.344170459","CLMB"
"CLMB","251","B11","2.591863786","CLMB"
"CLMB","252","B11","3.455413431","CLMB"
"CLMB","254","B11","3.693215476","CLMB"
"CLMB","255","B11","3.282287049","CLMB"
"CLMB","256","B11","2.806208075","CLMB"
"CLMB","257","B11","0.876873195","CLMB"
"CLMB","258","B11","3.698084145","CLMB"
"CLMB","259","B11","*","CLMB"
"CLMB","260","B11","1.964626123","CLMB"
"CLMB","261","B11","2.953655857","CLMB"
"CLMB","262","B11","0.806195034","CLMB"
"CLMB","263","B11","2.261689221","CLMB"
"CLMB","264","B11","2.326423448","CLMB"
"CLMB","265","B11","2.467544645","CLMB"
"CLMB","267","B11","1.833487371","CLMB"
"CLMB","268","B11","*","CLMB"
"CLMB","269","B11","1.698290224","CLMB"
"CLMB","270","B11","2.613791937","CLMB"
"CLMB","271","B11","1.506009999","CLMB"
"CLMB","272","B11","2.940272329","CLMB"
"CLMB","273","B11","*","CLMB"
"CLMB","274","B11","2.960488678","CLMB"
"CLMB","275","B11","2.077957526","CLMB"
"CLMB","276","B11","*","CLMB"
"CLMB","277","B11","4.466913907","CLMB"
"CLMB","278","B11","2.053239458","CLMB"
"CLMB","279","B11","2.821895301","CLMB"
"CLMB","281","B11","*","CLMB"
"CLMB","282","B11","0.8169653505","CLMB"
"CLMB","283","B11","*","CLMB"
"CLMB","284","B11","4.283268836","CLMB"
"CLMB","285","B11","4.106472201","CLMB"
"CLMB","286","B11","2.03657083","CLMB"
"CLMB","287","B11","0.52087502","CLMB"
"CLMB","288","B11","4.38773856","CLMB"
"CLMB","289","B11","1.733528751","CLMB"
"CLMB","290","B11","2.37670717","CLMB"
"CLMB","292","B11","3.19252908","CLMB"
"CLMB","293","B11","3.049800354","CLMB"
"CLMB","294","B11","0.780181705","CLMB"
"CLMB","296","B11","2.618066084","CLMB"
"CLMB","297","B11","3.786300489","CLMB"
"CLMB","298","B11","0.337964446","CLMB"
"CLMB","299","B11","0.427387063","CLMB"
"CLMB","300","B11","*","CLMB"
"CLMB","301","B11","4.327461242","CLMB"
"CLMB","302","B11","2.447662137","CLMB"
"CLMB","303","B11","3.811480849","CLMB"
"CLMB","304","B11","3.010754934","CLMB"
"CLMB","305","B11","2.7049149","CLMB"
"CLMB","306","B11","*","CLMB"
"CLMB","307","B11","4.116343716","CLMB"
"CLMB","308","B11","2.183183393","CLMB"
"CLMB","310","B11","0.042622849","CLMB"
"CLMB","311","B11","2.205136082","CLMB"
"CLMB","312","B11","5.656299718","CLMB"
"CLMB","313","B11","2.182556209","CLMB"
"CLMB","314","B11","3.512851994","CLMB"
"CLMB","315","B11","2.50193822","CLMB"
"CLMB","317","B11","1.155697331","CLMB"
"CLMB","318","B11","2.999803639","CLMB"
"CLMB","319","B11","5.295723253","CLMB"
"CLMB","320","B11","3.001950241","CLMB"
"CLMB","322","B11","3.347359256","CLMB"
"CLMB","323","B11","2.451577106","CLMB"
"CLMB","324","B11","4.542072434","CLMB"
"CLMB","325","B11","2.823092617","CLMB"
"CLMB","326","B11","1.402506017","CLMB"
"CLMB","328","B11","1.987825614","CLMB"
"CLMB","330","B11","2.516998456","CLMB"
"CLMB","332","B11","0.092505441","CLMB"
"CLMB","333","B11","1.777687273","CLMB"
"CLMB","334","B11","3.176025912","CLMB"
"CLMB","335","B11","*","CLMB"
"CLMB","336","B11","1.885891383","CLMB"
"CLMB","337","B11","2.110878495","CLMB"
"CLMB","338","B11","1.839790174","CLMB"
"CLMB","339","B11","0.722426561","CLMB"
"CLMB","340","B11","*","CLMB"
"CLMB","341","B11","2.403974295","CLMB"
"CLMB","342","B11","2.595806878","CLMB"
"CLMB","343","B11","2.490906444","CLMB"
"CLMB","345","B11","3.433544749","CLMB"
"CLMB","346","B11","*","CLMB"
"CLMB","347","B11","2.655259913","CLMB"
"CLMB","349","B11","*","CLMB"
"CLMB","350","B11","0.22639066","CLMB"
"CLMB","352","B11","5.719574589","CLMB"
"CLMB","353","B11","7.06180391","CLMB"
"CLMB","354","B11","2.800987365","CLMB"
"CLMB","355","B11","3.990314404","CLMB"
"CLMB","356","B11","2.084928346","CLMB"
"CLMB","358","B11","1.731274692","CLMB"
"CLMB","359","B11","2.089433716","CLMB"
"CLMB","360","B11","2.030814228","CLMB"
"CLMB","361","B11","0.457411966","CLMB"
"CLMB","363","B11","*","CLMB"
"CLMB","364","B11","2.928032689","CLMB"
"CLMB","365","B11","2.042304835","CLMB"
"CLMB","366","B11","5.843683979","CLMB"
"CLMB","367","B11","2.560124973","CLMB"
"CLMB","368","B11","5.418416441","CLMB"
"CLMB","369","B11","*","CLMB"
"CLMB","370","B11","2.463653656","CLMB"
"CLMB","371","B11","2.353057021","CLMB"
"CLMB","372","B11","*","CLMB"
"CLMB","373","B11","7.073808526","CLMB"
"CLMB","374","B11","3.485216143","CLMB"
"CLMB","375","B11","1.671619279","CLMB"
"CLMB","377","B11","1.735733576","CLMB"
"CLMB","378","B11","2.11202473","CLMB"
"CLMB","379","B11","2.839258014","CLMB"
"CLMB","380","B11","3.020440124","CLMB"
"CLMB","381","B11","6.775437081","CLMB"
"CLMB","382","B11","1.95209861","CLMB"
"CLMB","383","B11","3.719364994","CLMB"
"CLMB","384","B11","*","CLMB"
"CLMB","386","B11","2.990636525","CLMB"
"CLMB","388","B11","1.99755712","CLMB"
"CLMB","389","B11","4.678529636","CLMB"
"CLMB","390","B11","*","CLMB"
"CLMB","391","B11","*","CLMB"
"CLMB","392","B11","2.11447805","CLMB"
"CLMB","393","B11","1.641182208","CLMB"
"CLMB","394","B11","*","CLMB"
"CLMB","395","B11","*","CLMB"
"CLMB","396","B11","2.687755718","CLMB"
"CLMB","397","B11","2.965629209","CLMB"
"CLMB","398","B11","1.846334821","CLMB"
"CLMB","399","B11","2.233466088","CLMB"
"CLMB","400","B11","2.06323007","CLMB"
"CLMB","402","B11","2.141036862","CLMB"
"CLMB","403","B11","4.181984348","CLMB"
"CLMB","404","B11","3.426442417","CLMB"
"CLMB","405","B11","1.897208063","CLMB"
"CLMB","406","B11","2.720796071","CLMB"
"CLMB","407","B11","1.932589626","CLMB"
"CLMB","408","B11","2.244077139","CLMB"
"CLMB","409","B11","2.133767895","CLMB"
"CLMB","410","B11","2.1572313","CLMB"
"CLMB","411","B11","4.020437137","CLMB"
"CLMB","412","B11","1.662844718","CLMB"
"CLMB","413","B11","0.8613685","CLMB"
"CLMB","414","B11","3.329082805","CLMB"
"CLMB","415","B11","2.844274693","CLMB"
"CLMB","416","B11","*","CLMB"
"CLMB","417","B11","2.379092976","CLMB"
"CLMB","418","B11","3.525429994","CLMB"
"CLMB","419","B11","4.644122732","CLMB"
"CLMB","420","B11","3.651585032","CLMB"
"CLMB","421","B11","2.363958666","CLMB"
"CLMB","422","B11","1.973799326","CLMB"
"CLMB","423","B11","0.744626021","CLMB"
"CLMB","424","B11","1.816924875","CLMB"
"CLMB","425","B11","4.916584608","CLMB"
"CLMB","426","B11","1.963874215","CLMB"
"CLMB","427","B11","*","CLMB"
"CLMB","428","B11","2.192113502","CLMB"
"CLMB","429","B11","3.170841425","CLMB"
"CLMB","431","B11","3.406117912","CLMB"
"CLMB","432","B11","2.466574563","CLMB"
"CLMB","433","B11","1.906958344","CLMB"
"CLMB","435","B11","3.166742026","CLMB"
"CLMB","436","B11","2.205844048","CLMB"
"CLMB","437","B11","1.993616454","CLMB"
"CLMB","438","B11","*","CLMB"
"CLMB","439","B11","*","CLMB"
"CLMB","440","B11","*","CLMB"
"CLMB","442","B11","2.228407758","CLMB"
"CLMB","443","B11","4.268699779","CLMB"
"CLMB","444","B11","2.296020298","CLMB"
"CLMB","445","B11","3.557744762","CLMB"
"CLMB","446","B11","1.899024443","CLMB"
"CLMB","447","B11","2.409718238","CLMB"
"CLMB","448","B11","2.226285761","CLMB"
"CLMB","449","B11","3.159184614","CLMB"
"CLMB","450","B11","1.90603682","CLMB"
"CLMB","451","B11","4.218832765","CLMB"
"CLMB","452","B11","0.937718612","CLMB"
"CLMB","453","B11","1.796513428","CLMB"
"CLMB","455","B11","2.443933255","CLMB"
"CLMB","456","B11","3.677821671","CLMB"
"CLMB","458","B11","3.27111523","CLMB"
"CLMB","459","B11","1.627524171","CLMB"
"CLMB","460","B11","2.895397134","CLMB"
"CLMB","461","B11","2.895740906","CLMB"
"CLMB","462","B11","1.911782581","CLMB"
"CLMB","463","B11","1.491134488","CLMB"
"CLMB","464","B11","3.094072017","CLMB"
"CLMB","465","B11","3.754730519","CLMB"
"CLMB","466","B11","2.560777396","CLMB"
"CLMB","467","B11","*","CLMB"
"CLMB","468","B11","6.405178573","CLMB"
"CLMB","469","B11","*","CLMB"
"CLMB","470","B11","0.712391614","CLMB"
"CLMB","471","B11","6.678180587","CLMB"
"CLMB","472","B11","2.6049383","CLMB"
"CLMB","473","B11","3.55576866","CLMB"
"CLMB","474","B11","*","CLMB"
"CLMB","475","B11","1.579781945","CLMB"
"CLMB","476","B11","2.324031316","CLMB"
"CLMB","477","B11","*","CLMB"
"CLMB","479","B11","1.969646108","CLMB"
"CLMB","480","B11","3.101848537","CLMB"
"CLMB","482","B11","2.489294808","CLMB"
"CLMB","483","B11","2.400368381","CLMB"
"CLMB","484","B11","2.182007124","CLMB"
"CLMB","485","B11","2.294104968","CLMB"
"CLMB","486","B11","1.996606963","CLMB"
"CLMB","487","B11","4.988441763","CLMB"
"CLMB","488","B11","0.537992802","CLMB"
"CLMB","489","B11","2.108040911","CLMB"
"CLMB","491","B11","2.30874289","CLMB"
"CLMB","492","B11","2.194341094","CLMB"
"CLMB","493","B11","*","CLMB"
"CLMB","494","B11","1.443971528","CLMB"
"CLMB","495","B11","*","CLMB"
"CLMB","496","B11","1.291788045","CLMB"
"CLMB","497","B11","2.771339681","CLMB"
"CLMB","498","B11","2.734780321","CLMB"
"CLMB","499","B11","2.780574958","CLMB"
"CLMB","500","B11","2.218957385","CLMB"
"CLMB","501","B11","2.476412801","CLMB"
"CLMB","502","B11","3.13886709","CLMB"
"CLMB","503","B11","1.814273387","CLMB"
"CLMB","504","B11","*","CLMB"
"CLMB","505","B11","2.355204816","CLMB"
"CLMB","506","B11","3.91072386","CLMB"
"CLMB","507","B11","2.633215281","CLMB"
"CLMB","508","B11","1.314252803","CLMB"
"CLMB","511","B11","2.776520077","CLMB"
"CLMB","512","B11","3.300302093","CLMB"
"CLMB","513","B11","*","CLMB"
"CLMB","514","B11","2.726906878","CLMB"
"CLMB","515","B11","3.350917082","CLMB"
"CLMB","516","B11","1.774427081","CLMB"
"CLMB","518","B11","*","CLMB"
"CLMB","519","B11","0.152318185","CLMB"
"CLMB","520","B11","*","CLMB"
"CLMB","521","B11","1.981231186","CLMB"
"CLMB","522","B11","3.075723837","CLMB"
"CLMB","523","B11","0.841497805","CLMB"
"CLMB","524","B11","2.608284489","CLMB"
"CLMB","525","B11","3.665535472","CLMB"
"CLMB","526","B11","2.109484119","CLMB"
"CLMB","527","B11","2.428487168","CLMB"
"CLMB","529","B11","4.01607857","CLMB"
"CLMB","530","B11","4.007891322","CLMB"
"CLMB","531","B11","3.660864671","CLMB"
"CLMB","532","B11","6.348328137","CLMB"
"CLMB","533","B11","2.33463563","CLMB"
"CLMB","534","B11","0.591902416","CLMB"
"CLMB","535","B11","2.543086426","CLMB"
"CLMB","536","B11","2.47669667","CLMB"
"CLMB","537","B11","2.86906032","CLMB"
"CLMB","539","B11","3.02001073","CLMB"
"CLMB","540","B11","4.02387866","CLMB"
"CLMB","541","B11","2.92824227","CLMB"
"CLMB","542","B11","3.834647777","CLMB"
"CLMB","544","B11","3.31878189","CLMB"
"CLMB","545","B11","2.471605076","CLMB"
"CLMB","546","B11","3.125209168","CLMB"
"CLMB","547","B11","2.02567376","CLMB"
"CLMB","548","B11","2.961837764","CLMB"
"CLMB","549","B11","4.27196785","CLMB"
"CLMB","551","B11","*","CLMB"
"CLMB","552","B11","2.840913298","CLMB"
"CLMB","553","B11","3.34613177","CLMB"
"CLMB","555","B11","8.374927635","CLMB"
"CLMB","556","B11","*","CLMB"
"CLMB","557","B11","*","CLMB"
"CLMB","558","B11","*","CLMB"
"CLMB","559","B11","4.441647819","CLMB"
"CLMB","560","B11","*","CLMB"
"CLMB","562","B11","0.376760766","CLMB"
"CLMB","563","B11","9.661114766","CLMB"
"CLMB","564","B11","2.93067428","CLMB"
"CLMB","565","B11","4.289733094","CLMB"
"CLMB","566","B11","*","CLMB"
"CLMB","567","B11","3.726848126","CLMB"
"CLMB","569","B11","2.911475456","CLMB"
"CLMB","570","B11","2.839649082","CLMB"
"CLMB","571","B11","1.827123139","CLMB"
"CLMB","572","B11","2.132040759","CLMB"
"CLMB","573","B11","1.91443996","CLMB"
"CLMB","574","B11","1.909551899","CLMB"
"CLMB","576","B11","3.025992383","CLMB"
"CLMB","577","B11","*","CLMB"
"CLMB","578","B11","2.046843943","CLMB"
"CLMB","579","B11","5.725584948","CLMB"
"CLMB","580","B11","*","CLMB"
"CLMB","581","B11","2.851441379","CLMB"
"CLMB","583","B11","3.103487213","CLMB"
"CLMB","584","B11","2.62741811","CLMB"
"CLMB","585","B11","2.667951447","CLMB"
"CLMB","586","B11","2.660855613","CLMB"
"CLMB","588","B11","3.580048737","CLMB"
"CLMB","589","B11","2.395366118","CLMB"
"CLMB","592","B11","2.424800781","CLMB"
"CLMB","593","B11","2.846289234","CLMB"
"CLMB","594","B11","0.2497504","CLMB"
"CLMB","595","B11","2.599103693","CLMB"
"CLMB","596","B11","3.60374602","CLMB"
"CLMB","597","B11","*","CLMB"
"CLMB","598","B11","*","CLMB"
"CLMB","599","B11","2.783697475","CLMB"
"CLMB","600","B11","3.667938621","CLMB"
"CLMB","601","B11","*","CLMB"
"CLMB","602","B11","2.641892298","CLMB"
"CLMB","603","B11","*","CLMB"
"CLMB","604","B11","2.201327679","CLMB"
"CLMB","605","B11","1.567671253","CLMB"
"CLMB","606","B11","2.851481104","CLMB"
"CLMB","608","B11","2.914447822","CLMB"
"CLMB","609","B11","2.362914431","CLMB"
"CLMB","610","B11","4.362230894","CLMB"
"CLMB","611","B11","2.937453301","CLMB"
"CLMB","612","B11","1.276897089","CLMB"
"CLMB","613","B11","3.008776186","CLMB"
"CLMB","614","B11","3.253854097","CLMB"
"CLMB","618","B11","1.321704313","CLMB"
"CLMB","619","B11","2.172810195","CLMB"
"CLMB","620","B11","2.434685158","CLMB"
"CLMB","621","B11","1.161548606","CLMB"
"CLMB","622","B11","1.464841452","CLMB"
"CLMB","623","B11","2.593580011","CLMB"
"CLMB","624","B11","5.461453981","CLMB"
"CLMB","625","B11","0.084696779","CLMB"
"CLMB","627","B11","2.231194077","CLMB"
"CLMB","628","B11","*","CLMB"
"CLMB","629","B11","6.352994432","CLMB"
"CLMB","630","B11","*","CLMB"
"CLMB","632","B11","1.579574169","CLMB"
"CLMB","633","B11","2.458965578","CLMB"
"CLMB","634","B11","3.621950001","CLMB"
"CLMB","635","B11","0.279992921","CLMB"
"CLMB","636","B11","1.626146603","CLMB"
"CLMB","637","B11","8.142379859","CLMB"
"CLMB","638","B11","4.430612467","CLMB"
"CLMB","639","B11","3.677867754","CLMB"
"CLMB","640","B11","*","CLMB"
"CLMB","641","B11","1.9834611","CLMB"
"CLMB","642","B11","2.53482194","CLMB"
"CLMB","643","B11","3.549505754","CLMB"
"CLMB","644","B11","*","CLMB"
"CLMB","645","B11","3.800177965","CLMB"
"CLMB","647","B11","3.002070979","CLMB"
"CLMB","648","B11","*","CLMB"
"CLMB","649","B11","2.262337616","CLMB"
"CLMB","652","B11","1.975016388","CLMB"
"CLMB","654","B11","1.881418292","CLMB"
"CLMB","655","B11","3.051082197","CLMB"
"CLMB","656","B11","1.739170111","CLMB"
"CLMB","657","B11","3.246463358","CLMB"
"CLMB","658","B11","2.686959411","CLMB"
"CLMB","660","B11","1.181660599","CLMB"
"CLMB","661","B11","5.153318731","CLMB"
"CLMB","663","B11","0.476837201","CLMB"
"CLMB","664","B11","3.241412901","CLMB"
"CLMB","666","B11","0.962261575","CLMB"
"CLMB","667","B11","2.59098919","CLMB"
"CLMB","668","B11","1.469566887","CLMB"
"CLMB","669","B11","1.992584267","CLMB"
"CLMB","670","B11","*","CLMB"
"CLMB","671","B11","1.633871622","CLMB"
"CLMB","672","B11","2.286568986","CLMB"
"CLMB","673","B11","3.434801741","CLMB"
"CLMB","674","B11","4.240705978","CLMB"
"CLMB","675","B11","0.765064882","CLMB"
"CLMB","677","B11","3.758308071","CLMB"
"CLMB","679","B11","*","CLMB"
"CLMB","680","B11","3.139228036","CLMB"
"CLMB","681","B11","1.999246121","CLMB"
"CLMB","682","B11","1.978319142","CLMB"
"CLMB","683","B11","2.941156401","CLMB"
"CLMB","684","B11","0.625204152","CLMB"
"CLMB","685","B11","2.559328341","CLMB"
"CLMB","686","B11","6.390814551","CLMB"
"CLMB","689","B11","*","CLMB"
"CLMB","690","B11","2.83471019","CLMB"
"CLMB","691","B11","3.1134153","CLMB"
"CLMB","692","B11","2.190247898","CLMB"
"CLMB","693","B11","0.732515268","CLMB"
"CLMB","694","B11","0.334126277","CLMB"
"CLMB","695","B11","*","CLMB"
"CLMB","696","B11","3.661280175","CLMB"
"CLMB","697","B11","3.146556153","CLMB"
"CLMB","698","B11","2.547381333","CLMB"
"CLMB","699","B11","3.382834617","CLMB"
"CLMB","700","B11","2.556300969","CLMB"
"CLMB","702","B11","2.638143611","CLMB"
"CLMB","703","B11","*","CLMB"
"CLMB","704","B11","1.246303075","CLMB"
"CLMB","705","B11","2.208929011","CLMB"
"CLMB","706","B11","3.775488728","CLMB"
"CLMB","707","B11","2.614479317","CLMB"
"CLMB","708","B11","*","CLMB"
"CLMB","710","B11","2.764623297","CLMB"
"CLMB","711","B11","3.523919281","CLMB"
"CLMB","712","B11","3.166698015","CLMB"
"CLMB","713","B11","*","CLMB"
"CLMB","714","B11","1.913240274","CLMB"
"CLMB","715","B11","1.647088569","CLMB"
"CLMB","716","B11","2.504670008","CLMB"
"CLMB","718","B11","0.350640154","CLMB"
"CLMB","719","B11","4.793731339","CLMB"
"CLMB","720","B11","5.405977412","CLMB"
"CLMB","721","B11","*","CLMB"
"CLMB","722","B11","3.439547208","CLMB"
"CLMB","723","B11","*","CLMB"
"CLMB","724","B11","1.581349429","CLMB"
"CLMB","725","B11","2.39959697","CLMB"
"CLMB","726","B11","4.693789739","CLMB"
"CLMB","729","B11","1.871093537","CLMB"
"CLMB","730","B11","*","CLMB"
"CLMB","731","B11","2.236559084","CLMB"
"CLMB","732","B11","*","CLMB"
"CLMB","733","B11","*","CLMB"
"CLMB","734","B11","3.970021128","CLMB"
"CLMB","735","B11","2.69219986","CLMB"
"CLMB","736","B11","0.079985705","CLMB"
"CLMB","737","B11","2.22905688","CLMB"
"CLMB","738","B11","3.701839832","CLMB"
"CLMB","739","B11","0.99263691","CLMB"
"CLMB","740","B11","*","CLMB"
"CLMB","742","B11","3.485597465","CLMB"
"CLMB","743","B11","2.054484702","CLMB"
"CLMB","744","B11","2.777015237","CLMB"
"CLMB","745","B11","1.714817251","CLMB"
"CLMB","746","B11","5.238300541","CLMB"
"CLMB","748","B11","1.802563246","CLMB"
"CLMB","749","B11","4.463112789","CLMB"
"CLMB","750","B11","2.499710367","CLMB"
"CLMB","751","B11","2.633589028","CLMB"
"CLMB","752","B11","4.378520265","CLMB"
"CLMB","753","B11","2.491971441","CLMB"
"CLMB","755","B11","5.737403613","CLMB"
"CLMB","756","B11","0.258386545","CLMB"
"CLMB","757","B11","2.648991193","CLMB"
"CLMB","758","B11","2.121658239","CLMB"
"CLMB","759","B11","2.381666148","CLMB"
"CLMB","760","B11","1.60441153","CLMB"
"CLMB","761","B11","3.195728415","CLMB"
"CLMB","762","B11","3.558654557","CLMB"
"CLMB","763","B11","4.863515251","CLMB"
"CLMB","764","B11","1.607723405","CLMB"
"CLMB","765","B11","2.104546828","CLMB"
"CLMB","766","B11","2.071073747","CLMB"
"CLMB","767","B11","2.159390361","CLMB"
"CLMB","768","B11","2.318444108","CLMB"
"CLMB","769","B11","*","CLMB"
"CLMB","770","B11","3.097404243","CLMB"
"CLMB","771","B11","2.326183699","CLMB"
"CLMB","772","B11","4.186449096","CLMB"
"CLMB","773","B11","1.503674258","CLMB"
"CLMB","774","B11","3.166697503","CLMB"
"CLMB","775","B11","4.154123127","CLMB"
"CLMB","776","B11","0.165590285","CLMB"
"CLMB","777","B11","3.086717173","CLMB"
"CLMB","778","B11","1.923332567","CLMB"
"CLMB","779","B11","3.995585523","CLMB"
"CLMB","780","B11","2.075713617","CLMB"
"CLMB","781","B11","3.434855302","CLMB"
"CLMB","782","B11","1.844731626","CLMB"
"CLMB","783","B11","*","CLMB"
"CLMB","784","B11","1.170400167","CLMB"
"CLMB","785","B11","*","CLMB"
"CLMB","786","B11","*","CLMB"
"CLMB","787","B11","2.922627412","CLMB"
"CLMB","788","B11","0.857301276","CLMB"
"CLMB","789","B11","2.951168209","CLMB"
"CLMB","790","B11","3.143646427","CLMB"
"CLMB","792","B11","3.672037179","CLMB"
"CLMB","794","B11","6.875823258","CLMB"
"CLMB","795","B11","3.250557161","CLMB"
"CLMB","796","B11","2.206514087","CLMB"
"CLMB","797","B11","2.896761054","CLMB"
"CLMB","799","B11","3.375584781","CLMB"
"CLMB","800","B11","1.726712556","CLMB"
"CLMB","801","B11","*","CLMB"
"CLMB","802","B11","2.285043404","CLMB"
"CLMB","803","B11","2.545601865","CLMB"
"CLMB","804","B11","4.717101096","CLMB"
"CLMB","805","B11","0.40986222","CLMB"
"CLMB","806","B11","*","CLMB"
"CLMB","808","B11","4.370107666","CLMB"
"CLMB","809","B11","2.131272855","CLMB"
"CLMB","810","B11","1.827748838","CLMB"
"CLMB","811","B11","3.718715688","CLMB"
"CLMB","812","B11","2.99203447","CLMB"
"CLMB","813","B11","*","CLMB"
"CLMB","814","B11","5.470888816","CLMB"
"CLMB","815","B11","3.015787398","CLMB"
"CLMB","816","B11","3.508931896","CLMB"
"CLMB","817","B11","4.300976409","CLMB"
"CLMB","818","B11","6.534362937","CLMB"
"CLMB","819","B11","2.284402582","CLMB"
"CLMB","820","B11","3.456460572","CLMB"
"CLMB","821","B11","1.375164374","CLMB"
"CLMB","822","B11","*","CLMB"
"CLMB","823","B11","*","CLMB"
"CLMB","824","B11","0.17807065","CLMB"
"CLMB","825","B11","2.887023977","CLMB"
"KBSM","1","B11","1.297774771","KBSM"
"KBSM","2","B11","3.518919645","KBSM"
"KBSM","3","B11","1.657415151","KBSM"
"KBSM","4","B11","4.144294079","KBSM"
"KBSM","5","B11","2.055928075","KBSM"
"KBSM","7","B11","1.569584027","KBSM"
"KBSM","8","B11","4.477959192","KBSM"
"KBSM","9","B11","1.474875974","KBSM"
"KBSM","10","B11","2.791297386","KBSM"
"KBSM","11","B11","2.425540518","KBSM"
"KBSM","12","B11","3.44808176","KBSM"
"KBSM","13","B11","*","KBSM"
"KBSM","14","B11","3.840351544","KBSM"
"KBSM","15","B11","2.997307962","KBSM"
"KBSM","16","B11","*","KBSM"
"KBSM","17","B11","3.167941914","KBSM"
"KBSM","18","B11","4.075635813","KBSM"
"KBSM","19","B11","2.431125485","KBSM"
"KBSM","20","B11","2.1201388","KBSM"
"KBSM","21","B11","*","KBSM"
"KBSM","22","B11","3.763456371","KBSM"
"KBSM","23","B11","2.12735522","KBSM"
"KBSM","24","B11","*","KBSM"
"KBSM","25","B11","3.183005133","KBSM"
"KBSM","26","B11","3.411065073","KBSM"
"KBSM","27","B11","*","KBSM"
"KBSM","28","B11","8.786653514","KBSM"
"KBSM","29","B11","2.395601638","KBSM"
"KBSM","30","B11","9.760898561","KBSM"
"KBSM","31","B11","2.154677885","KBSM"
"KBSM","32","B11","2.409572763","KBSM"
"KBSM","33","B11","2.148637269","KBSM"
"KBSM","34","B11","7.346014218","KBSM"
"KBSM","35","B11","6.124311643","KBSM"
"KBSM","36","B11","5.076081976","KBSM"
"KBSM","37","B11","2.27212951","KBSM"
"KBSM","38","B11","5.197666538","KBSM"
"KBSM","39","B11","1.795298465","KBSM"
"KBSM","40","B11","2.879710549","KBSM"
"KBSM","41","B11","2.601015328","KBSM"
"KBSM","42","B11","4.051056525","KBSM"
"KBSM","43","B11","2.538013745","KBSM"
"KBSM","44","B11","8.793962861","KBSM"
"KBSM","46","B11","2.967468488","KBSM"
"KBSM","48","B11","4.226838336","KBSM"
"KBSM","49","B11","*","KBSM"
"KBSM","50","B11","*","KBSM"
"KBSM","52","B11","1.967762308","KBSM"
"KBSM","53","B11","3.571277061","KBSM"
"KBSM","54","B11","3.904911229","KBSM"
"KBSM","55","B11","1.516283632","KBSM"
"KBSM","56","B11","4.366545922","KBSM"
"KBSM","57","B11","5.255384133","KBSM"
"KBSM","58","B11","*","KBSM"
"KBSM","59","B11","*","KBSM"
"KBSM","60","B11","*","KBSM"
"KBSM","61","B11","5.383384082","KBSM"
"KBSM","62","B11","2.880421321","KBSM"
"KBSM","63","B11","*","KBSM"
"KBSM","64","B11","2.419623745","KBSM"
"KBSM","65","B11","2.223176506","KBSM"
"KBSM","66","B11","4.620914705","KBSM"
"KBSM","67","B11","1.243803861","KBSM"
"KBSM","68","B11","5.574778933","KBSM"
"KBSM","69","B11","6.061942639","KBSM"
"KBSM","70","B11","4.63716253","KBSM"
"KBSM","71","B11","*","KBSM"
"KBSM","72","B11","8.703927093","KBSM"
"KBSM","73","B11","6.467434371","KBSM"
"KBSM","74","B11","3.128247067","KBSM"
"KBSM","75","B11","*","KBSM"
"KBSM","76","B11","*","KBSM"
"KBSM","77","B11","*","KBSM"
"KBSM","78","B11","7.367436794","KBSM"
"KBSM","79","B11","5.393709699","KBSM"
"KBSM","80","B11","4.621187414","KBSM"
"KBSM","81","B11","2.245730657","KBSM"
"KBSM","83","B11","3.048071603","KBSM"
"KBSM","84","B11","*","KBSM"
"KBSM","85","B11","5.170163433","KBSM"
"KBSM","86","B11","2.519881435","KBSM"
"KBSM","87","B11","2.35450704","KBSM"
"KBSM","88","B11","3.44212649","KBSM"
"KBSM","89","B11","2.376075838","KBSM"
"KBSM","90","B11","3.554838808","KBSM"
"KBSM","91","B11","1.824598338","KBSM"
"KBSM","93","B11","1.633160631","KBSM"
"KBSM","94","B11","1.507496728","KBSM"
"KBSM","95","B11","1.097038164","KBSM"
"KBSM","96","B11","3.067666236","KBSM"
"KBSM","97","B11","7.4345735","KBSM"
"KBSM","99","B11","3.960195983","KBSM"
"KBSM","100","B11","3.918096471","KBSM"
"KBSM","101","B11","3.485526842","KBSM"
"KBSM","102","B11","*","KBSM"
"KBSM","103","B11","1.897361049","KBSM"
"KBSM","104","B11","2.411015458","KBSM"
"KBSM","105","B11","1.859713309","KBSM"
"KBSM","106","B11","2.349467753","KBSM"
"KBSM","107","B11","1.320851222","KBSM"
"KBSM","110","B11","2.080184065","KBSM"
"KBSM","111","B11","2.315249197","KBSM"
"KBSM","112","B11","1.944713039","KBSM"
"KBSM","113","B11","*","KBSM"
"KBSM","114","B11","1.068449152","KBSM"
"KBSM","115","B11","4.714085881","KBSM"
"KBSM","116","B11","2.234810877","KBSM"
"KBSM","117","B11","2.815937445","KBSM"
"KBSM","118","B11","4.480667578","KBSM"
"KBSM","119","B11","2.006129138","KBSM"
"KBSM","120","B11","*","KBSM"
"KBSM","122","B11","4.617269942","KBSM"
"KBSM","123","B11","2.424796026","KBSM"
"KBSM","125","B11","3.157649781","KBSM"
"KBSM","126","B11","4.494724777","KBSM"
"KBSM","127","B11","7.884970104","KBSM"
"KBSM","128","B11","5.27485958","KBSM"
"KBSM","130","B11","2.953541858","KBSM"
"KBSM","131","B11","2.699270106","KBSM"
"KBSM","132","B11","2.497433666","KBSM"
"KBSM","134","B11","2.898097463","KBSM"
"KBSM","135","B11","2.961161634","KBSM"
"KBSM","136","B11","3.520992367","KBSM"
"KBSM","137","B11","1.189920958","KBSM"
"KBSM","138","B11","*","KBSM"
"KBSM","139","B11","1.380896617","KBSM"
"KBSM","141","B11","*","KBSM"
"KBSM","142","B11","2.759439577","KBSM"
"KBSM","143","B11","7.245104077","KBSM"
"KBSM","144","B11","4.84961981","KBSM"
"KBSM","145","B11","2.372592219","KBSM"
"KBSM","146","B11","*","KBSM"
"KBSM","147","B11","1.060072349","KBSM"
"KBSM","148","B11","6.714666588","KBSM"
"KBSM","150","B11","1.74357379","KBSM"
"KBSM","151","B11","2.960558808","KBSM"
"KBSM","152","B11","2.463484005","KBSM"
"KBSM","153","B11","9.067291121","KBSM"
"KBSM","154","B11","8.519828478","KBSM"
"KBSM","155","B11","1.509830783","KBSM"
"KBSM","156","B11","3.084194356","KBSM"
"KBSM","157","B11","3.205522427","KBSM"
"KBSM","158","B11","2.794607408","KBSM"
"KBSM","159","B11","6.342935213","KBSM"
"KBSM","161","B11","2.971831092","KBSM"
"KBSM","163","B11","2.909964285","KBSM"
"KBSM","164","B11","4.594903761","KBSM"
"KBSM","166","B11","3.726719773","KBSM"
"KBSM","167","B11","2.216019782","KBSM"
"KBSM","168","B11","3.970203002","KBSM"
"KBSM","169","B11","*","KBSM"
"KBSM","170","B11","2.038931986","KBSM"
"KBSM","171","B11","2.915354335","KBSM"
"KBSM","172","B11","7.441953923","KBSM"
"KBSM","173","B11","6.711432025","KBSM"
"KBSM","174","B11","3.447949208","KBSM"
"KBSM","175","B11","2.229448039","KBSM"
"KBSM","176","B11","2.97010604","KBSM"
"KBSM","177","B11","2.203567397","KBSM"
"KBSM","178","B11","4.120513345","KBSM"
"KBSM","179","B11","*","KBSM"
"KBSM","180","B11","*","KBSM"
"KBSM","181","B11","*","KBSM"
"KBSM","182","B11","2.710731323","KBSM"
"KBSM","184","B11","5.202712987","KBSM"
"KBSM","185","B11","6.090658198","KBSM"
"KBSM","186","B11","*","KBSM"
"KBSM","187","B11","2.767454382","KBSM"
"KBSM","188","B11","4.049465883","KBSM"
"KBSM","189","B11","3.202139467","KBSM"
"KBSM","190","B11","4.101010773","KBSM"
"KBSM","191","B11","2.359819134","KBSM"
"KBSM","192","B11","*","KBSM"
"KBSM","193","B11","1.63770812","KBSM"
"KBSM","194","B11","2.800576483","KBSM"
"KBSM","195","B11","2.805111111","KBSM"
"KBSM","196","B11","2.931242851","KBSM"
"KBSM","197","B11","2.585114754","KBSM"
"KBSM","198","B11","4.294771327","KBSM"
"KBSM","199","B11","2.79686924","KBSM"
"KBSM","200","B11","4.568682621","KBSM"
"KBSM","201","B11","5.781372142","KBSM"
"KBSM","203","B11","4.133563344","KBSM"
"KBSM","204","B11","3.710440965","KBSM"
"KBSM","205","B11","2.528032957","KBSM"
"KBSM","207","B11","2.456177493","KBSM"
"KBSM","208","B11","3.922983512","KBSM"
"KBSM","209","B11","*","KBSM"
"KBSM","210","B11","1.100919945","KBSM"
"KBSM","211","B11","*","KBSM"
"KBSM","212","B11","*","KBSM"
"KBSM","213","B11","3.169741634","KBSM"
"KBSM","214","B11","1.18852179","KBSM"
"KBSM","215","B11","2.981849021","KBSM"
"KBSM","216","B11","2.08181495","KBSM"
"KBSM","217","B11","6.254364219","KBSM"
"KBSM","218","B11","3.263644674","KBSM"
"KBSM","219","B11","*","KBSM"
"KBSM","220","B11","*","KBSM"
"KBSM","221","B11","8.47271628","KBSM"
"KBSM","222","B11","6.525449041","KBSM"
"KBSM","223","B11","2.412301815","KBSM"
"KBSM","224","B11","2.46116476","KBSM"
"KBSM","225","B11","*","KBSM"
"KBSM","226","B11","2.146762035","KBSM"
"KBSM","227","B11","4.148247806","KBSM"
"KBSM","228","B11","7.475908733","KBSM"
"KBSM","229","B11","2.637107977","KBSM"
"KBSM","230","B11","2.357028764","KBSM"
"KBSM","231","B11","*","KBSM"
"KBSM","232","B11","2.9018154","KBSM"
"KBSM","233","B11","*","KBSM"
"KBSM","234","B11","1.794918475","KBSM"
"KBSM","235","B11","2.81840505","KBSM"
"KBSM","236","B11","1.844847497","KBSM"
"KBSM","237","B11","2.820891358","KBSM"
"KBSM","238","B11","*","KBSM"
"KBSM","239","B11","2.176281746","KBSM"
"KBSM","240","B11","*","KBSM"
"KBSM","241","B11","*","KBSM"
"KBSM","242","B11","1.821293275","KBSM"
"KBSM","243","B11","2.341522676","KBSM"
"KBSM","244","B11","2.991815535","KBSM"
"KBSM","245","B11","2.8648904","KBSM"
"KBSM","246","B11","2.063544667","KBSM"
"KBSM","247","B11","3.080843987","KBSM"
"KBSM","248","B11","3.064710351","KBSM"
"KBSM","249","B11","6.110127543","KBSM"
"KBSM","250","B11","2.782177357","KBSM"
"KBSM","251","B11","2.692132201","KBSM"
"KBSM","252","B11","3.389423527","KBSM"
"KBSM","254","B11","3.554944036","KBSM"
"KBSM","255","B11","2.782466087","KBSM"
"KBSM","256","B11","3.054752747","KBSM"
"KBSM","257","B11","3.838135616","KBSM"
"KBSM","258","B11","5.431541136","KBSM"
"KBSM","259","B11","2.713149718","KBSM"
"KBSM","260","B11","2.289134252","KBSM"
"KBSM","261","B11","*","KBSM"
"KBSM","262","B11","*","KBSM"
"KBSM","263","B11","5.103892826","KBSM"
"KBSM","264","B11","2.038379567","KBSM"
"KBSM","265","B11","3.454300048","KBSM"
"KBSM","267","B11","2.974256466","KBSM"
"KBSM","268","B11","2.609667531","KBSM"
"KBSM","269","B11","*","KBSM"
"KBSM","270","B11","7.472877919","KBSM"
"KBSM","271","B11","*","KBSM"
"KBSM","272","B11","4.184069835","KBSM"
"KBSM","273","B11","2.068292381","KBSM"
"KBSM","274","B11","2.525649469","KBSM"
"KBSM","275","B11","4.034223268","KBSM"
"KBSM","276","B11","2.017606458","KBSM"
"KBSM","277","B11","4.522137641","KBSM"
"KBSM","278","B11","*","KBSM"
"KBSM","279","B11","4.309825802","KBSM"
"KBSM","281","B11","1.707807945","KBSM"
"KBSM","282","B11","*","KBSM"
"KBSM","283","B11","2.209793414","KBSM"
"KBSM","284","B11","3.342549236","KBSM"
"KBSM","285","B11","2.872358206","KBSM"
"KBSM","286","B11","2.364659433","KBSM"
"KBSM","287","B11","4.841350753","KBSM"
"KBSM","288","B11","*","KBSM"
"KBSM","289","B11","8.055939974","KBSM"
"KBSM","290","B11","*","KBSM"
"KBSM","292","B11","2.736451725","KBSM"
"KBSM","293","B11","2.602278243","KBSM"
"KBSM","294","B11","3.702456782","KBSM"
"KBSM","296","B11","3.302711962","KBSM"
"KBSM","297","B11","1.66532586","KBSM"
"KBSM","298","B11","3.880774051","KBSM"
"KBSM","299","B11","4.431117778","KBSM"
"KBSM","300","B11","4.593362753","KBSM"
"KBSM","301","B11","3.456012333","KBSM"
"KBSM","302","B11","2.13293948","KBSM"
"KBSM","303","B11","6.643092153","KBSM"
"KBSM","304","B11","4.066421808","KBSM"
"KBSM","305","B11","3.837552011","KBSM"
"KBSM","306","B11","1.38906531","KBSM"
"KBSM","307","B11","4.140983418","KBSM"
"KBSM","308","B11","1.576888772","KBSM"
"KBSM","310","B11","2.023449367","KBSM"
"KBSM","311","B11","*","KBSM"
"KBSM","312","B11","6.196703648","KBSM"
"KBSM","313","B11","2.821151223","KBSM"
"KBSM","314","B11","2.259984819","KBSM"
"KBSM","315","B11","3.645226833","KBSM"
"KBSM","317","B11","3.838270829","KBSM"
"KBSM","318","B11","4.045810245","KBSM"
"KBSM","319","B11","*","KBSM"
"KBSM","320","B11","3.786184026","KBSM"
"KBSM","322","B11","2.194927196","KBSM"
"KBSM","323","B11","2.858125308","KBSM"
"KBSM","324","B11","2.763206223","KBSM"
"KBSM","325","B11","2.487103671","KBSM"
"KBSM","326","B11","1.587000158","KBSM"
"KBSM","328","B11","1.947988177","KBSM"
"KBSM","330","B11","1.775263438","KBSM"
"KBSM","332","B11","2.749058953","KBSM"
"KBSM","333","B11","3.822155297","KBSM"
"KBSM","334","B11","2.411199204","KBSM"
"KBSM","335","B11","3.294740605","KBSM"
"KBSM","336","B11","1.777408976","KBSM"
"KBSM","337","B11","3.817013568","KBSM"
"KBSM","338","B11","4.401200227","KBSM"
"KBSM","339","B11","1.835378488","KBSM"
"KBSM","340","B11","*","KBSM"
"KBSM","341","B11","5.442337948","KBSM"
"KBSM","342","B11","3.582481206","KBSM"
"KBSM","343","B11","5.112375364","KBSM"
"KBSM","345","B11","2.976124668","KBSM"
"KBSM","346","B11","3.544109138","KBSM"
"KBSM","347","B11","4.419515518","KBSM"
"KBSM","349","B11","2.526116432","KBSM"
"KBSM","350","B11","2.537287061","KBSM"
"KBSM","352","B11","3.633609878","KBSM"
"KBSM","353","B11","1.106428265","KBSM"
"KBSM","354","B11","3.276084832","KBSM"
"KBSM","355","B11","*","KBSM"
"KBSM","356","B11","1.997962608","KBSM"
"KBSM","358","B11","1.749247062","KBSM"
"KBSM","359","B11","2.249335102","KBSM"
"KBSM","360","B11","1.601539349","KBSM"
"KBSM","361","B11","3.790831061","KBSM"
"KBSM","363","B11","2.879610722","KBSM"
"KBSM","364","B11","2.436801682","KBSM"
"KBSM","365","B11","3.562770083","KBSM"
"KBSM","366","B11","3.177040829","KBSM"
"KBSM","367","B11","6.158630147","KBSM"
"KBSM","368","B11","*","KBSM"
"KBSM","369","B11","2.693877284","KBSM"
"KBSM","370","B11","3.275119494","KBSM"
"KBSM","371","B11","3.270050026","KBSM"
"KBSM","372","B11","4.91289346","KBSM"
"KBSM","373","B11","2.621977525","KBSM"
"KBSM","374","B11","7.941363634","KBSM"
"KBSM","375","B11","5.413702044","KBSM"
"KBSM","377","B11","*","KBSM"
"KBSM","378","B11","1.355379836","KBSM"
"KBSM","379","B11","2.82035575","KBSM"
"KBSM","380","B11","3.78604026","KBSM"
"KBSM","381","B11","5.778070267","KBSM"
"KBSM","382","B11","3.54723175","KBSM"
"KBSM","383","B11","1.892883998","KBSM"
"KBSM","384","B11","1.227993917","KBSM"
"KBSM","386","B11","2.121010835","KBSM"
"KBSM","388","B11","2.710554724","KBSM"
"KBSM","389","B11","1.251424764","KBSM"
"KBSM","390","B11","3.738257063","KBSM"
"KBSM","391","B11","1.825800466","KBSM"
"KBSM","392","B11","3.886202936","KBSM"
"KBSM","393","B11","2.49017366","KBSM"
"KBSM","394","B11","5.503680976","KBSM"
"KBSM","395","B11","2.113082014","KBSM"
"KBSM","396","B11","6.712952528","KBSM"
"KBSM","397","B11","3.391404983","KBSM"
"KBSM","398","B11","8.490027913","KBSM"
"KBSM","399","B11","1.875036859","KBSM"
"KBSM","400","B11","1.497400753","KBSM"
"KBSM","402","B11","0.826487001","KBSM"
"KBSM","403","B11","2.49819062","KBSM"
"KBSM","404","B11","4.268917754","KBSM"
"KBSM","405","B11","1.731980131","KBSM"
"KBSM","406","B11","7.160750325","KBSM"
"KBSM","407","B11","3.432437405","KBSM"
"KBSM","408","B11","4.606925373","KBSM"
"KBSM","409","B11","9.27309051","KBSM"
"KBSM","410","B11","1.55831136","KBSM"
"KBSM","411","B11","2.222691958","KBSM"
"KBSM","412","B11","2.014636654","KBSM"
"KBSM","413","B11","*","KBSM"
"KBSM","414","B11","3.64167969","KBSM"
"KBSM","415","B11","3.799695371","KBSM"
"KBSM","416","B11","*","KBSM"
"KBSM","417","B11","1.864692904","KBSM"
"KBSM","418","B11","1.828096851","KBSM"
"KBSM","419","B11","2.086384636","KBSM"
"KBSM","420","B11","2.556096506","KBSM"
"KBSM","421","B11","1.694029721","KBSM"
"KBSM","422","B11","3.139046091","KBSM"
"KBSM","423","B11","2.188753855","KBSM"
"KBSM","424","B11","1.885180902","KBSM"
"KBSM","425","B11","1.723859831","KBSM"
"KBSM","426","B11","3.856114356","KBSM"
"KBSM","427","B11","4.603831831","KBSM"
"KBSM","428","B11","1.787023775","KBSM"
"KBSM","429","B11","5.479975861","KBSM"
"KBSM","431","B11","3.492774371","KBSM"
"KBSM","432","B11","3.122653016","KBSM"
"KBSM","433","B11","2.870745146","KBSM"
"KBSM","435","B11","4.360385398","KBSM"
"KBSM","436","B11","1.226143157","KBSM"
"KBSM","437","B11","*","KBSM"
"KBSM","438","B11","*","KBSM"
"KBSM","439","B11","3.04244381","KBSM"
"KBSM","440","B11","2.903370883","KBSM"
"KBSM","442","B11","1.296364459","KBSM"
"KBSM","443","B11","1.722934545","KBSM"
"KBSM","444","B11","3.538275186","KBSM"
"KBSM","445","B11","2.592694793","KBSM"
"KBSM","446","B11","2.433076182","KBSM"
"KBSM","447","B11","3.952973347","KBSM"
"KBSM","448","B11","7.731152423","KBSM"
"KBSM","449","B11","3.430722117","KBSM"
"KBSM","450","B11","5.218663204","KBSM"
"KBSM","451","B11","2.845245932","KBSM"
"KBSM","452","B11","1.440176783","KBSM"
"KBSM","453","B11","4.067921463","KBSM"
"KBSM","455","B11","2.108905416","KBSM"
"KBSM","456","B11","2.591302022","KBSM"
"KBSM","458","B11","3.078055305","KBSM"
"KBSM","459","B11","2.893423462","KBSM"
"KBSM","460","B11","5.45602901","KBSM"
"KBSM","461","B11","2.710794881","KBSM"
"KBSM","462","B11","4.386321549","KBSM"
"KBSM","463","B11","1.765788396","KBSM"
"KBSM","464","B11","4.338910238","KBSM"
"KBSM","465","B11","5.7308413305","KBSM"
"KBSM","466","B11","2.830007374","KBSM"
"KBSM","467","B11","2.970408212","KBSM"
"KBSM","468","B11","2.767884144","KBSM"
"KBSM","469","B11","5.682032787","KBSM"
"KBSM","470","B11","2.603169451","KBSM"
"KBSM","471","B11","3.464081225","KBSM"
"KBSM","472","B11","2.752889667","KBSM"
"KBSM","473","B11","1.110192368","KBSM"
"KBSM","474","B11","*","KBSM"
"KBSM","475","B11","*","KBSM"
"KBSM","476","B11","3.606146033","KBSM"
"KBSM","477","B11","2.017108269","KBSM"
"KBSM","479","B11","2.63994824","KBSM"
"KBSM","480","B11","4.565128466","KBSM"
"KBSM","482","B11","*","KBSM"
"KBSM","483","B11","2.171314573","KBSM"
"KBSM","484","B11","6.615701546","KBSM"
"KBSM","485","B11","2.125114005","KBSM"
"KBSM","486","B11","*","KBSM"
"KBSM","487","B11","3.584915647","KBSM"
"KBSM","488","B11","3.476507286","KBSM"
"KBSM","489","B11","3.175964361","KBSM"
"KBSM","491","B11","2.645355884","KBSM"
"KBSM","492","B11","3.039042872","KBSM"
"KBSM","493","B11","4.443790553","KBSM"
"KBSM","494","B11","1.318618717","KBSM"
"KBSM","495","B11","2.593550456","KBSM"
"KBSM","496","B11","2.352147734","KBSM"
"KBSM","497","B11","3.578671634","KBSM"
"KBSM","498","B11","2.434730194","KBSM"
"KBSM","499","B11","*","KBSM"
"KBSM","500","B11","3.068870662","KBSM"
"KBSM","501","B11","4.906962055","KBSM"
"KBSM","502","B11","2.231240241","KBSM"
"KBSM","503","B11","1.800943894","KBSM"
"KBSM","504","B11","*","KBSM"
"KBSM","505","B11","6.154927026","KBSM"
"KBSM","506","B11","3.713065989","KBSM"
"KBSM","507","B11","2.669971496","KBSM"
"KBSM","508","B11","1.318098408","KBSM"
"KBSM","511","B11","3.978741328","KBSM"
"KBSM","512","B11","3.32585455","KBSM"
"KBSM","513","B11","5.038198187","KBSM"
"KBSM","514","B11","*","KBSM"
"KBSM","515","B11","4.897349966","KBSM"
"KBSM","516","B11","2.922308966","KBSM"
"KBSM","518","B11","*","KBSM"
"KBSM","519","B11","*","KBSM"
"KBSM","520","B11","2.163606283","KBSM"
"KBSM","521","B11","8.382769347","KBSM"
"KBSM","522","B11","1.568161786","KBSM"
"KBSM","523","B11","3.580371555","KBSM"
"KBSM","524","B11","6.347775581","KBSM"
"KBSM","525","B11","7.117561542","KBSM"
"KBSM","526","B11","1.91540727","KBSM"
"KBSM","527","B11","2.941746322","KBSM"
"KBSM","529","B11","*","KBSM"
"KBSM","530","B11","2.83772313","KBSM"
"KBSM","531","B11","1.801845093","KBSM"
"KBSM","532","B11","3.397286145","KBSM"
"KBSM","533","B11","2.168185489","KBSM"
"KBSM","534","B11","1.680377037","KBSM"
"KBSM","535","B11","6.300484318","KBSM"
"KBSM","536","B11","1.906711717","KBSM"
"KBSM","537","B11","1.734084589","KBSM"
"KBSM","539","B11","2.712603585","KBSM"
"KBSM","540","B11","4.302949242","KBSM"
"KBSM","541","B11","1.407740735","KBSM"
"KBSM","542","B11","2.902296478","KBSM"
"KBSM","544","B11","5.355686325","KBSM"
"KBSM","545","B11","2.327125748","KBSM"
"KBSM","546","B11","4.479724975","KBSM"
"KBSM","547","B11","2.252724856","KBSM"
"KBSM","548","B11","2.693069262","KBSM"
"KBSM","549","B11","4.016520731","KBSM"
"KBSM","551","B11","*","KBSM"
"KBSM","552","B11","1.839173519","KBSM"
"KBSM","553","B11","3.426048624","KBSM"
"KBSM","555","B11","3.399103565","KBSM"
"KBSM","556","B11","*","KBSM"
"KBSM","557","B11","3.400676928","KBSM"
"KBSM","558","B11","2.635659245","KBSM"
"KBSM","559","B11","3.782780693","KBSM"
"KBSM","560","B11","3.330388299","KBSM"
"KBSM","562","B11","3.042807442","KBSM"
"KBSM","563","B11","1.669068638","KBSM"
"KBSM","564","B11","*","KBSM"
"KBSM","565","B11","4.695834361","KBSM"
"KBSM","566","B11","3.153745218","KBSM"
"KBSM","567","B11","1.39531283","KBSM"
"KBSM","569","B11","2.074269337","KBSM"
"KBSM","570","B11","1.756581141","KBSM"
"KBSM","571","B11","3.136919819","KBSM"
"KBSM","572","B11","2.98842537","KBSM"
"KBSM","573","B11","2.120576891","KBSM"
"KBSM","574","B11","3.361054586","KBSM"
"KBSM","576","B11","2.24297101","KBSM"
"KBSM","577","B11","5.835875088","KBSM"
"KBSM","578","B11","5.59613113","KBSM"
"KBSM","579","B11","2.425042634","KBSM"
"KBSM","580","B11","7.451243978","KBSM"
"KBSM","581","B11","2.397573797","KBSM"
"KBSM","583","B11","2.32889638","KBSM"
"KBSM","584","B11","0.996790818","KBSM"
"KBSM","585","B11","3.055990412","KBSM"
"KBSM","586","B11","1.998628366","KBSM"
"KBSM","588","B11","3.195011308","KBSM"
"KBSM","589","B11","3.358403685","KBSM"
"KBSM","592","B11","3.756356985","KBSM"
"KBSM","593","B11","2.53827863","KBSM"
"KBSM","594","B11","2.812702422","KBSM"
"KBSM","595","B11","2.679409498","KBSM"
"KBSM","596","B11","4.45857119","KBSM"
"KBSM","597","B11","5.583982844","KBSM"
"KBSM","598","B11","3.040458395","KBSM"
"KBSM","599","B11","*","KBSM"
"KBSM","600","B11","1.930302512","KBSM"
"KBSM","601","B11","1.411286559","KBSM"
"KBSM","602","B11","*","KBSM"
"KBSM","603","B11","*","KBSM"
"KBSM","604","B11","*","KBSM"
"KBSM","605","B11","1.536321274","KBSM"
"KBSM","606","B11","3.350440217","KBSM"
"KBSM","608","B11","1.420166958","KBSM"
"KBSM","609","B11","4.073039349","KBSM"
"KBSM","610","B11","1.771483791","KBSM"
"KBSM","611","B11","8.837851935","KBSM"
"KBSM","612","B11","6.605996218","KBSM"
"KBSM","613","B11","8.582053151","KBSM"
"KBSM","614","B11","1.899300734","KBSM"
"KBSM","618","B11","1.473145239","KBSM"
"KBSM","619","B11","6.299131701","KBSM"
"KBSM","620","B11","2.950459675","KBSM"
"KBSM","621","B11","2.390554428","KBSM"
"KBSM","622","B11","3.926392373","KBSM"
"KBSM","623","B11","*","KBSM"
"KBSM","624","B11","*","KBSM"
"KBSM","625","B11","3.34029344","KBSM"
"KBSM","627","B11","1.787847479","KBSM"
"KBSM","628","B11","3.172478051","KBSM"
"KBSM","629","B11","6.794959919","KBSM"
"KBSM","630","B11","4.440070963","KBSM"
"KBSM","632","B11","3.072499854","KBSM"
"KBSM","633","B11","3.783355819","KBSM"
"KBSM","634","B11","2.418351655","KBSM"
"KBSM","635","B11","1.54322198","KBSM"
"KBSM","636","B11","2.142068055","KBSM"
"KBSM","637","B11","1.825475128","KBSM"
"KBSM","638","B11","1.998077085","KBSM"
"KBSM","639","B11","6.066111476","KBSM"
"KBSM","640","B11","7.625884971","KBSM"
"KBSM","641","B11","1.959465503","KBSM"
"KBSM","642","B11","2.851243623","KBSM"
"KBSM","643","B11","1.739112956","KBSM"
"KBSM","644","B11","1.809727491","KBSM"
"KBSM","645","B11","*","KBSM"
"KBSM","647","B11","*","KBSM"
"KBSM","648","B11","7.162457764","KBSM"
"KBSM","649","B11","3.931198316","KBSM"
"KBSM","652","B11","5.964605329","KBSM"
"KBSM","654","B11","2.341476808","KBSM"
"KBSM","655","B11","4.658705222","KBSM"
"KBSM","656","B11","1.327113548","KBSM"
"KBSM","657","B11","2.675782962","KBSM"
"KBSM","658","B11","5.538454864","KBSM"
"KBSM","660","B11","2.314805243","KBSM"
"KBSM","661","B11","1.473578807","KBSM"
"KBSM","663","B11","2.83206856","KBSM"
"KBSM","664","B11","4.385960329","KBSM"
"KBSM","666","B11","2.790152714","KBSM"
"KBSM","667","B11","2.237453352","KBSM"
"KBSM","668","B11","7.058092125","KBSM"
"KBSM","669","B11","3.58455363","KBSM"
"KBSM","670","B11","3.274699666","KBSM"
"KBSM","671","B11","*","KBSM"
"KBSM","672","B11","1.285984594","KBSM"
"KBSM","673","B11","3.526348751","KBSM"
"KBSM","674","B11","5.111639361","KBSM"
"KBSM","675","B11","6.428807663","KBSM"
"KBSM","677","B11","*","KBSM"
"KBSM","679","B11","3.166350373","KBSM"
"KBSM","680","B11","3.199253026","KBSM"
"KBSM","681","B11","1.601134297","KBSM"
"KBSM","682","B11","9.248907452","KBSM"
"KBSM","683","B11","1.577051792","KBSM"
"KBSM","684","B11","2.320463557","KBSM"
"KBSM","685","B11","3.445123008","KBSM"
"KBSM","686","B11","2.409820333","KBSM"
"KBSM","689","B11","*","KBSM"
"KBSM","690","B11","1.831320455","KBSM"
"KBSM","691","B11","4.086499482","KBSM"
"KBSM","692","B11","1.661977954","KBSM"
"KBSM","693","B11","3.621824018","KBSM"
"KBSM","694","B11","3.997366066","KBSM"
"KBSM","695","B11","1.11295571","KBSM"
"KBSM","696","B11","1.555983267","KBSM"
"KBSM","697","B11","1.171036469","KBSM"
"KBSM","698","B11","3.140825924","KBSM"
"KBSM","699","B11","1.715626045","KBSM"
"KBSM","700","B11","1.777796561","KBSM"
"KBSM","702","B11","*","KBSM"
"KBSM","703","B11","7.42292616","KBSM"
"KBSM","704","B11","1.795341655","KBSM"
"KBSM","705","B11","3.160553035","KBSM"
"KBSM","706","B11","6.50758662","KBSM"
"KBSM","707","B11","*","KBSM"
"KBSM","708","B11","*","KBSM"
"KBSM","710","B11","2.679530531","KBSM"
"KBSM","711","B11","3.231408141","KBSM"
"KBSM","712","B11","3.178734993","KBSM"
"KBSM","713","B11","1.939373887","KBSM"
"KBSM","714","B11","*","KBSM"
"KBSM","715","B11","2.950869931","KBSM"
"KBSM","716","B11","3.873545927","KBSM"
"KBSM","718","B11","*","KBSM"
"KBSM","719","B11","2.756967597","KBSM"
"KBSM","720","B11","5.814000452","KBSM"
"KBSM","721","B11","2.622353697","KBSM"
"KBSM","722","B11","2.271698144","KBSM"
"KBSM","723","B11","*","KBSM"
"KBSM","724","B11","6.998409508","KBSM"
"KBSM","725","B11","2.277839923","KBSM"
"KBSM","726","B11","1.559089405","KBSM"
"KBSM","729","B11","1.564478098","KBSM"
"KBSM","730","B11","1.272782889","KBSM"
"KBSM","731","B11","5.968409855","KBSM"
"KBSM","732","B11","4.121410822","KBSM"
"KBSM","733","B11","2.24527584","KBSM"
"KBSM","734","B11","2.773900988","KBSM"
"KBSM","735","B11","1.422584657","KBSM"
"KBSM","736","B11","2.389437721","KBSM"
"KBSM","737","B11","2.79935862","KBSM"
"KBSM","738","B11","2.424625578","KBSM"
"KBSM","739","B11","2.64782729","KBSM"
"KBSM","740","B11","3.815272147","KBSM"
"KBSM","742","B11","7.819280371","KBSM"
"KBSM","743","B11","3.701289746","KBSM"
"KBSM","744","B11","1.621191067","KBSM"
"KBSM","745","B11","2.376048324","KBSM"
"KBSM","746","B11","2.250682763","KBSM"
"KBSM","748","B11","8.3250512","KBSM"
"KBSM","749","B11","3.590294803","KBSM"
"KBSM","750","B11","4.730444492","KBSM"
"KBSM","751","B11","5.245953587","KBSM"
"KBSM","752","B11","7.050000865","KBSM"
"KBSM","753","B11","*","KBSM"
"KBSM","755","B11","1.304700381","KBSM"
"KBSM","756","B11","3.984096567","KBSM"
"KBSM","757","B11","3.422909902","KBSM"
"KBSM","758","B11","1.95214716","KBSM"
"KBSM","759","B11","1.927787278","KBSM"
"KBSM","760","B11","3.108279929","KBSM"
"KBSM","761","B11","3.306383105","KBSM"
"KBSM","762","B11","4.722915145","KBSM"
"KBSM","763","B11","2.15854167","KBSM"
"KBSM","764","B11","2.038334437","KBSM"
"KBSM","765","B11","4.285761176","KBSM"
"KBSM","766","B11","4.301161705","KBSM"
"KBSM","767","B11","1.575680989","KBSM"
"KBSM","768","B11","3.853224389","KBSM"
"KBSM","769","B11","*","KBSM"
"KBSM","770","B11","2.992322678","KBSM"
"KBSM","771","B11","4.305552849","KBSM"
"KBSM","772","B11","2.553048869","KBSM"
"KBSM","773","B11","2.137017675","KBSM"
"KBSM","774","B11","1.783307712","KBSM"
"KBSM","775","B11","1.029554813","KBSM"
"KBSM","776","B11","2.877983264","KBSM"
"KBSM","777","B11","1.909982436","KBSM"
"KBSM","778","B11","4.384091682","KBSM"
"KBSM","779","B11","3.200049402","KBSM"
"KBSM","780","B11","1.765015983","KBSM"
"KBSM","781","B11","*","KBSM"
"KBSM","782","B11","2.217799122","KBSM"
"KBSM","783","B11","2.59317132","KBSM"
"KBSM","784","B11","2.77335588","KBSM"
"KBSM","785","B11","4.115470429","KBSM"
"KBSM","786","B11","5.277631389","KBSM"
"KBSM","787","B11","2.740265161","KBSM"
"KBSM","788","B11","1.897211194","KBSM"
"KBSM","789","B11","1.244177564","KBSM"
"KBSM","790","B11","2.914639405","KBSM"
"KBSM","792","B11","2.451677166","KBSM"
"KBSM","794","B11","1.927095952","KBSM"
"KBSM","795","B11","5.102269246","KBSM"
"KBSM","796","B11","*","KBSM"
"KBSM","797","B11","1.432653942","KBSM"
"KBSM","799","B11","*","KBSM"
"KBSM","800","B11","2.941899856","KBSM"
"KBSM","801","B11","4.876885612","KBSM"
"KBSM","802","B11","3.090970262","KBSM"
"KBSM","803","B11","2.019051833","KBSM"
"KBSM","804","B11","1.910012301","KBSM"
"KBSM","805","B11","5.94065745","KBSM"
"KBSM","806","B11","7.824633103","KBSM"
"KBSM","808","B11","3.503517812","KBSM"
"KBSM","809","B11","1.507100033","KBSM"
"KBSM","810","B11","3.288679541","KBSM"
"KBSM","811","B11","3.049893022","KBSM"
"KBSM","812","B11","3.161109857","KBSM"
"KBSM","813","B11","3.014208882","KBSM"
"KBSM","814","B11","5.40401208","KBSM"
"KBSM","815","B11","1.444197476","KBSM"
"KBSM","816","B11","5.979737005","KBSM"
"KBSM","817","B11","*","KBSM"
"KBSM","818","B11","3.115250604","KBSM"
"KBSM","819","B11","1.884975638","KBSM"
"KBSM","820","B11","4.650027108","KBSM"
"KBSM","821","B11","1.579532485","KBSM"
"KBSM","822","B11","4.342354801","KBSM"
"KBSM","823","B11","6.767524257","KBSM"
"KBSM","824","B11","3.9520857195","KBSM"
"KBSM","825","B11","1.771165916","KBSM"
"PKLE","1","B11","5.541039048","PKLE"
"PKLE","2","B11","7.728105859","PKLE"
"PKLE","3","B11","5.682857093","PKLE"
"PKLE","4","B11","8.659568861","PKLE"
"PKLE","5","B11","2.691152301","PKLE"
"PKLE","7","B11","4.344178644","PKLE"
"PKLE","8","B11","5.382235984","PKLE"
"PKLE","9","B11","4.86592574","PKLE"
"PKLE","10","B11","5.296113405","PKLE"
"PKLE","11","B11","6.56208353","PKLE"
"PKLE","12","B11","8.488484823","PKLE"
"PKLE","13","B11","10.34717947","PKLE"
"PKLE","14","B11","6.431007853","PKLE"
"PKLE","15","B11","5.868231652","PKLE"
"PKLE","16","B11","4.684748361","PKLE"
"PKLE","17","B11","5.672265995","PKLE"
"PKLE","18","B11","6.820275012","PKLE"
"PKLE","19","B11","6.734012569","PKLE"
"PKLE","20","B11","3.615292842","PKLE"
"PKLE","21","B11","*","PKLE"
"PKLE","22","B11","9.564035044","PKLE"
"PKLE","23","B11","3.646637992","PKLE"
"PKLE","24","B11","*","PKLE"
"PKLE","25","B11","5.369296049","PKLE"
"PKLE","26","B11","9.699217353","PKLE"
"PKLE","27","B11","*","PKLE"
"PKLE","28","B11","6.473285044","PKLE"
"PKLE","29","B11","4.847515541","PKLE"
"PKLE","30","B11","4.709727925","PKLE"
"PKLE","31","B11","5.754089956","PKLE"
"PKLE","32","B11","4.151589572","PKLE"
"PKLE","33","B11","4.579435745","PKLE"
"PKLE","34","B11","5.361303063","PKLE"
"PKLE","35","B11","5.792016613","PKLE"
"PKLE","36","B11","6.615997819","PKLE"
"PKLE","37","B11","4.789427327","PKLE"
"PKLE","38","B11","3.992867958","PKLE"
"PKLE","39","B11","4.192632424","PKLE"
"PKLE","40","B11","6.503796349","PKLE"
"PKLE","41","B11","5.746178925","PKLE"
"PKLE","42","B11","8.349737814","PKLE"
"PKLE","43","B11","6.02810088","PKLE"
"PKLE","44","B11","4.142336482","PKLE"
"PKLE","46","B11","9.403116628","PKLE"
"PKLE","48","B11","4.994007284","PKLE"
"PKLE","49","B11","*","PKLE"
"PKLE","50","B11","*","PKLE"
"PKLE","52","B11","4.802875127","PKLE"
"PKLE","53","B11","2.706375646","PKLE"
"PKLE","54","B11","7.364973919","PKLE"
"PKLE","55","B11","7.894614304","PKLE"
"PKLE","56","B11","3.970391586","PKLE"
"PKLE","57","B11","*","PKLE"
"PKLE","58","B11","3.653528335","PKLE"
"PKLE","59","B11","*","PKLE"
"PKLE","60","B11","*","PKLE"
"PKLE","61","B11","5.002912142","PKLE"
"PKLE","62","B11","6.611696294","PKLE"
"PKLE","63","B11","5.858008084","PKLE"
"PKLE","64","B11","*","PKLE"
"PKLE","65","B11","3.59273322","PKLE"
"PKLE","66","B11","*","PKLE"
"PKLE","67","B11","4.991513179","PKLE"
"PKLE","68","B11","8.498832494","PKLE"
"PKLE","69","B11","3.437443995","PKLE"
"PKLE","70","B11","3.931311353","PKLE"
"PKLE","71","B11","*","PKLE"
"PKLE","72","B11","7.840261952","PKLE"
"PKLE","73","B11","6.109935738","PKLE"
"PKLE","74","B11","6.92023963","PKLE"
"PKLE","75","B11","*","PKLE"
"PKLE","76","B11","6.235478802","PKLE"
"PKLE","77","B11","5.621152399","PKLE"
"PKLE","78","B11","6.183936628","PKLE"
"PKLE","79","B11","6.240451372","PKLE"
"PKLE","80","B11","6.376033014","PKLE"
"PKLE","81","B11","5.520144256","PKLE"
"PKLE","83","B11","8.348857826","PKLE"
"PKLE","84","B11","4.088166499","PKLE"
"PKLE","85","B11","4.736490783","PKLE"
"PKLE","86","B11","2.825674959","PKLE"
"PKLE","87","B11","5.098631339","PKLE"
"PKLE","88","B11","*","PKLE"
"PKLE","89","B11","6.177033925","PKLE"
"PKLE","90","B11","5.697437135","PKLE"
"PKLE","91","B11","3.713551171","PKLE"
"PKLE","93","B11","4.769801013","PKLE"
"PKLE","94","B11","*","PKLE"
"PKLE","95","B11","5.36269895","PKLE"
"PKLE","96","B11","*","PKLE"
"PKLE","97","B11","4.23115638","PKLE"
"PKLE","99","B11","5.319047801","PKLE"
"PKLE","100","B11","6.713925833","PKLE"
"PKLE","101","B11","3.539021227","PKLE"
"PKLE","102","B11","*","PKLE"
"PKLE","103","B11","*","PKLE"
"PKLE","104","B11","5.740434643","PKLE"
"PKLE","105","B11","5.42531519","PKLE"
"PKLE","106","B11","4.357798816","PKLE"
"PKLE","107","B11","7.506680818","PKLE"
"PKLE","110","B11","5.729589501","PKLE"
"PKLE","111","B11","3.360751978","PKLE"
"PKLE","112","B11","3.54943738","PKLE"
"PKLE","113","B11","4.558347227","PKLE"
"PKLE","114","B11","6.581307253","PKLE"
"PKLE","115","B11","5.290614293","PKLE"
"PKLE","116","B11","*","PKLE"
"PKLE","117","B11","8.533209453","PKLE"
"PKLE","118","B11","2.944073061","PKLE"
"PKLE","119","B11","5.446423226","PKLE"
"PKLE","120","B11","*","PKLE"
"PKLE","122","B11","6.364445742","PKLE"
"PKLE","123","B11","6.798730772","PKLE"
"PKLE","125","B11","9.479526441","PKLE"
"PKLE","126","B11","7.851254171","PKLE"
"PKLE","127","B11","5.620355226","PKLE"
"PKLE","128","B11","6.933686821","PKLE"
"PKLE","130","B11","3.105211377","PKLE"
"PKLE","131","B11","7.693595329","PKLE"
"PKLE","132","B11","*","PKLE"
"PKLE","134","B11","4.773581084","PKLE"
"PKLE","135","B11","6.930914896","PKLE"
"PKLE","136","B11","*","PKLE"
"PKLE","137","B11","3.189170156","PKLE"
"PKLE","138","B11","7.801787562","PKLE"
"PKLE","139","B11","3.757163456","PKLE"
"PKLE","141","B11","*","PKLE"
"PKLE","142","B11","7.22832986","PKLE"
"PKLE","143","B11","6.551369324","PKLE"
"PKLE","144","B11","4.329733065","PKLE"
"PKLE","145","B11","4.886967716","PKLE"
"PKLE","146","B11","7.896489079","PKLE"
"PKLE","147","B11","*","PKLE"
"PKLE","148","B11","4.361423036","PKLE"
"PKLE","150","B11","6.710628705","PKLE"
"PKLE","151","B11","3.287350217","PKLE"
"PKLE","152","B11","*","PKLE"
"PKLE","153","B11","5.728781904","PKLE"
"PKLE","154","B11","4.695079118","PKLE"
"PKLE","155","B11","2.957129038","PKLE"
"PKLE","156","B11","3.738849009","PKLE"
"PKLE","157","B11","3.706905976","PKLE"
"PKLE","158","B11","5.76875653","PKLE"
"PKLE","159","B11","*","PKLE"
"PKLE","161","B11","7.609628248","PKLE"
"PKLE","163","B11","*","PKLE"
"PKLE","164","B11","8.496631664","PKLE"
"PKLE","166","B11","4.511073964","PKLE"
"PKLE","167","B11","5.860028916","PKLE"
"PKLE","168","B11","7.057795582","PKLE"
"PKLE","169","B11","3.841438916","PKLE"
"PKLE","170","B11","4.137436216","PKLE"
"PKLE","171","B11","6.847262143","PKLE"
"PKLE","172","B11","6.489602924","PKLE"
"PKLE","173","B11","6.317032336","PKLE"
"PKLE","174","B11","5.974378515","PKLE"
"PKLE","175","B11","7.061852722","PKLE"
"PKLE","176","B11","5.785624756","PKLE"
"PKLE","177","B11","7.497641845","PKLE"
"PKLE","178","B11","5.681506066","PKLE"
"PKLE","179","B11","*","PKLE"
"PKLE","180","B11","*","PKLE"
"PKLE","181","B11","*","PKLE"
"PKLE","182","B11","3.477447245","PKLE"
"PKLE","184","B11","7.975604374","PKLE"
"PKLE","185","B11","6.038350325","PKLE"
"PKLE","186","B11","*","PKLE"
"PKLE","187","B11","4.575385772","PKLE"
"PKLE","188","B11","7.716292497","PKLE"
"PKLE","189","B11","4.585515293","PKLE"
"PKLE","190","B11","*","PKLE"
"PKLE","191","B11","4.910381924","PKLE"
"PKLE","192","B11","*","PKLE"
"PKLE","193","B11","4.633392606","PKLE"
"PKLE","194","B11","3.88347638","PKLE"
"PKLE","195","B11","5.442514424","PKLE"
"PKLE","196","B11","*","PKLE"
"PKLE","197","B11","4.973788264","PKLE"
"PKLE","198","B11","6.521608058","PKLE"
"PKLE","199","B11","6.451075223","PKLE"
"PKLE","200","B11","6.48937067","PKLE"
"PKLE","201","B11","6.392284986","PKLE"
"PKLE","203","B11","6.283429212","PKLE"
"PKLE","204","B11","5.387183722","PKLE"
"PKLE","205","B11","6.310875733","PKLE"
"PKLE","207","B11","6.450402855","PKLE"
"PKLE","208","B11","4.079639386","PKLE"
"PKLE","209","B11","4.417198372","PKLE"
"PKLE","210","B11","5.829381294","PKLE"
"PKLE","211","B11","3.80714183","PKLE"
"PKLE","212","B11","*","PKLE"
"PKLE","213","B11","5.400618683","PKLE"
"PKLE","214","B11","3.868886365","PKLE"
"PKLE","215","B11","3.228409834","PKLE"
"PKLE","216","B11","5.283116675","PKLE"
"PKLE","217","B11","7.15499879","PKLE"
"PKLE","218","B11","2.657583885","PKLE"
"PKLE","219","B11","*","PKLE"
"PKLE","220","B11","3.788368567","PKLE"
"PKLE","221","B11","6.226630384","PKLE"
"PKLE","222","B11","4.710790705","PKLE"
"PKLE","223","B11","*","PKLE"
"PKLE","224","B11","5.381831666","PKLE"
"PKLE","225","B11","2.981595286","PKLE"
"PKLE","226","B11","8.162626315","PKLE"
"PKLE","227","B11","6.969998894","PKLE"
"PKLE","228","B11","4.143708199","PKLE"
"PKLE","229","B11","6.186112429","PKLE"
"PKLE","230","B11","4.713100562","PKLE"
"PKLE","231","B11","7.600981228","PKLE"
"PKLE","232","B11","7.829334951","PKLE"
"PKLE","233","B11","*","PKLE"
"PKLE","234","B11","7.216279072","PKLE"
"PKLE","235","B11","4.187239304","PKLE"
"PKLE","236","B11","6.59370315","PKLE"
"PKLE","237","B11","9.330698934","PKLE"
"PKLE","238","B11","*","PKLE"
"PKLE","239","B11","4.954245224","PKLE"
"PKLE","240","B11","*","PKLE"
"PKLE","241","B11","*","PKLE"
"PKLE","242","B11","5.868513341","PKLE"
"PKLE","243","B11","2.938427935","PKLE"
"PKLE","244","B11","4.928913424","PKLE"
"PKLE","245","B11","3.684345054","PKLE"
"PKLE","246","B11","6.966823794","PKLE"
"PKLE","247","B11","5.476362603","PKLE"
"PKLE","248","B11","6.029643927","PKLE"
"PKLE","249","B11","4.203662831","PKLE"
"PKLE","250","B11","4.438822707","PKLE"
"PKLE","251","B11","*","PKLE"
"PKLE","252","B11","4.97260052","PKLE"
"PKLE","254","B11","6.073651959","PKLE"
"PKLE","255","B11","7.347455183","PKLE"
"PKLE","256","B11","5.248546213","PKLE"
"PKLE","257","B11","5.483660377","PKLE"
"PKLE","258","B11","*","PKLE"
"PKLE","259","B11","6.006178136","PKLE"
"PKLE","260","B11","3.856105967","PKLE"
"PKLE","261","B11","6.015530344","PKLE"
"PKLE","262","B11","*","PKLE"
"PKLE","263","B11","5.019196153","PKLE"
"PKLE","264","B11","6.260481746","PKLE"
"PKLE","265","B11","5.470332123","PKLE"
"PKLE","267","B11","4.854719738","PKLE"
"PKLE","268","B11","*","PKLE"
"PKLE","269","B11","*","PKLE"
"PKLE","270","B11","2.265763967","PKLE"
"PKLE","271","B11","*","PKLE"
"PKLE","272","B11","4.600075608","PKLE"
"PKLE","273","B11","3.867833999","PKLE"
"PKLE","274","B11","2.926477007","PKLE"
"PKLE","275","B11","4.962020666","PKLE"
"PKLE","276","B11","*","PKLE"
"PKLE","277","B11","5.508628045","PKLE"
"PKLE","278","B11","*","PKLE"
"PKLE","279","B11","2.50959953","PKLE"
"PKLE","281","B11","5.178629396","PKLE"
"PKLE","282","B11","*","PKLE"
"PKLE","283","B11","*","PKLE"
"PKLE","284","B11","2.057683287","PKLE"
"PKLE","285","B11","*","PKLE"
"PKLE","286","B11","5.045768925","PKLE"
"PKLE","287","B11","5.138245314","PKLE"
"PKLE","288","B11","*","PKLE"
"PKLE","289","B11","7.252469702","PKLE"
"PKLE","290","B11","*","PKLE"
"PKLE","292","B11","8.260012117","PKLE"
"PKLE","293","B11","7.050210116","PKLE"
"PKLE","294","B11","5.115249682","PKLE"
"PKLE","296","B11","7.669652257","PKLE"
"PKLE","297","B11","7.256155029","PKLE"
"PKLE","298","B11","*","PKLE"
"PKLE","299","B11","3.128538473","PKLE"
"PKLE","300","B11","5.028346807","PKLE"
"PKLE","301","B11","6.011195744","PKLE"
"PKLE","302","B11","7.399947903","PKLE"
"PKLE","303","B11","8.353197454","PKLE"
"PKLE","304","B11","5.555451881","PKLE"
"PKLE","305","B11","4.039488595","PKLE"
"PKLE","306","B11","4.470976184","PKLE"
"PKLE","307","B11","4.995593663","PKLE"
"PKLE","308","B11","5.833987431","PKLE"
"PKLE","310","B11","7.40924199","PKLE"
"PKLE","311","B11","7.394071836","PKLE"
"PKLE","312","B11","2.407766753","PKLE"
"PKLE","313","B11","5.014648585","PKLE"
"PKLE","314","B11","3.937836786","PKLE"
"PKLE","315","B11","5.959036325","PKLE"
"PKLE","317","B11","5.650746928","PKLE"
"PKLE","318","B11","6.041457707","PKLE"
"PKLE","319","B11","*","PKLE"
"PKLE","320","B11","6.817636937","PKLE"
"PKLE","322","B11","3.285857343","PKLE"
"PKLE","323","B11","6.041970155","PKLE"
"PKLE","324","B11","4.994485124","PKLE"
"PKLE","325","B11","5.305505686","PKLE"
"PKLE","326","B11","*","PKLE"
"PKLE","328","B11","4.571214602","PKLE"
"PKLE","330","B11","5.350515268","PKLE"
"PKLE","332","B11","2.851874752","PKLE"
"PKLE","333","B11","3.994820562","PKLE"
"PKLE","334","B11","6.827440407","PKLE"
"PKLE","335","B11","6.34393826","PKLE"
"PKLE","336","B11","4.318175661","PKLE"
"PKLE","337","B11","6.349491843","PKLE"
"PKLE","338","B11","4.134956247","PKLE"
"PKLE","339","B11","5.139185495","PKLE"
"PKLE","340","B11","3.674061837","PKLE"
"PKLE","341","B11","5.104423486","PKLE"
"PKLE","342","B11","5.800487362","PKLE"
"PKLE","343","B11","7.192184787","PKLE"
"PKLE","345","B11","6.772826398","PKLE"
"PKLE","346","B11","6.459317803","PKLE"
"PKLE","347","B11","4.716370792","PKLE"
"PKLE","349","B11","6.32089818","PKLE"
"PKLE","350","B11","7.0576805","PKLE"
"PKLE","352","B11","5.268977866","PKLE"
"PKLE","353","B11","4.499233109","PKLE"
"PKLE","354","B11","6.948664981","PKLE"
"PKLE","355","B11","*","PKLE"
"PKLE","356","B11","5.65936742","PKLE"
"PKLE","358","B11","7.712390755","PKLE"
"PKLE","359","B11","4.537585854","PKLE"
"PKLE","360","B11","4.961641251","PKLE"
"PKLE","361","B11","5.72210778","PKLE"
"PKLE","363","B11","5.380784252","PKLE"
"PKLE","364","B11","5.686327411","PKLE"
"PKLE","365","B11","7.627447709","PKLE"
"PKLE","366","B11","6.828655137","PKLE"
"PKLE","367","B11","3.895348245","PKLE"
"PKLE","368","B11","4.197686583","PKLE"
"PKLE","369","B11","4.88168382","PKLE"
"PKLE","370","B11","7.120596857","PKLE"
"PKLE","371","B11","5.897467206","PKLE"
"PKLE","372","B11","7.499177798","PKLE"
"PKLE","373","B11","6.401060962","PKLE"
"PKLE","374","B11","6.182038379","PKLE"
"PKLE","375","B11","6.6987598","PKLE"
"PKLE","377","B11","*","PKLE"
"PKLE","378","B11","5.810202416","PKLE"
"PKLE","379","B11","5.040621618","PKLE"
"PKLE","380","B11","7.325695966","PKLE"
"PKLE","381","B11","6.6472629","PKLE"
"PKLE","382","B11","5.860965975","PKLE"
"PKLE","383","B11","7.252450189","PKLE"
"PKLE","384","B11","7.965349087","PKLE"
"PKLE","386","B11","7.148705191","PKLE"
"PKLE","388","B11","5.790678324","PKLE"
"PKLE","389","B11","3.334987892","PKLE"
"PKLE","390","B11","5.560447224","PKLE"
"PKLE","391","B11","7.902081322","PKLE"
"PKLE","392","B11","4.318724803","PKLE"
"PKLE","393","B11","5.937096307","PKLE"
"PKLE","394","B11","*","PKLE"
"PKLE","395","B11","5.692366362","PKLE"
"PKLE","396","B11","4.088202036","PKLE"
"PKLE","397","B11","5.354826029","PKLE"
"PKLE","398","B11","*","PKLE"
"PKLE","399","B11","7.379460148","PKLE"
"PKLE","400","B11","8.225913506","PKLE"
"PKLE","402","B11","6.249397093","PKLE"
"PKLE","403","B11","*","PKLE"
"PKLE","404","B11","7.582917152","PKLE"
"PKLE","405","B11","9.250029945","PKLE"
"PKLE","406","B11","4.545978745","PKLE"
"PKLE","407","B11","3.39127442","PKLE"
"PKLE","408","B11","4.99366096","PKLE"
"PKLE","409","B11","5.67337928","PKLE"
"PKLE","410","B11","4.35372649","PKLE"
"PKLE","411","B11","*","PKLE"
"PKLE","412","B11","2.742588225","PKLE"
"PKLE","413","B11","5.617486834","PKLE"
"PKLE","414","B11","5.912039981","PKLE"
"PKLE","415","B11","4.375507672","PKLE"
"PKLE","416","B11","7.302741231","PKLE"
"PKLE","417","B11","9.130945792","PKLE"
"PKLE","418","B11","*","PKLE"
"PKLE","419","B11","*","PKLE"
"PKLE","420","B11","3.646171423","PKLE"
"PKLE","421","B11","*","PKLE"
"PKLE","422","B11","6.876712081","PKLE"
"PKLE","423","B11","4.285136961","PKLE"
"PKLE","424","B11","6.414761991","PKLE"
"PKLE","425","B11","5.641890444","PKLE"
"PKLE","426","B11","5.790507082","PKLE"
"PKLE","427","B11","*","PKLE"
"PKLE","428","B11","7.628950163","PKLE"
"PKLE","429","B11","6.709254638","PKLE"
"PKLE","431","B11","6.462791749","PKLE"
"PKLE","432","B11","5.331743509","PKLE"
"PKLE","433","B11","5.170382826","PKLE"
"PKLE","435","B11","5.698746573","PKLE"
"PKLE","436","B11","4.538164562","PKLE"
"PKLE","437","B11","6.167615665","PKLE"
"PKLE","438","B11","6.322653781","PKLE"
"PKLE","439","B11","7.381468411","PKLE"
"PKLE","440","B11","3.567388738","PKLE"
"PKLE","442","B11","4.436367964","PKLE"
"PKLE","443","B11","4.511113646","PKLE"
"PKLE","444","B11","6.389477723","PKLE"
"PKLE","445","B11","4.127180948","PKLE"
"PKLE","446","B11","6.861976762","PKLE"
"PKLE","447","B11","3.214517344","PKLE"
"PKLE","448","B11","6.62217325","PKLE"
"PKLE","449","B11","6.939483557","PKLE"
"PKLE","450","B11","7.745265773","PKLE"
"PKLE","451","B11","7.182820284","PKLE"
"PKLE","452","B11","6.769884883","PKLE"
"PKLE","453","B11","4.894972995","PKLE"
"PKLE","455","B11","5.827833868","PKLE"
"PKLE","456","B11","6.603905953","PKLE"
"PKLE","458","B11","*","PKLE"
"PKLE","459","B11","8.213960712","PKLE"
"PKLE","460","B11","5.839753636","PKLE"
"PKLE","461","B11","5.829589453","PKLE"
"PKLE","462","B11","5.240823206","PKLE"
"PKLE","463","B11","4.793640034","PKLE"
"PKLE","464","B11","4.680479268","PKLE"
"PKLE","465","B11","4.407261115","PKLE"
"PKLE","466","B11","2.917003049","PKLE"
"PKLE","467","B11","4.220540964","PKLE"
"PKLE","468","B11","3.713524684","PKLE"
"PKLE","469","B11","4.145053428","PKLE"
"PKLE","470","B11","4.991233277","PKLE"
"PKLE","471","B11","5.044209976","PKLE"
"PKLE","472","B11","4.97938721","PKLE"
"PKLE","473","B11","3.763145768","PKLE"
"PKLE","474","B11","5.290240125","PKLE"
"PKLE","475","B11","4.27911748","PKLE"
"PKLE","476","B11","5.290028359","PKLE"
"PKLE","477","B11","3.997496967","PKLE"
"PKLE","479","B11","4.90389455","PKLE"
"PKLE","480","B11","5.576617327","PKLE"
"PKLE","482","B11","6.006335447","PKLE"
"PKLE","483","B11","6.391998987","PKLE"
"PKLE","484","B11","3.408256999","PKLE"
"PKLE","485","B11","8.931928007","PKLE"
"PKLE","486","B11","5.744706173","PKLE"
"PKLE","487","B11","6.1457823665","PKLE"
"PKLE","488","B11","6.076724342","PKLE"
"PKLE","489","B11","6.131611999","PKLE"
"PKLE","491","B11","4.82163327","PKLE"
"PKLE","492","B11","4.362343706","PKLE"
"PKLE","493","B11","6.4625873685","PKLE"
"PKLE","494","B11","3.94651174","PKLE"
"PKLE","495","B11","5.106134582","PKLE"
"PKLE","496","B11","4.710353062","PKLE"
"PKLE","497","B11","3.159716058","PKLE"
"PKLE","498","B11","3.174559484","PKLE"
"PKLE","499","B11","4.91895489","PKLE"
"PKLE","500","B11","6.694856965","PKLE"
"PKLE","501","B11","6.515919321","PKLE"
"PKLE","502","B11","5.916429298","PKLE"
"PKLE","503","B11","2.827517657","PKLE"
"PKLE","504","B11","5.384294114","PKLE"
"PKLE","505","B11","3.321679559","PKLE"
"PKLE","506","B11","6.494873669","PKLE"
"PKLE","507","B11","5.448314118","PKLE"
"PKLE","508","B11","4.241032836","PKLE"
"PKLE","511","B11","2.794612887","PKLE"
"PKLE","512","B11","5.293398341","PKLE"
"PKLE","513","B11","3.984675674","PKLE"
"PKLE","514","B11","5.862652993","PKLE"
"PKLE","515","B11","5.998166712","PKLE"
"PKLE","516","B11","3.503022122","PKLE"
"PKLE","518","B11","4.890796034","PKLE"
"PKLE","519","B11","*","PKLE"
"PKLE","520","B11","5.055284271","PKLE"
"PKLE","521","B11","4.905683248","PKLE"
"PKLE","522","B11","4.462768603","PKLE"
"PKLE","523","B11","3.386276115","PKLE"
"PKLE","524","B11","7.345446632","PKLE"
"PKLE","525","B11","6.595514131","PKLE"
"PKLE","526","B11","4.91812565","PKLE"
"PKLE","527","B11","7.040509606","PKLE"
"PKLE","529","B11","3.93628393","PKLE"
"PKLE","530","B11","7.589146264","PKLE"
"PKLE","531","B11","7.050412394","PKLE"
"PKLE","532","B11","*","PKLE"
"PKLE","533","B11","6.975173674","PKLE"
"PKLE","534","B11","6.049986757","PKLE"
"PKLE","535","B11","4.288414355","PKLE"
"PKLE","536","B11","5.433136846","PKLE"
"PKLE","537","B11","4.716540688","PKLE"
"PKLE","539","B11","6.58935171","PKLE"
"PKLE","540","B11","6.870083729","PKLE"
"PKLE","541","B11","3.796075321","PKLE"
"PKLE","542","B11","8.264655924","PKLE"
"PKLE","544","B11","4.732150828","PKLE"
"PKLE","545","B11","7.35915558","PKLE"
"PKLE","546","B11","6.791014516","PKLE"
"PKLE","547","B11","6.802317084","PKLE"
"PKLE","548","B11","7.567363743","PKLE"
"PKLE","549","B11","3.007305361","PKLE"
"PKLE","551","B11","4.663105233","PKLE"
"PKLE","552","B11","6.481691114","PKLE"
"PKLE","553","B11","8.763124529","PKLE"
"PKLE","555","B11","5.08875783","PKLE"
"PKLE","556","B11","6.101555686","PKLE"
"PKLE","557","B11","*","PKLE"
"PKLE","558","B11","3.045846625","PKLE"
"PKLE","559","B11","3.543562387","PKLE"
"PKLE","560","B11","4.210911454","PKLE"
"PKLE","562","B11","6.444198703","PKLE"
"PKLE","563","B11","4.663290659","PKLE"
"PKLE","564","B11","5.406400933","PKLE"
"PKLE","565","B11","5.515131834","PKLE"
"PKLE","566","B11","7.08542935","PKLE"
"PKLE","567","B11","3.236479828","PKLE"
"PKLE","569","B11","4.542495271","PKLE"
"PKLE","570","B11","5.989023486","PKLE"
"PKLE","571","B11","5.26787703","PKLE"
"PKLE","572","B11","5.383842154","PKLE"
"PKLE","573","B11","8.172000622","PKLE"
"PKLE","574","B11","3.568752661","PKLE"
"PKLE","576","B11","6.229559987","PKLE"
"PKLE","577","B11","7.316643887","PKLE"
"PKLE","578","B11","3.645908949","PKLE"
"PKLE","579","B11","*","PKLE"
"PKLE","580","B11","6.114518643","PKLE"
"PKLE","581","B11","4.377969049","PKLE"
"PKLE","583","B11","6.170127923","PKLE"
"PKLE","584","B11","4.697777817","PKLE"
"PKLE","585","B11","5.290621972","PKLE"
"PKLE","586","B11","6.220111602","PKLE"
"PKLE","588","B11","*","PKLE"
"PKLE","589","B11","4.682437126","PKLE"
"PKLE","592","B11","6.40197386","PKLE"
"PKLE","593","B11","6.458976147","PKLE"
"PKLE","594","B11","6.11600406","PKLE"
"PKLE","595","B11","4.186477694","PKLE"
"PKLE","596","B11","4.362937004","PKLE"
"PKLE","597","B11","*","PKLE"
"PKLE","598","B11","4.062965481","PKLE"
"PKLE","599","B11","4.9436276805","PKLE"
"PKLE","600","B11","2.9282183785","PKLE"
"PKLE","601","B11","4.406398571","PKLE"
"PKLE","602","B11","5.461868718","PKLE"
"PKLE","603","B11","6.107275478","PKLE"
"PKLE","604","B11","5.0800548","PKLE"
"PKLE","605","B11","4.769063662","PKLE"
"PKLE","606","B11","6.424109568","PKLE"
"PKLE","608","B11","6.793631908","PKLE"
"PKLE","609","B11","4.752411933","PKLE"
"PKLE","610","B11","5.047448707","PKLE"
"PKLE","611","B11","5.011780653","PKLE"
"PKLE","612","B11","5.404456386","PKLE"
"PKLE","613","B11","4.344975368","PKLE"
"PKLE","614","B11","4.401491343","PKLE"
"PKLE","618","B11","8.190147987","PKLE"
"PKLE","619","B11","6.074274019","PKLE"
"PKLE","620","B11","3.202213681","PKLE"
"PKLE","621","B11","5.058834671","PKLE"
"PKLE","622","B11","5.973736422","PKLE"
"PKLE","623","B11","*","PKLE"
"PKLE","624","B11","4.636086183","PKLE"
"PKLE","625","B11","*","PKLE"
"PKLE","627","B11","8.530490313","PKLE"
"PKLE","628","B11","8.418817121","PKLE"
"PKLE","629","B11","5.895967063","PKLE"
"PKLE","630","B11","*","PKLE"
"PKLE","632","B11","2.688677344","PKLE"
"PKLE","633","B11","6.850498692","PKLE"
"PKLE","634","B11","6.969578027","PKLE"
"PKLE","635","B11","5.593656591","PKLE"
"PKLE","636","B11","4.236086734","PKLE"
"PKLE","637","B11","8.65613224","PKLE"
"PKLE","638","B11","5.986994574","PKLE"
"PKLE","639","B11","4.205843651","PKLE"
"PKLE","640","B11","3.609728818","PKLE"
"PKLE","641","B11","7.764120122","PKLE"
"PKLE","642","B11","7.318661784","PKLE"
"PKLE","643","B11","3.937558287","PKLE"
"PKLE","644","B11","5.969734681","PKLE"
"PKLE","645","B11","*","PKLE"
"PKLE","647","B11","3.384087017","PKLE"
"PKLE","648","B11","4.349434418","PKLE"
"PKLE","649","B11","4.306139706","PKLE"
"PKLE","652","B11","*","PKLE"
"PKLE","654","B11","4.160934994","PKLE"
"PKLE","655","B11","5.937477162","PKLE"
"PKLE","656","B11","4.594474749","PKLE"
"PKLE","657","B11","6.637132003","PKLE"
"PKLE","658","B11","7.830298967","PKLE"
"PKLE","660","B11","4.419340423","PKLE"
"PKLE","661","B11","5.976593667","PKLE"
"PKLE","663","B11","6.517176401","PKLE"
"PKLE","664","B11","7.081168196","PKLE"
"PKLE","666","B11","8.003934189","PKLE"
"PKLE","667","B11","2.628004872","PKLE"
"PKLE","668","B11","4.164420243","PKLE"
"PKLE","669","B11","4.092577441","PKLE"
"PKLE","670","B11","4.072820599","PKLE"
"PKLE","671","B11","*","PKLE"
"PKLE","672","B11","4.96761479","PKLE"
"PKLE","673","B11","4.476274185","PKLE"
"PKLE","674","B11","4.153238709","PKLE"
"PKLE","675","B11","9.323970386","PKLE"
"PKLE","677","B11","5.630788535","PKLE"
"PKLE","679","B11","5.143077165","PKLE"
"PKLE","680","B11","6.098800733","PKLE"
"PKLE","681","B11","5.808798402","PKLE"
"PKLE","682","B11","6.279573327","PKLE"
"PKLE","683","B11","4.756835428","PKLE"
"PKLE","684","B11","7.005350222","PKLE"
"PKLE","685","B11","4.131686978","PKLE"
"PKLE","686","B11","5.508868083","PKLE"
"PKLE","689","B11","4.216667841","PKLE"
"PKLE","690","B11","5.022812669","PKLE"
"PKLE","691","B11","7.354838984","PKLE"
"PKLE","692","B11","5.38440626","PKLE"
"PKLE","693","B11","5.768545187","PKLE"
"PKLE","694","B11","5.107502698","PKLE"
"PKLE","695","B11","3.26556848","PKLE"
"PKLE","696","B11","7.806888612","PKLE"
"PKLE","697","B11","6.232815625","PKLE"
"PKLE","698","B11","4.767008191","PKLE"
"PKLE","699","B11","4.687926105","PKLE"
"PKLE","700","B11","*","PKLE"
"PKLE","702","B11","3.127962589","PKLE"
"PKLE","703","B11","2.866665748","PKLE"
"PKLE","704","B11","8.039935309","PKLE"
"PKLE","705","B11","2.614037491","PKLE"
"PKLE","706","B11","5.232992561","PKLE"
"PKLE","707","B11","*","PKLE"
"PKLE","708","B11","5.647295376","PKLE"
"PKLE","710","B11","5.858145153","PKLE"
"PKLE","711","B11","6.952624519","PKLE"
"PKLE","712","B11","2.865803774","PKLE"
"PKLE","713","B11","6.954524911","PKLE"
"PKLE","714","B11","5.557308303","PKLE"
"PKLE","715","B11","6.020360857","PKLE"
"PKLE","716","B11","5.632731062","PKLE"
"PKLE","718","B11","4.165499361","PKLE"
"PKLE","719","B11","4.323288324","PKLE"
"PKLE","720","B11","6.86781112","PKLE"
"PKLE","721","B11","6.897064266","PKLE"
"PKLE","722","B11","6.873988284","PKLE"
"PKLE","723","B11","6.447167061","PKLE"
"PKLE","724","B11","8.363325949","PKLE"
"PKLE","725","B11","6.229032987","PKLE"
"PKLE","726","B11","5.428956711","PKLE"
"PKLE","729","B11","5.051500039","PKLE"
"PKLE","730","B11","6.927490355","PKLE"
"PKLE","731","B11","6.182253287","PKLE"
"PKLE","732","B11","6.702512158","PKLE"
"PKLE","733","B11","4.794489807","PKLE"
"PKLE","734","B11","7.848318862","PKLE"
"PKLE","735","B11","6.065833729","PKLE"
"PKLE","736","B11","4.366409029","PKLE"
"PKLE","737","B11","9.630687499","PKLE"
"PKLE","738","B11","7.910108225","PKLE"
"PKLE","739","B11","4.692608513","PKLE"
"PKLE","740","B11","6.252717774","PKLE"
"PKLE","742","B11","8.360878168","PKLE"
"PKLE","743","B11","*","PKLE"
"PKLE","744","B11","*","PKLE"
"PKLE","745","B11","5.097624679","PKLE"
"PKLE","746","B11","7.051921914","PKLE"
"PKLE","748","B11","5.442083195","PKLE"
"PKLE","749","B11","4.585646369","PKLE"
"PKLE","750","B11","3.230000724","PKLE"
"PKLE","751","B11","5.539987908","PKLE"
"PKLE","752","B11","7.33483306","PKLE"
"PKLE","753","B11","5.307073952","PKLE"
"PKLE","755","B11","3.492300465","PKLE"
"PKLE","756","B11","5.087365347","PKLE"
"PKLE","757","B11","5.143593629","PKLE"
"PKLE","758","B11","7.34586548","PKLE"
"PKLE","759","B11","5.308679323","PKLE"
"PKLE","760","B11","*","PKLE"
"PKLE","761","B11","5.537281156","PKLE"
"PKLE","762","B11","4.631983905","PKLE"
"PKLE","763","B11","*","PKLE"
"PKLE","764","B11","6.966528494","PKLE"
"PKLE","765","B11","6.459616777","PKLE"
"PKLE","766","B11","7.0418237","PKLE"
"PKLE","767","B11","6.999552994","PKLE"
"PKLE","768","B11","4.712401975","PKLE"
"PKLE","769","B11","7.197482621","PKLE"
"PKLE","770","B11","4.469880743","PKLE"
"PKLE","771","B11","5.348116568","PKLE"
"PKLE","772","B11","5.927802355","PKLE"
"PKLE","773","B11","7.401636793","PKLE"
"PKLE","774","B11","5.272133216","PKLE"
"PKLE","775","B11","5.703425873","PKLE"
"PKLE","776","B11","4.695685184","PKLE"
"PKLE","777","B11","5.407492203","PKLE"
"PKLE","778","B11","6.384079874","PKLE"
"PKLE","779","B11","5.688405098","PKLE"
"PKLE","780","B11","4.777224733","PKLE"
"PKLE","781","B11","7.749211654","PKLE"
"PKLE","782","B11","5.548009491","PKLE"
"PKLE","783","B11","7.884177576","PKLE"
"PKLE","784","B11","8.625907955","PKLE"
"PKLE","785","B11","4.314734491","PKLE"
"PKLE","786","B11","3.813891305","PKLE"
"PKLE","787","B11","*","PKLE"
"PKLE","788","B11","7.138795899","PKLE"
"PKLE","789","B11","5.149370021","PKLE"
"PKLE","790","B11","4.6154206","PKLE"
"PKLE","792","B11","4.722074245","PKLE"
"PKLE","794","B11","4.843788084","PKLE"
"PKLE","795","B11","2.841559171","PKLE"
"PKLE","796","B11","8.707002746","PKLE"
"PKLE","797","B11","3.25875373","PKLE"
"PKLE","799","B11","6.105716372","PKLE"
"PKLE","800","B11","3.470096348","PKLE"
"PKLE","801","B11","5.577627731","PKLE"
"PKLE","802","B11","4.521983282","PKLE"
"PKLE","803","B11","7.036268242","PKLE"
"PKLE","804","B11","4.713800928","PKLE"
"PKLE","805","B11","6.199002983","PKLE"
"PKLE","806","B11","4.798351449","PKLE"
"PKLE","808","B11","6.509708326","PKLE"
"PKLE","809","B11","5.322801773","PKLE"
"PKLE","810","B11","4.403778997","PKLE"
"PKLE","811","B11","3.048473111","PKLE"
"PKLE","812","B11","*","PKLE"
"PKLE","813","B11","5.061840088","PKLE"
"PKLE","814","B11","3.402398492","PKLE"
"PKLE","815","B11","6.111686591","PKLE"
"PKLE","816","B11","6.790681812","PKLE"
"PKLE","817","B11","*","PKLE"
"PKLE","818","B11","5.290361966","PKLE"
"PKLE","819","B11","*","PKLE"
"PKLE","820","B11","*","PKLE"
"PKLE","821","B11","3.258063092","PKLE"
"PKLE","822","B11","9.048834186","PKLE"
"PKLE","823","B11","*","PKLE"
"PKLE","824","B11","4.852210724","PKLE"
"PKLE","825","B11","5.051653973","PKLE"
