"SITE","LINE","traits","Na23","SITE2"
"CLMB","1","Na23","46.00218391","CLMB"
"CLMB","2","Na23","49.55227749","CLMB"
"CLMB","3","Na23","12.61407704","CLMB"
"CLMB","4","Na23","21.38075734","CLMB"
"CLMB","5","Na23","11.33641544","CLMB"
"CLMB","7","Na23","39.34794259","CLMB"
"CLMB","8","Na23","*","CLMB"
"CLMB","9","Na23","9.362455027","CLMB"
"CLMB","10","Na23","*","CLMB"
"CLMB","11","Na23","12.53050012","CLMB"
"CLMB","12","Na23","41.56902843","CLMB"
"CLMB","13","Na23","21.0084482","CLMB"
"CLMB","14","Na23","*","CLMB"
"CLMB","15","Na23","101.05633","CLMB"
"CLMB","16","Na23","*","CLMB"
"CLMB","17","Na23","48.30215816","CLMB"
"CLMB","18","Na23","*","CLMB"
"CLMB","19","Na23","41.99229017","CLMB"
"CLMB","20","Na23","19.41968766","CLMB"
"CLMB","21","Na23","65.81346007","CLMB"
"CLMB","22","Na23","*","CLMB"
"CLMB","23","Na23","98.66209033","CLMB"
"CLMB","24","Na23","14.97869325","CLMB"
"CLMB","25","Na23","137.1036104","CLMB"
"CLMB","26","Na23","24.19936193","CLMB"
"CLMB","27","Na23","23.3108683","CLMB"
"CLMB","28","Na23","27.51698267","CLMB"
"CLMB","29","Na23","*","CLMB"
"CLMB","30","Na23","34.80412274","CLMB"
"CLMB","31","Na23","*","CLMB"
"CLMB","32","Na23","112.1942755","CLMB"
"CLMB","33","Na23","31.33551953","CLMB"
"CLMB","34","Na23","44.9414268","CLMB"
"CLMB","35","Na23","25.05285769","CLMB"
"CLMB","36","Na23","26.12137967","CLMB"
"CLMB","37","Na23","14.71186625","CLMB"
"CLMB","38","Na23","20.6369135","CLMB"
"CLMB","39","Na23","11.95320752","CLMB"
"CLMB","40","Na23","26.47112872","CLMB"
"CLMB","41","Na23","20.84807603","CLMB"
"CLMB","42","Na23","*","CLMB"
"CLMB","43","Na23","30.95092326","CLMB"
"CLMB","44","Na23","18.56137815","CLMB"
"CLMB","46","Na23","20.6705786","CLMB"
"CLMB","48","Na23","17.9618518","CLMB"
"CLMB","49","Na23","21.03125121","CLMB"
"CLMB","50","Na23","24.06050439","CLMB"
"CLMB","52","Na23","54.88696593","CLMB"
"CLMB","53","Na23","9.302333303","CLMB"
"CLMB","54","Na23","16.16542478","CLMB"
"CLMB","55","Na23","37.48252256","CLMB"
"CLMB","56","Na23","*","CLMB"
"CLMB","57","Na23","14.10903018","CLMB"
"CLMB","58","Na23","*","CLMB"
"CLMB","59","Na23","16.45321553","CLMB"
"CLMB","60","Na23","26.5022607","CLMB"
"CLMB","61","Na23","56.33538626","CLMB"
"CLMB","62","Na23","10.07265309","CLMB"
"CLMB","63","Na23","30.3058764","CLMB"
"CLMB","64","Na23","*","CLMB"
"CLMB","65","Na23","16.86779183","CLMB"
"CLMB","66","Na23","15.33934744","CLMB"
"CLMB","67","Na23","41.03395564","CLMB"
"CLMB","68","Na23","39.62822178","CLMB"
"CLMB","69","Na23","24.78546146","CLMB"
"CLMB","70","Na23","*","CLMB"
"CLMB","71","Na23","19.13982744","CLMB"
"CLMB","72","Na23","18.92200413","CLMB"
"CLMB","73","Na23","33.84119948","CLMB"
"CLMB","74","Na23","96.02025805","CLMB"
"CLMB","76","Na23","39.45433293","CLMB"
"CLMB","77","Na23","*","CLMB"
"CLMB","78","Na23","29.3972172","CLMB"
"CLMB","79","Na23","31.72799615","CLMB"
"CLMB","80","Na23","17.53478199","CLMB"
"CLMB","81","Na23","*","CLMB"
"CLMB","83","Na23","29.76622162","CLMB"
"CLMB","84","Na23","*","CLMB"
"CLMB","85","Na23","15.49235903","CLMB"
"CLMB","86","Na23","18.19415251","CLMB"
"CLMB","87","Na23","22.2426705","CLMB"
"CLMB","88","Na23","61.95051966","CLMB"
"CLMB","89","Na23","35.64808155","CLMB"
"CLMB","90","Na23","36.91726876","CLMB"
"CLMB","91","Na23","19.73874095","CLMB"
"CLMB","93","Na23","47.58295717","CLMB"
"CLMB","94","Na23","20.20250506","CLMB"
"CLMB","95","Na23","*","CLMB"
"CLMB","96","Na23","*","CLMB"
"CLMB","97","Na23","14.65209285","CLMB"
"CLMB","99","Na23","12.86933006","CLMB"
"CLMB","100","Na23","15.59668162","CLMB"
"CLMB","101","Na23","*","CLMB"
"CLMB","102","Na23","58.92783898","CLMB"
"CLMB","103","Na23","14.18800883","CLMB"
"CLMB","104","Na23","31.70176835","CLMB"
"CLMB","105","Na23","53.3791862","CLMB"
"CLMB","106","Na23","15.47451709","CLMB"
"CLMB","107","Na23","17.18612982","CLMB"
"CLMB","110","Na23","18.85956008","CLMB"
"CLMB","111","Na23","22.29653384","CLMB"
"CLMB","112","Na23","17.89858044","CLMB"
"CLMB","113","Na23","*","CLMB"
"CLMB","114","Na23","39.06670039","CLMB"
"CLMB","115","Na23","*","CLMB"
"CLMB","116","Na23","89.54805945","CLMB"
"CLMB","117","Na23","32.26257672","CLMB"
"CLMB","118","Na23","19.32045078","CLMB"
"CLMB","119","Na23","31.20419769","CLMB"
"CLMB","120","Na23","19.4168993","CLMB"
"CLMB","122","Na23","18.21696809","CLMB"
"CLMB","123","Na23","15.66762026","CLMB"
"CLMB","125","Na23","17.80961772","CLMB"
"CLMB","126","Na23","*","CLMB"
"CLMB","127","Na23","*","CLMB"
"CLMB","128","Na23","38.4901729","CLMB"
"CLMB","130","Na23","25.48412732","CLMB"
"CLMB","131","Na23","20.1006401","CLMB"
"CLMB","132","Na23","18.49412589","CLMB"
"CLMB","134","Na23","22.47456161","CLMB"
"CLMB","135","Na23","61.09766442","CLMB"
"CLMB","136","Na23","*","CLMB"
"CLMB","137","Na23","13.52258569","CLMB"
"CLMB","138","Na23","*","CLMB"
"CLMB","139","Na23","*","CLMB"
"CLMB","141","Na23","25.57079047","CLMB"
"CLMB","142","Na23","19.84167972","CLMB"
"CLMB","143","Na23","19.6851255","CLMB"
"CLMB","144","Na23","*","CLMB"
"CLMB","145","Na23","21.31022945","CLMB"
"CLMB","146","Na23","*","CLMB"
"CLMB","147","Na23","25.5777641","CLMB"
"CLMB","148","Na23","*","CLMB"
"CLMB","150","Na23","55.91585989","CLMB"
"CLMB","151","Na23","11.75448893","CLMB"
"CLMB","152","Na23","*","CLMB"
"CLMB","153","Na23","35.49858327","CLMB"
"CLMB","154","Na23","16.05812012","CLMB"
"CLMB","155","Na23","14.50567832","CLMB"
"CLMB","156","Na23","22.14816187","CLMB"
"CLMB","157","Na23","26.43737097","CLMB"
"CLMB","158","Na23","13.14116251","CLMB"
"CLMB","159","Na23","31.40600398","CLMB"
"CLMB","161","Na23","28.74152744","CLMB"
"CLMB","163","Na23","31.84733146","CLMB"
"CLMB","164","Na23","127.6610407","CLMB"
"CLMB","166","Na23","26.67457136","CLMB"
"CLMB","167","Na23","23.17472565","CLMB"
"CLMB","168","Na23","22.55441647","CLMB"
"CLMB","169","Na23","*","CLMB"
"CLMB","170","Na23","17.71227417","CLMB"
"CLMB","171","Na23","25.25176551","CLMB"
"CLMB","172","Na23","52.98020105","CLMB"
"CLMB","173","Na23","26.57070082","CLMB"
"CLMB","174","Na23","29.96755585","CLMB"
"CLMB","175","Na23","43.21890428","CLMB"
"CLMB","176","Na23","19.87550608","CLMB"
"CLMB","177","Na23","12.21774791","CLMB"
"CLMB","178","Na23","58.5625556","CLMB"
"CLMB","179","Na23","10.53916675","CLMB"
"CLMB","180","Na23","23.39678861","CLMB"
"CLMB","181","Na23","37.6246952","CLMB"
"CLMB","182","Na23","36.44362669","CLMB"
"CLMB","184","Na23","15.54834446","CLMB"
"CLMB","185","Na23","30.33286842","CLMB"
"CLMB","186","Na23","16.86663155","CLMB"
"CLMB","187","Na23","31.83649882","CLMB"
"CLMB","188","Na23","7.433259987","CLMB"
"CLMB","189","Na23","*","CLMB"
"CLMB","190","Na23","*","CLMB"
"CLMB","191","Na23","20.19182221","CLMB"
"CLMB","192","Na23","29.34432761","CLMB"
"CLMB","193","Na23","19.40928028","CLMB"
"CLMB","194","Na23","33.2125281","CLMB"
"CLMB","195","Na23","52.59686395","CLMB"
"CLMB","196","Na23","15.13236516","CLMB"
"CLMB","197","Na23","19.97758816","CLMB"
"CLMB","198","Na23","30.52430011","CLMB"
"CLMB","199","Na23","38.87147177","CLMB"
"CLMB","200","Na23","9.79417026","CLMB"
"CLMB","201","Na23","*","CLMB"
"CLMB","203","Na23","14.96210693","CLMB"
"CLMB","204","Na23","21.21182846","CLMB"
"CLMB","205","Na23","*","CLMB"
"CLMB","207","Na23","27.53655136","CLMB"
"CLMB","208","Na23","*","CLMB"
"CLMB","209","Na23","30.5993251","CLMB"
"CLMB","210","Na23","81.89415818","CLMB"
"CLMB","211","Na23","*","CLMB"
"CLMB","212","Na23","21.59848556","CLMB"
"CLMB","213","Na23","52.23932504","CLMB"
"CLMB","214","Na23","*","CLMB"
"CLMB","215","Na23","16.08084827","CLMB"
"CLMB","216","Na23","10.88275485","CLMB"
"CLMB","217","Na23","*","CLMB"
"CLMB","218","Na23","16.59934449","CLMB"
"CLMB","219","Na23","18.69895197","CLMB"
"CLMB","220","Na23","*","CLMB"
"CLMB","221","Na23","25.31951138","CLMB"
"CLMB","222","Na23","28.03446392","CLMB"
"CLMB","223","Na23","20.92635378","CLMB"
"CLMB","224","Na23","31.84842057","CLMB"
"CLMB","225","Na23","*","CLMB"
"CLMB","226","Na23","25.98224909","CLMB"
"CLMB","227","Na23","19.96360506","CLMB"
"CLMB","228","Na23","30.76448751","CLMB"
"CLMB","229","Na23","32.39643138","CLMB"
"CLMB","230","Na23","*","CLMB"
"CLMB","231","Na23","23.12234611","CLMB"
"CLMB","232","Na23","14.96719751","CLMB"
"CLMB","233","Na23","24.61256256","CLMB"
"CLMB","234","Na23","20.11332964","CLMB"
"CLMB","235","Na23","13.535882485","CLMB"
"CLMB","236","Na23","112.8420267","CLMB"
"CLMB","237","Na23","65.06783436","CLMB"
"CLMB","238","Na23","15.56575208","CLMB"
"CLMB","239","Na23","*","CLMB"
"CLMB","240","Na23","18.49641049","CLMB"
"CLMB","241","Na23","19.43680329","CLMB"
"CLMB","242","Na23","17.79017318","CLMB"
"CLMB","243","Na23","17.57715582","CLMB"
"CLMB","244","Na23","28.63252819","CLMB"
"CLMB","245","Na23","16.15149679","CLMB"
"CLMB","246","Na23","98.59227236","CLMB"
"CLMB","247","Na23","47.35251612","CLMB"
"CLMB","248","Na23","32.73880401","CLMB"
"CLMB","249","Na23","27.64206178","CLMB"
"CLMB","250","Na23","20.07756604","CLMB"
"CLMB","251","Na23","29.9730113","CLMB"
"CLMB","252","Na23","25.15479121","CLMB"
"CLMB","253","Na23","11.53080413","CLMB"
"CLMB","254","Na23","11.58185652","CLMB"
"CLMB","255","Na23","15.61129374","CLMB"
"CLMB","256","Na23","41.46281271","CLMB"
"CLMB","257","Na23","18.04489596","CLMB"
"CLMB","258","Na23","15.23184567","CLMB"
"CLMB","259","Na23","*","CLMB"
"CLMB","260","Na23","16.29033553","CLMB"
"CLMB","261","Na23","15.24659756","CLMB"
"CLMB","262","Na23","12.87022392","CLMB"
"CLMB","263","Na23","16.03362824","CLMB"
"CLMB","264","Na23","25.39635352","CLMB"
"CLMB","265","Na23","12.84694632","CLMB"
"CLMB","267","Na23","21.03218101","CLMB"
"CLMB","268","Na23","*","CLMB"
"CLMB","269","Na23","17.18055374","CLMB"
"CLMB","270","Na23","62.35787649","CLMB"
"CLMB","271","Na23","27.11794591","CLMB"
"CLMB","272","Na23","15.62439888","CLMB"
"CLMB","273","Na23","*","CLMB"
"CLMB","274","Na23","13.21468258","CLMB"
"CLMB","275","Na23","9.645994418","CLMB"
"CLMB","276","Na23","*","CLMB"
"CLMB","277","Na23","20.98189623","CLMB"
"CLMB","278","Na23","30.41760675","CLMB"
"CLMB","279","Na23","24.98623136","CLMB"
"CLMB","281","Na23","*","CLMB"
"CLMB","282","Na23","25.139524055","CLMB"
"CLMB","283","Na23","*","CLMB"
"CLMB","284","Na23","29.20045463","CLMB"
"CLMB","285","Na23","36.86708211","CLMB"
"CLMB","286","Na23","33.01630491","CLMB"
"CLMB","287","Na23","34.35521871","CLMB"
"CLMB","288","Na23","38.18530805","CLMB"
"CLMB","289","Na23","41.84199187","CLMB"
"CLMB","290","Na23","15.52944774","CLMB"
"CLMB","292","Na23","18.11724016","CLMB"
"CLMB","293","Na23","45.85271153","CLMB"
"CLMB","294","Na23","10.18949763","CLMB"
"CLMB","296","Na23","12.73276115","CLMB"
"CLMB","297","Na23","29.02168643","CLMB"
"CLMB","298","Na23","16.85033405","CLMB"
"CLMB","299","Na23","29.45288754","CLMB"
"CLMB","300","Na23","*","CLMB"
"CLMB","301","Na23","20.54910163","CLMB"
"CLMB","302","Na23","10.70011498","CLMB"
"CLMB","303","Na23","45.73688351","CLMB"
"CLMB","304","Na23","11.03509017","CLMB"
"CLMB","305","Na23","27.71936244","CLMB"
"CLMB","306","Na23","*","CLMB"
"CLMB","307","Na23","13.07668963","CLMB"
"CLMB","308","Na23","17.63620276","CLMB"
"CLMB","310","Na23","11.35137896","CLMB"
"CLMB","311","Na23","21.97559783","CLMB"
"CLMB","312","Na23","36.57141591","CLMB"
"CLMB","313","Na23","64.57851147","CLMB"
"CLMB","314","Na23","12.9772142","CLMB"
"CLMB","315","Na23","13.82049731","CLMB"
"CLMB","317","Na23","15.8322751","CLMB"
"CLMB","318","Na23","13.76921348","CLMB"
"CLMB","319","Na23","12.061894","CLMB"
"CLMB","320","Na23","47.05003072","CLMB"
"CLMB","322","Na23","11.17921849","CLMB"
"CLMB","323","Na23","16.28745698","CLMB"
"CLMB","324","Na23","39.451075","CLMB"
"CLMB","325","Na23","13.65527045","CLMB"
"CLMB","326","Na23","13.59646975","CLMB"
"CLMB","328","Na23","50.06642681","CLMB"
"CLMB","330","Na23","54.95239826","CLMB"
"CLMB","332","Na23","32.55203114","CLMB"
"CLMB","333","Na23","38.05690295","CLMB"
"CLMB","334","Na23","20.50693334","CLMB"
"CLMB","335","Na23","*","CLMB"
"CLMB","336","Na23","10.49731344","CLMB"
"CLMB","337","Na23","15.90771284","CLMB"
"CLMB","338","Na23","79.77434981","CLMB"
"CLMB","339","Na23","15.64061707","CLMB"
"CLMB","340","Na23","*","CLMB"
"CLMB","341","Na23","15.64314334","CLMB"
"CLMB","342","Na23","98.39454229","CLMB"
"CLMB","343","Na23","15.86131942","CLMB"
"CLMB","345","Na23","28.38156555","CLMB"
"CLMB","346","Na23","*","CLMB"
"CLMB","347","Na23","21.1640627","CLMB"
"CLMB","349","Na23","*","CLMB"
"CLMB","350","Na23","32.66554456","CLMB"
"CLMB","352","Na23","15.95617891","CLMB"
"CLMB","353","Na23","35.06481863","CLMB"
"CLMB","354","Na23","37.35641241","CLMB"
"CLMB","355","Na23","22.7949043","CLMB"
"CLMB","356","Na23","15.21441943","CLMB"
"CLMB","358","Na23","16.1064443","CLMB"
"CLMB","359","Na23","19.18815411","CLMB"
"CLMB","360","Na23","26.45735319","CLMB"
"CLMB","361","Na23","25.76110298","CLMB"
"CLMB","363","Na23","*","CLMB"
"CLMB","364","Na23","22.75340953","CLMB"
"CLMB","365","Na23","17.57618811","CLMB"
"CLMB","366","Na23","27.65662835","CLMB"
"CLMB","367","Na23","18.62663639","CLMB"
"CLMB","368","Na23","12.95350215","CLMB"
"CLMB","369","Na23","*","CLMB"
"CLMB","370","Na23","21.81110735","CLMB"
"CLMB","371","Na23","137.9457851","CLMB"
"CLMB","372","Na23","*","CLMB"
"CLMB","373","Na23","94.51020731","CLMB"
"CLMB","374","Na23","91.15878253","CLMB"
"CLMB","375","Na23","33.26538305","CLMB"
"CLMB","377","Na23","12.97820476","CLMB"
"CLMB","378","Na23","16.41550935","CLMB"
"CLMB","379","Na23","21.87898935","CLMB"
"CLMB","380","Na23","32.17052596","CLMB"
"CLMB","381","Na23","27.68865468","CLMB"
"CLMB","382","Na23","18.21654035","CLMB"
"CLMB","383","Na23","13.10985428","CLMB"
"CLMB","384","Na23","*","CLMB"
"CLMB","386","Na23","19.05651204","CLMB"
"CLMB","388","Na23","14.4613586","CLMB"
"CLMB","389","Na23","17.09428081","CLMB"
"CLMB","390","Na23","32.72642443","CLMB"
"CLMB","391","Na23","*","CLMB"
"CLMB","392","Na23","18.58130847","CLMB"
"CLMB","393","Na23","76.33158247","CLMB"
"CLMB","394","Na23","*","CLMB"
"CLMB","395","Na23","27.58273014","CLMB"
"CLMB","396","Na23","34.12269317","CLMB"
"CLMB","397","Na23","16.66126554","CLMB"
"CLMB","398","Na23","24.26478798","CLMB"
"CLMB","399","Na23","130.2212686","CLMB"
"CLMB","400","Na23","18.32764963","CLMB"
"CLMB","402","Na23","15.57716902","CLMB"
"CLMB","403","Na23","35.11194506","CLMB"
"CLMB","404","Na23","19.90430726","CLMB"
"CLMB","405","Na23","36.92053897","CLMB"
"CLMB","406","Na23","20.95448004","CLMB"
"CLMB","407","Na23","14.9313513","CLMB"
"CLMB","408","Na23","56.25033614","CLMB"
"CLMB","409","Na23","11.78393668","CLMB"
"CLMB","410","Na23","44.80946559","CLMB"
"CLMB","411","Na23","20.48292761","CLMB"
"CLMB","412","Na23","34.81068497","CLMB"
"CLMB","413","Na23","36.3108894","CLMB"
"CLMB","414","Na23","38.33588407","CLMB"
"CLMB","415","Na23","24.39993573","CLMB"
"CLMB","416","Na23","*","CLMB"
"CLMB","417","Na23","21.12178393","CLMB"
"CLMB","418","Na23","24.3700076","CLMB"
"CLMB","419","Na23","30.90516891","CLMB"
"CLMB","420","Na23","95.21391522","CLMB"
"CLMB","421","Na23","14.13489269","CLMB"
"CLMB","422","Na23","85.9585494","CLMB"
"CLMB","423","Na23","22.75949467","CLMB"
"CLMB","424","Na23","29.36716436","CLMB"
"CLMB","425","Na23","18.62294287","CLMB"
"CLMB","426","Na23","18.27890208","CLMB"
"CLMB","427","Na23","*","CLMB"
"CLMB","428","Na23","22.9101949","CLMB"
"CLMB","429","Na23","11.08312994","CLMB"
"CLMB","431","Na23","14.70327306","CLMB"
"CLMB","432","Na23","22.80328671","CLMB"
"CLMB","433","Na23","18.68813718","CLMB"
"CLMB","435","Na23","10.48342732","CLMB"
"CLMB","436","Na23","10.45509793","CLMB"
"CLMB","437","Na23","13.38644255","CLMB"
"CLMB","438","Na23","17.87590447","CLMB"
"CLMB","439","Na23","58.18837576","CLMB"
"CLMB","440","Na23","*","CLMB"
"CLMB","442","Na23","31.53535625","CLMB"
"CLMB","443","Na23","16.97519456","CLMB"
"CLMB","444","Na23","22.52539905","CLMB"
"CLMB","445","Na23","*","CLMB"
"CLMB","446","Na23","11.51370699","CLMB"
"CLMB","447","Na23","46.76968607","CLMB"
"CLMB","448","Na23","31.64046479","CLMB"
"CLMB","449","Na23","21.37213577","CLMB"
"CLMB","450","Na23","22.08546146","CLMB"
"CLMB","451","Na23","12.56038814","CLMB"
"CLMB","452","Na23","11.09157053","CLMB"
"CLMB","453","Na23","109.2313595","CLMB"
"CLMB","454","Na23","24.06162389","CLMB"
"CLMB","455","Na23","40.60902727","CLMB"
"CLMB","456","Na23","91.77711563","CLMB"
"CLMB","458","Na23","13.61286509","CLMB"
"CLMB","459","Na23","54.17858643","CLMB"
"CLMB","460","Na23","34.10774006","CLMB"
"CLMB","461","Na23","70.19911784","CLMB"
"CLMB","462","Na23","16.64289211","CLMB"
"CLMB","463","Na23","18.40758348","CLMB"
"CLMB","464","Na23","41.83538807","CLMB"
"CLMB","465","Na23","23.09717782","CLMB"
"CLMB","466","Na23","120.8852975","CLMB"
"CLMB","467","Na23","*","CLMB"
"CLMB","468","Na23","31.14280032","CLMB"
"CLMB","469","Na23","*","CLMB"
"CLMB","470","Na23","118.8054182","CLMB"
"CLMB","471","Na23","47.91483066","CLMB"
"CLMB","472","Na23","43.77531885","CLMB"
"CLMB","473","Na23","38.50919042","CLMB"
"CLMB","474","Na23","12.32645198","CLMB"
"CLMB","475","Na23","124.3090089","CLMB"
"CLMB","476","Na23","23.54925856","CLMB"
"CLMB","477","Na23","13.92410888","CLMB"
"CLMB","479","Na23","28.62830335","CLMB"
"CLMB","480","Na23","10.66141308","CLMB"
"CLMB","482","Na23","15.26822174","CLMB"
"CLMB","483","Na23","31.74697235","CLMB"
"CLMB","484","Na23","22.59721206","CLMB"
"CLMB","485","Na23","34.47260564","CLMB"
"CLMB","486","Na23","19.09645617","CLMB"
"CLMB","487","Na23","78.04394348","CLMB"
"CLMB","488","Na23","53.08290984","CLMB"
"CLMB","489","Na23","49.32439316","CLMB"
"CLMB","491","Na23","16.42669944","CLMB"
"CLMB","492","Na23","26.74182612","CLMB"
"CLMB","493","Na23","*","CLMB"
"CLMB","494","Na23","28.69685211","CLMB"
"CLMB","495","Na23","*","CLMB"
"CLMB","496","Na23","24.69318181","CLMB"
"CLMB","497","Na23","21.78498975","CLMB"
"CLMB","498","Na23","17.74990205","CLMB"
"CLMB","499","Na23","35.60513008","CLMB"
"CLMB","500","Na23","21.48412229","CLMB"
"CLMB","501","Na23","14.21643021","CLMB"
"CLMB","502","Na23","29.97312361","CLMB"
"CLMB","503","Na23","22.51106371","CLMB"
"CLMB","504","Na23","*","CLMB"
"CLMB","505","Na23","27.85299798","CLMB"
"CLMB","506","Na23","13.80042924","CLMB"
"CLMB","507","Na23","11.03911784","CLMB"
"CLMB","508","Na23","41.27108008","CLMB"
"CLMB","511","Na23","18.41986426","CLMB"
"CLMB","512","Na23","70.34418549","CLMB"
"CLMB","513","Na23","*","CLMB"
"CLMB","514","Na23","19.05038126","CLMB"
"CLMB","515","Na23","17.93163441","CLMB"
"CLMB","516","Na23","12.6711544","CLMB"
"CLMB","518","Na23","*","CLMB"
"CLMB","519","Na23","19.73929696","CLMB"
"CLMB","520","Na23","*","CLMB"
"CLMB","521","Na23","81.79020397","CLMB"
"CLMB","522","Na23","98.30212849","CLMB"
"CLMB","523","Na23","28.10087152","CLMB"
"CLMB","524","Na23","20.86783076","CLMB"
"CLMB","525","Na23","30.78816697","CLMB"
"CLMB","526","Na23","25.88828408","CLMB"
"CLMB","527","Na23","37.27797477","CLMB"
"CLMB","529","Na23","24.70240347","CLMB"
"CLMB","530","Na23","35.75136727","CLMB"
"CLMB","531","Na23","27.88690162","CLMB"
"CLMB","532","Na23","35.32838779","CLMB"
"CLMB","533","Na23","13.72962086","CLMB"
"CLMB","534","Na23","18.71447387","CLMB"
"CLMB","535","Na23","17.05947102","CLMB"
"CLMB","536","Na23","18.58362431","CLMB"
"CLMB","537","Na23","78.35128847","CLMB"
"CLMB","539","Na23","18.97781506","CLMB"
"CLMB","540","Na23","21.13514317","CLMB"
"CLMB","541","Na23","12.35441528","CLMB"
"CLMB","542","Na23","19.87566369","CLMB"
"CLMB","544","Na23","17.03681591","CLMB"
"CLMB","545","Na23","57.97205794","CLMB"
"CLMB","546","Na23","20.82376589","CLMB"
"CLMB","547","Na23","25.16911298","CLMB"
"CLMB","548","Na23","47.15377056","CLMB"
"CLMB","549","Na23","38.31310935","CLMB"
"CLMB","551","Na23","*","CLMB"
"CLMB","552","Na23","26.67610122","CLMB"
"CLMB","553","Na23","21.92485954","CLMB"
"CLMB","555","Na23","44.07353194","CLMB"
"CLMB","556","Na23","*","CLMB"
"CLMB","557","Na23","*","CLMB"
"CLMB","558","Na23","108.0564474","CLMB"
"CLMB","559","Na23","23.25857593","CLMB"
"CLMB","560","Na23","*","CLMB"
"CLMB","562","Na23","14.85765836","CLMB"
"CLMB","563","Na23","34.93075089","CLMB"
"CLMB","564","Na23","68.21937867","CLMB"
"CLMB","565","Na23","13.6222245","CLMB"
"CLMB","566","Na23","20.61453629","CLMB"
"CLMB","567","Na23","75.84489216","CLMB"
"CLMB","569","Na23","40.03046911","CLMB"
"CLMB","570","Na23","11.99954684","CLMB"
"CLMB","571","Na23","110.979687","CLMB"
"CLMB","572","Na23","71.16294434","CLMB"
"CLMB","573","Na23","17.07771773","CLMB"
"CLMB","574","Na23","12.93412155","CLMB"
"CLMB","576","Na23","*","CLMB"
"CLMB","577","Na23","*","CLMB"
"CLMB","578","Na23","13.92402256","CLMB"
"CLMB","579","Na23","23.91959179","CLMB"
"CLMB","580","Na23","*","CLMB"
"CLMB","581","Na23","8.838928034","CLMB"
"CLMB","583","Na23","14.95479545","CLMB"
"CLMB","584","Na23","35.23311535","CLMB"
"CLMB","585","Na23","24.10380031","CLMB"
"CLMB","586","Na23","122.4639186","CLMB"
"CLMB","588","Na23","33.01973821","CLMB"
"CLMB","589","Na23","24.93021927","CLMB"
"CLMB","592","Na23","18.12004497","CLMB"
"CLMB","593","Na23","21.32729879","CLMB"
"CLMB","594","Na23","25.54708406","CLMB"
"CLMB","595","Na23","45.64157991","CLMB"
"CLMB","596","Na23","14.1383171","CLMB"
"CLMB","597","Na23","*","CLMB"
"CLMB","598","Na23","*","CLMB"
"CLMB","599","Na23","73.17726133","CLMB"
"CLMB","600","Na23","28.88567287","CLMB"
"CLMB","601","Na23","*","CLMB"
"CLMB","602","Na23","43.68009585","CLMB"
"CLMB","603","Na23","*","CLMB"
"CLMB","604","Na23","30.90167071","CLMB"
"CLMB","605","Na23","46.31637423","CLMB"
"CLMB","606","Na23","27.12656236","CLMB"
"CLMB","608","Na23","33.96995683","CLMB"
"CLMB","609","Na23","20.80376412","CLMB"
"CLMB","610","Na23","9.414194802","CLMB"
"CLMB","611","Na23","124.0244036","CLMB"
"CLMB","612","Na23","21.46197578","CLMB"
"CLMB","613","Na23","40.85868598","CLMB"
"CLMB","614","Na23","*","CLMB"
"CLMB","618","Na23","11.39634535","CLMB"
"CLMB","619","Na23","15.97780552","CLMB"
"CLMB","620","Na23","73.00161966","CLMB"
"CLMB","621","Na23","17.01178427","CLMB"
"CLMB","622","Na23","24.58683206","CLMB"
"CLMB","623","Na23","11.02568911","CLMB"
"CLMB","624","Na23","16.65974319","CLMB"
"CLMB","625","Na23","16.39880702","CLMB"
"CLMB","627","Na23","14.41251458","CLMB"
"CLMB","628","Na23","*","CLMB"
"CLMB","629","Na23","*","CLMB"
"CLMB","630","Na23","*","CLMB"
"CLMB","632","Na23","17.0007316","CLMB"
"CLMB","633","Na23","51.26902882","CLMB"
"CLMB","634","Na23","13.75172557","CLMB"
"CLMB","635","Na23","16.18912808","CLMB"
"CLMB","636","Na23","27.65878824","CLMB"
"CLMB","637","Na23","38.64994495","CLMB"
"CLMB","638","Na23","46.029904","CLMB"
"CLMB","639","Na23","13.33509008","CLMB"
"CLMB","640","Na23","15.00748125","CLMB"
"CLMB","641","Na23","48.43309617","CLMB"
"CLMB","642","Na23","57.83958806","CLMB"
"CLMB","643","Na23","23.48163182","CLMB"
"CLMB","644","Na23","*","CLMB"
"CLMB","645","Na23","90.83656837","CLMB"
"CLMB","647","Na23","29.10393135","CLMB"
"CLMB","648","Na23","*","CLMB"
"CLMB","649","Na23","13.79660541","CLMB"
"CLMB","652","Na23","28.33512053","CLMB"
"CLMB","654","Na23","18.30632585","CLMB"
"CLMB","655","Na23","127.6116825","CLMB"
"CLMB","656","Na23","15.74599694","CLMB"
"CLMB","657","Na23","42.82719331","CLMB"
"CLMB","658","Na23","12.4772945","CLMB"
"CLMB","660","Na23","19.77136281","CLMB"
"CLMB","661","Na23","91.31403567","CLMB"
"CLMB","663","Na23","10.76160001","CLMB"
"CLMB","664","Na23","14.20714834","CLMB"
"CLMB","666","Na23","9.654396508","CLMB"
"CLMB","667","Na23","40.45221391","CLMB"
"CLMB","668","Na23","25.20116461","CLMB"
"CLMB","669","Na23","21.86119336","CLMB"
"CLMB","670","Na23","*","CLMB"
"CLMB","671","Na23","19.57164538","CLMB"
"CLMB","672","Na23","7.596301374","CLMB"
"CLMB","673","Na23","22.43170285","CLMB"
"CLMB","674","Na23","18.28568584","CLMB"
"CLMB","675","Na23","31.95904835","CLMB"
"CLMB","677","Na23","37.43682011","CLMB"
"CLMB","679","Na23","*","CLMB"
"CLMB","680","Na23","26.07494751","CLMB"
"CLMB","681","Na23","104.3238675","CLMB"
"CLMB","682","Na23","26.43820429","CLMB"
"CLMB","683","Na23","60.7421351","CLMB"
"CLMB","684","Na23","60.39669088","CLMB"
"CLMB","685","Na23","16.65636121","CLMB"
"CLMB","686","Na23","21.59724985","CLMB"
"CLMB","689","Na23","26.90119494","CLMB"
"CLMB","690","Na23","62.4473093","CLMB"
"CLMB","691","Na23","17.87816723","CLMB"
"CLMB","692","Na23","24.78593912","CLMB"
"CLMB","693","Na23","8.963187863","CLMB"
"CLMB","694","Na23","26.11257795","CLMB"
"CLMB","695","Na23","25.72862207","CLMB"
"CLMB","696","Na23","*","CLMB"
"CLMB","697","Na23","18.21956986","CLMB"
"CLMB","698","Na23","23.78267055","CLMB"
"CLMB","699","Na23","28.29143969","CLMB"
"CLMB","700","Na23","21.95246336","CLMB"
"CLMB","702","Na23","19.25155184","CLMB"
"CLMB","703","Na23","*","CLMB"
"CLMB","704","Na23","15.78102055","CLMB"
"CLMB","705","Na23","19.64394095","CLMB"
"CLMB","706","Na23","13.98277801","CLMB"
"CLMB","707","Na23","22.10294198","CLMB"
"CLMB","708","Na23","*","CLMB"
"CLMB","710","Na23","13.48624356","CLMB"
"CLMB","711","Na23","132.8330449","CLMB"
"CLMB","712","Na23","15.85717714","CLMB"
"CLMB","713","Na23","8.754505165","CLMB"
"CLMB","714","Na23","23.33171978","CLMB"
"CLMB","715","Na23","31.73966808","CLMB"
"CLMB","716","Na23","83.71065452","CLMB"
"CLMB","718","Na23","12.66057664","CLMB"
"CLMB","719","Na23","25.888363535","CLMB"
"CLMB","720","Na23","19.26992854","CLMB"
"CLMB","721","Na23","*","CLMB"
"CLMB","722","Na23","132.3741376","CLMB"
"CLMB","723","Na23","*","CLMB"
"CLMB","724","Na23","36.10397127","CLMB"
"CLMB","725","Na23","43.16208654","CLMB"
"CLMB","726","Na23","25.04064721","CLMB"
"CLMB","729","Na23","21.98249553","CLMB"
"CLMB","730","Na23","14.8858336","CLMB"
"CLMB","731","Na23","31.62850262","CLMB"
"CLMB","732","Na23","*","CLMB"
"CLMB","733","Na23","23.19705842","CLMB"
"CLMB","734","Na23","22.41877677","CLMB"
"CLMB","735","Na23","35.08798293","CLMB"
"CLMB","736","Na23","24.93493748","CLMB"
"CLMB","737","Na23","32.13723868","CLMB"
"CLMB","738","Na23","43.99767094","CLMB"
"CLMB","739","Na23","12.39209723","CLMB"
"CLMB","740","Na23","31.91518929","CLMB"
"CLMB","742","Na23","29.45418731","CLMB"
"CLMB","743","Na23","15.65417989","CLMB"
"CLMB","744","Na23","37.40235896","CLMB"
"CLMB","745","Na23","9.32683494","CLMB"
"CLMB","746","Na23","29.88949366","CLMB"
"CLMB","748","Na23","33.87571578","CLMB"
"CLMB","749","Na23","9.977256804","CLMB"
"CLMB","750","Na23","*","CLMB"
"CLMB","751","Na23","23.87487903","CLMB"
"CLMB","752","Na23","15.83243237","CLMB"
"CLMB","753","Na23","33.4122462","CLMB"
"CLMB","755","Na23","27.85691353","CLMB"
"CLMB","756","Na23","38.38265321","CLMB"
"CLMB","757","Na23","13.00808522","CLMB"
"CLMB","758","Na23","16.16744208","CLMB"
"CLMB","759","Na23","9.833137095","CLMB"
"CLMB","760","Na23","28.10288237","CLMB"
"CLMB","761","Na23","36.40009045","CLMB"
"CLMB","762","Na23","20.12950469","CLMB"
"CLMB","763","Na23","19.52825302","CLMB"
"CLMB","764","Na23","26.6227616","CLMB"
"CLMB","765","Na23","38.03623363","CLMB"
"CLMB","766","Na23","24.80785924","CLMB"
"CLMB","767","Na23","11.49665169","CLMB"
"CLMB","768","Na23","23.98527894","CLMB"
"CLMB","770","Na23","21.01963793","CLMB"
"CLMB","771","Na23","21.03497728","CLMB"
"CLMB","772","Na23","99.9738017","CLMB"
"CLMB","773","Na23","19.3525693","CLMB"
"CLMB","774","Na23","32.20206072","CLMB"
"CLMB","775","Na23","24.09395012","CLMB"
"CLMB","776","Na23","8.178914031","CLMB"
"CLMB","777","Na23","14.41107826","CLMB"
"CLMB","778","Na23","64.75784907","CLMB"
"CLMB","779","Na23","23.98606211","CLMB"
"CLMB","780","Na23","23.43967062","CLMB"
"CLMB","781","Na23","20.74407562","CLMB"
"CLMB","782","Na23","9.837826789","CLMB"
"CLMB","783","Na23","44.52901523","CLMB"
"CLMB","784","Na23","*","CLMB"
"CLMB","785","Na23","25.2294122","CLMB"
"CLMB","786","Na23","21.7830631","CLMB"
"CLMB","787","Na23","34.79209439","CLMB"
"CLMB","788","Na23","15.08857089","CLMB"
"CLMB","789","Na23","10.51983788","CLMB"
"CLMB","790","Na23","9.412492549","CLMB"
"CLMB","792","Na23","37.32464578","CLMB"
"CLMB","794","Na23","29.74506556","CLMB"
"CLMB","795","Na23","14.53292885","CLMB"
"CLMB","796","Na23","19.41413045","CLMB"
"CLMB","797","Na23","26.40952701","CLMB"
"CLMB","799","Na23","31.64696296","CLMB"
"CLMB","800","Na23","11.76916735","CLMB"
"CLMB","801","Na23","78.34172764","CLMB"
"CLMB","802","Na23","17.46044722","CLMB"
"CLMB","803","Na23","20.93640084","CLMB"
"CLMB","804","Na23","97.55930137","CLMB"
"CLMB","805","Na23","12.84492185","CLMB"
"CLMB","806","Na23","10.31428151","CLMB"
"CLMB","808","Na23","34.55554579","CLMB"
"CLMB","809","Na23","26.61583788","CLMB"
"CLMB","810","Na23","31.40862094","CLMB"
"CLMB","811","Na23","51.25527145","CLMB"
"CLMB","812","Na23","10.02586336","CLMB"
"CLMB","813","Na23","*","CLMB"
"CLMB","814","Na23","14.72931977","CLMB"
"CLMB","815","Na23","14.89409096","CLMB"
"CLMB","816","Na23","19.24435981","CLMB"
"CLMB","817","Na23","33.34474965","CLMB"
"CLMB","818","Na23","28.30546593","CLMB"
"CLMB","819","Na23","39.94247972","CLMB"
"CLMB","820","Na23","10.10886545","CLMB"
"CLMB","821","Na23","30.07165043","CLMB"
"CLMB","822","Na23","44.79594206","CLMB"
"CLMB","823","Na23","14.90500827","CLMB"
"CLMB","824","Na23","21.94403654","CLMB"
"CLMB","825","Na23","26.3608361","CLMB"
"KBSM","1","Na23","9.620697456","KBSM"
"KBSM","2","Na23","6.804531082","KBSM"
"KBSM","3","Na23","7.031203935","KBSM"
"KBSM","4","Na23","11.92816312","KBSM"
"KBSM","5","Na23","11.58194138","KBSM"
"KBSM","7","Na23","10.61877267","KBSM"
"KBSM","8","Na23","28.15658658","KBSM"
"KBSM","9","Na23","4.248100165","KBSM"
"KBSM","10","Na23","5.870876591","KBSM"
"KBSM","11","Na23","7.662789191","KBSM"
"KBSM","12","Na23","7.708247867","KBSM"
"KBSM","13","Na23","*","KBSM"
"KBSM","14","Na23","10.72295557","KBSM"
"KBSM","15","Na23","11.80873726","KBSM"
"KBSM","16","Na23","*","KBSM"
"KBSM","17","Na23","6.658847273","KBSM"
"KBSM","18","Na23","11.89586185","KBSM"
"KBSM","19","Na23","49.91983327","KBSM"
"KBSM","20","Na23","7.132833224","KBSM"
"KBSM","21","Na23","*","KBSM"
"KBSM","22","Na23","5.468016464","KBSM"
"KBSM","23","Na23","18.0965008","KBSM"
"KBSM","24","Na23","*","KBSM"
"KBSM","25","Na23","34.78470973","KBSM"
"KBSM","26","Na23","10.54929338","KBSM"
"KBSM","27","Na23","*","KBSM"
"KBSM","28","Na23","15.60275301","KBSM"
"KBSM","29","Na23","11.33019855","KBSM"
"KBSM","30","Na23","12.58655207","KBSM"
"KBSM","31","Na23","6.592298394","KBSM"
"KBSM","32","Na23","40.866772","KBSM"
"KBSM","33","Na23","7.193325657","KBSM"
"KBSM","34","Na23","11.78822398","KBSM"
"KBSM","35","Na23","9.150388791","KBSM"
"KBSM","36","Na23","7.749116813","KBSM"
"KBSM","37","Na23","5.671869722","KBSM"
"KBSM","38","Na23","7.633868032","KBSM"
"KBSM","39","Na23","8.832522998","KBSM"
"KBSM","40","Na23","24.00696373","KBSM"
"KBSM","41","Na23","4.688191779","KBSM"
"KBSM","42","Na23","10.15074638","KBSM"
"KBSM","43","Na23","6.438779652","KBSM"
"KBSM","44","Na23","15.29083752","KBSM"
"KBSM","46","Na23","8.409807009","KBSM"
"KBSM","48","Na23","7.66471576","KBSM"
"KBSM","49","Na23","*","KBSM"
"KBSM","50","Na23","*","KBSM"
"KBSM","52","Na23","6.194499456","KBSM"
"KBSM","53","Na23","8.619455417","KBSM"
"KBSM","54","Na23","6.189510107","KBSM"
"KBSM","55","Na23","16.34083685","KBSM"
"KBSM","56","Na23","26.45722454","KBSM"
"KBSM","57","Na23","9.666009915","KBSM"
"KBSM","58","Na23","*","KBSM"
"KBSM","59","Na23","*","KBSM"
"KBSM","60","Na23","*","KBSM"
"KBSM","61","Na23","12.98383464","KBSM"
"KBSM","62","Na23","7.286382887","KBSM"
"KBSM","63","Na23","*","KBSM"
"KBSM","64","Na23","25.85887728","KBSM"
"KBSM","65","Na23","6.171548596","KBSM"
"KBSM","66","Na23","12.06081317","KBSM"
"KBSM","67","Na23","9.947941691","KBSM"
"KBSM","68","Na23","11.04158908","KBSM"
"KBSM","69","Na23","12.65299199","KBSM"
"KBSM","70","Na23","7.769170306","KBSM"
"KBSM","71","Na23","*","KBSM"
"KBSM","72","Na23","12.06446584","KBSM"
"KBSM","73","Na23","14.418615795","KBSM"
"KBSM","74","Na23","36.76281769","KBSM"
"KBSM","76","Na23","*","KBSM"
"KBSM","77","Na23","*","KBSM"
"KBSM","78","Na23","13.35890955","KBSM"
"KBSM","79","Na23","11.35611773","KBSM"
"KBSM","80","Na23","11.71324207","KBSM"
"KBSM","81","Na23","6.567041153","KBSM"
"KBSM","83","Na23","12.93586892","KBSM"
"KBSM","84","Na23","*","KBSM"
"KBSM","85","Na23","14.67270535","KBSM"
"KBSM","86","Na23","6.847317441","KBSM"
"KBSM","87","Na23","7.642387477","KBSM"
"KBSM","88","Na23","8.818299672","KBSM"
"KBSM","89","Na23","21.62438971","KBSM"
"KBSM","90","Na23","13.35043766","KBSM"
"KBSM","91","Na23","7.327653655","KBSM"
"KBSM","93","Na23","5.51571197","KBSM"
"KBSM","94","Na23","6.669491829","KBSM"
"KBSM","95","Na23","6.846621553","KBSM"
"KBSM","96","Na23","6.500118392","KBSM"
"KBSM","97","Na23","8.495623802","KBSM"
"KBSM","99","Na23","7.266455499","KBSM"
"KBSM","100","Na23","5.641008573","KBSM"
"KBSM","101","Na23","7.803421296","KBSM"
"KBSM","102","Na23","*","KBSM"
"KBSM","103","Na23","6.611186878","KBSM"
"KBSM","104","Na23","16.68795569","KBSM"
"KBSM","105","Na23","12.60943995","KBSM"
"KBSM","106","Na23","6.373997618","KBSM"
"KBSM","107","Na23","5.534097762","KBSM"
"KBSM","110","Na23","7.451520752","KBSM"
"KBSM","111","Na23","7.381712205","KBSM"
"KBSM","112","Na23","5.29451536","KBSM"
"KBSM","113","Na23","*","KBSM"
"KBSM","114","Na23","15.13632631","KBSM"
"KBSM","115","Na23","9.807383151","KBSM"
"KBSM","116","Na23","29.25063842","KBSM"
"KBSM","117","Na23","5.918270625","KBSM"
"KBSM","118","Na23","7.532106611","KBSM"
"KBSM","119","Na23","13.97924859","KBSM"
"KBSM","120","Na23","*","KBSM"
"KBSM","122","Na23","8.208194826","KBSM"
"KBSM","123","Na23","7.821283745","KBSM"
"KBSM","125","Na23","5.990067202","KBSM"
"KBSM","126","Na23","6.888818987","KBSM"
"KBSM","127","Na23","10.82069567","KBSM"
"KBSM","128","Na23","11.73063485","KBSM"
"KBSM","130","Na23","7.676591759","KBSM"
"KBSM","131","Na23","9.982033829","KBSM"
"KBSM","132","Na23","15.34681117","KBSM"
"KBSM","134","Na23","13.40261931","KBSM"
"KBSM","135","Na23","13.85603542","KBSM"
"KBSM","136","Na23","6.984895314","KBSM"
"KBSM","137","Na23","14.70334707","KBSM"
"KBSM","138","Na23","*","KBSM"
"KBSM","139","Na23","13.65508431","KBSM"
"KBSM","141","Na23","*","KBSM"
"KBSM","142","Na23","6.019846621","KBSM"
"KBSM","143","Na23","9.992445772","KBSM"
"KBSM","144","Na23","9.51761066","KBSM"
"KBSM","145","Na23","9.614620544","KBSM"
"KBSM","146","Na23","*","KBSM"
"KBSM","147","Na23","5.727121422","KBSM"
"KBSM","148","Na23","9.222954141","KBSM"
"KBSM","150","Na23","5.359840325","KBSM"
"KBSM","151","Na23","7.865150508","KBSM"
"KBSM","152","Na23","7.092939874","KBSM"
"KBSM","153","Na23","57.83051015","KBSM"
"KBSM","154","Na23","11.32999548","KBSM"
"KBSM","155","Na23","12.4077735","KBSM"
"KBSM","156","Na23","6.722939756","KBSM"
"KBSM","157","Na23","14.89736658","KBSM"
"KBSM","158","Na23","8.925484172","KBSM"
"KBSM","159","Na23","10.76369671","KBSM"
"KBSM","161","Na23","5.737746524","KBSM"
"KBSM","163","Na23","6.961969994","KBSM"
"KBSM","164","Na23","23.17766478","KBSM"
"KBSM","166","Na23","43.92378108","KBSM"
"KBSM","167","Na23","7.518168147","KBSM"
"KBSM","168","Na23","6.838610423","KBSM"
"KBSM","169","Na23","*","KBSM"
"KBSM","170","Na23","9.403714409","KBSM"
"KBSM","171","Na23","15.2547463","KBSM"
"KBSM","172","Na23","27.05463485","KBSM"
"KBSM","173","Na23","9.130131196","KBSM"
"KBSM","174","Na23","4.463720961","KBSM"
"KBSM","175","Na23","8.15202944","KBSM"
"KBSM","176","Na23","5.971060042","KBSM"
"KBSM","177","Na23","6.458341077","KBSM"
"KBSM","178","Na23","19.53117421","KBSM"
"KBSM","179","Na23","*","KBSM"
"KBSM","180","Na23","*","KBSM"
"KBSM","181","Na23","*","KBSM"
"KBSM","182","Na23","16.63407603","KBSM"
"KBSM","184","Na23","10.22033255","KBSM"
"KBSM","185","Na23","11.59361342","KBSM"
"KBSM","186","Na23","*","KBSM"
"KBSM","187","Na23","7.564152194","KBSM"
"KBSM","188","Na23","4.84253801","KBSM"
"KBSM","189","Na23","7.476563409","KBSM"
"KBSM","190","Na23","13.79834472","KBSM"
"KBSM","191","Na23","11.05978762","KBSM"
"KBSM","192","Na23","*","KBSM"
"KBSM","193","Na23","6.039401213","KBSM"
"KBSM","194","Na23","10.52619417","KBSM"
"KBSM","195","Na23","10.13845833","KBSM"
"KBSM","196","Na23","5.883957856","KBSM"
"KBSM","197","Na23","8.055892051","KBSM"
"KBSM","198","Na23","18.04385197","KBSM"
"KBSM","199","Na23","5.389177426","KBSM"
"KBSM","200","Na23","6.704610736","KBSM"
"KBSM","201","Na23","29.34917478","KBSM"
"KBSM","203","Na23","10.65727436","KBSM"
"KBSM","204","Na23","5.21222308","KBSM"
"KBSM","205","Na23","7.247520614","KBSM"
"KBSM","207","Na23","8.363998902","KBSM"
"KBSM","208","Na23","32.65123225","KBSM"
"KBSM","209","Na23","*","KBSM"
"KBSM","210","Na23","13.09298182","KBSM"
"KBSM","211","Na23","*","KBSM"
"KBSM","212","Na23","*","KBSM"
"KBSM","213","Na23","4.938089712","KBSM"
"KBSM","214","Na23","5.352590079","KBSM"
"KBSM","215","Na23","7.515546267","KBSM"
"KBSM","216","Na23","6.565184099","KBSM"
"KBSM","217","Na23","7.135751908","KBSM"
"KBSM","218","Na23","9.557585473","KBSM"
"KBSM","219","Na23","*","KBSM"
"KBSM","220","Na23","*","KBSM"
"KBSM","221","Na23","12.78392202","KBSM"
"KBSM","222","Na23","14.59274836","KBSM"
"KBSM","223","Na23","14.03120524","KBSM"
"KBSM","224","Na23","7.198910161","KBSM"
"KBSM","225","Na23","*","KBSM"
"KBSM","226","Na23","6.025346649","KBSM"
"KBSM","227","Na23","8.275150323","KBSM"
"KBSM","228","Na23","12.13834732","KBSM"
"KBSM","229","Na23","10.08577406","KBSM"
"KBSM","230","Na23","10.65400164","KBSM"
"KBSM","231","Na23","*","KBSM"
"KBSM","232","Na23","14.7347396","KBSM"
"KBSM","233","Na23","*","KBSM"
"KBSM","234","Na23","14.12961337","KBSM"
"KBSM","235","Na23","6.810129594","KBSM"
"KBSM","236","Na23","15.56519985","KBSM"
"KBSM","237","Na23","5.747826616","KBSM"
"KBSM","238","Na23","*","KBSM"
"KBSM","239","Na23","40.14082001","KBSM"
"KBSM","240","Na23","*","KBSM"
"KBSM","241","Na23","*","KBSM"
"KBSM","242","Na23","6.041585879","KBSM"
"KBSM","243","Na23","12.36396892","KBSM"
"KBSM","244","Na23","10.59673406","KBSM"
"KBSM","245","Na23","5.334049717","KBSM"
"KBSM","246","Na23","9.080264806","KBSM"
"KBSM","247","Na23","5.555056495","KBSM"
"KBSM","248","Na23","7.545748836","KBSM"
"KBSM","249","Na23","8.589299807","KBSM"
"KBSM","250","Na23","7.049641296","KBSM"
"KBSM","251","Na23","13.63990601","KBSM"
"KBSM","252","Na23","7.327101107","KBSM"
"KBSM","253","Na23","*","KBSM"
"KBSM","254","Na23","7.79169844","KBSM"
"KBSM","255","Na23","6.759015448","KBSM"
"KBSM","256","Na23","10.80963109","KBSM"
"KBSM","257","Na23","7.534886255","KBSM"
"KBSM","258","Na23","17.21637028","KBSM"
"KBSM","259","Na23","4.989330907","KBSM"
"KBSM","260","Na23","9.341714648","KBSM"
"KBSM","261","Na23","*","KBSM"
"KBSM","262","Na23","*","KBSM"
"KBSM","263","Na23","10.7421347","KBSM"
"KBSM","264","Na23","4.89714674","KBSM"
"KBSM","265","Na23","6.555300753","KBSM"
"KBSM","267","Na23","5.88790729","KBSM"
"KBSM","268","Na23","5.629974584","KBSM"
"KBSM","269","Na23","*","KBSM"
"KBSM","270","Na23","18.69701691","KBSM"
"KBSM","271","Na23","*","KBSM"
"KBSM","272","Na23","5.516957291","KBSM"
"KBSM","273","Na23","5.297638787","KBSM"
"KBSM","274","Na23","5.916866721","KBSM"
"KBSM","275","Na23","5.37292476","KBSM"
"KBSM","276","Na23","14.94180842","KBSM"
"KBSM","277","Na23","7.188367816","KBSM"
"KBSM","278","Na23","*","KBSM"
"KBSM","279","Na23","9.639485089","KBSM"
"KBSM","281","Na23","8.145091764","KBSM"
"KBSM","282","Na23","*","KBSM"
"KBSM","283","Na23","21.45712604","KBSM"
"KBSM","284","Na23","16.97393658","KBSM"
"KBSM","285","Na23","9.846737375","KBSM"
"KBSM","286","Na23","7.051329565","KBSM"
"KBSM","287","Na23","6.531700593","KBSM"
"KBSM","288","Na23","*","KBSM"
"KBSM","289","Na23","15.42279127","KBSM"
"KBSM","290","Na23","*","KBSM"
"KBSM","292","Na23","15.38388448","KBSM"
"KBSM","293","Na23","7.148660796","KBSM"
"KBSM","294","Na23","6.910615256","KBSM"
"KBSM","296","Na23","4.925308953","KBSM"
"KBSM","297","Na23","7.978549511","KBSM"
"KBSM","298","Na23","6.384611332","KBSM"
"KBSM","299","Na23","14.48474749","KBSM"
"KBSM","300","Na23","7.620083483","KBSM"
"KBSM","301","Na23","6.577079384","KBSM"
"KBSM","302","Na23","6.123890633","KBSM"
"KBSM","303","Na23","19.16462485","KBSM"
"KBSM","304","Na23","6.524861176","KBSM"
"KBSM","305","Na23","11.18002295","KBSM"
"KBSM","306","Na23","7.541408031","KBSM"
"KBSM","307","Na23","10.01830435","KBSM"
"KBSM","308","Na23","6.292421519","KBSM"
"KBSM","310","Na23","6.30594441","KBSM"
"KBSM","311","Na23","*","KBSM"
"KBSM","312","Na23","17.32187007","KBSM"
"KBSM","313","Na23","49.32950399","KBSM"
"KBSM","314","Na23","6.379642287","KBSM"
"KBSM","315","Na23","6.379829882","KBSM"
"KBSM","317","Na23","6.696346246","KBSM"
"KBSM","318","Na23","4.860818231","KBSM"
"KBSM","319","Na23","*","KBSM"
"KBSM","320","Na23","6.700158235","KBSM"
"KBSM","322","Na23","27.72869254","KBSM"
"KBSM","323","Na23","5.518536237","KBSM"
"KBSM","324","Na23","5.750745993","KBSM"
"KBSM","325","Na23","5.033734048","KBSM"
"KBSM","326","Na23","5.932831923","KBSM"
"KBSM","328","Na23","13.12122075","KBSM"
"KBSM","330","Na23","7.128212481","KBSM"
"KBSM","332","Na23","9.041597603","KBSM"
"KBSM","333","Na23","7.31276842","KBSM"
"KBSM","334","Na23","8.484683858","KBSM"
"KBSM","335","Na23","24.15395417","KBSM"
"KBSM","336","Na23","14.53952167","KBSM"
"KBSM","337","Na23","6.387538626","KBSM"
"KBSM","338","Na23","12.22026075","KBSM"
"KBSM","339","Na23","9.855082024","KBSM"
"KBSM","340","Na23","*","KBSM"
"KBSM","341","Na23","12.45980066","KBSM"
"KBSM","342","Na23","18.68982365","KBSM"
"KBSM","343","Na23","7.516167251","KBSM"
"KBSM","345","Na23","8.410121385","KBSM"
"KBSM","346","Na23","12.52858542","KBSM"
"KBSM","347","Na23","8.64934344","KBSM"
"KBSM","349","Na23","7.732208084","KBSM"
"KBSM","350","Na23","19.131859","KBSM"
"KBSM","352","Na23","10.43527142","KBSM"
"KBSM","353","Na23","32.15519741","KBSM"
"KBSM","354","Na23","8.709379598","KBSM"
"KBSM","355","Na23","*","KBSM"
"KBSM","356","Na23","4.173722691","KBSM"
"KBSM","358","Na23","5.747353918","KBSM"
"KBSM","359","Na23","8.278301916","KBSM"
"KBSM","360","Na23","5.468704293","KBSM"
"KBSM","361","Na23","5.2155077","KBSM"
"KBSM","363","Na23","13.81726891","KBSM"
"KBSM","364","Na23","11.90789165","KBSM"
"KBSM","365","Na23","5.235843488","KBSM"
"KBSM","366","Na23","13.53815164","KBSM"
"KBSM","367","Na23","9.436644598","KBSM"
"KBSM","368","Na23","*","KBSM"
"KBSM","369","Na23","10.73011308","KBSM"
"KBSM","370","Na23","5.259133451","KBSM"
"KBSM","371","Na23","42.42991374","KBSM"
"KBSM","372","Na23","65.21756326","KBSM"
"KBSM","373","Na23","16.67978955","KBSM"
"KBSM","374","Na23","11.40239448","KBSM"
"KBSM","375","Na23","12.26185776","KBSM"
"KBSM","377","Na23","*","KBSM"
"KBSM","378","Na23","7.212208962","KBSM"
"KBSM","379","Na23","6.874295755","KBSM"
"KBSM","380","Na23","11.48570513","KBSM"
"KBSM","381","Na23","7.741409121","KBSM"
"KBSM","382","Na23","9.907513803","KBSM"
"KBSM","383","Na23","6.769739766","KBSM"
"KBSM","384","Na23","5.369183317","KBSM"
"KBSM","386","Na23","8.400504699","KBSM"
"KBSM","388","Na23","13.04355847","KBSM"
"KBSM","389","Na23","9.248658861","KBSM"
"KBSM","390","Na23","26.12140876","KBSM"
"KBSM","391","Na23","7.187608841","KBSM"
"KBSM","392","Na23","8.9870511055","KBSM"
"KBSM","393","Na23","11.58860795","KBSM"
"KBSM","394","Na23","10.97178853","KBSM"
"KBSM","395","Na23","6.023509607","KBSM"
"KBSM","396","Na23","14.18233753","KBSM"
"KBSM","397","Na23","9.092045535","KBSM"
"KBSM","398","Na23","11.41283502","KBSM"
"KBSM","399","Na23","15.96299382","KBSM"
"KBSM","400","Na23","5.660958481","KBSM"
"KBSM","402","Na23","5.336258044","KBSM"
"KBSM","403","Na23","9.844382828","KBSM"
"KBSM","404","Na23","7.442889202","KBSM"
"KBSM","405","Na23","8.724856645","KBSM"
"KBSM","406","Na23","9.62610903","KBSM"
"KBSM","407","Na23","9.137897535","KBSM"
"KBSM","408","Na23","34.00840473","KBSM"
"KBSM","409","Na23","12.55498984","KBSM"
"KBSM","410","Na23","9.896600905","KBSM"
"KBSM","411","Na23","5.149193418","KBSM"
"KBSM","412","Na23","17.20199779","KBSM"
"KBSM","413","Na23","*","KBSM"
"KBSM","414","Na23","14.68775558","KBSM"
"KBSM","415","Na23","8.631549119","KBSM"
"KBSM","416","Na23","*","KBSM"
"KBSM","417","Na23","8.309793683","KBSM"
"KBSM","418","Na23","7.047271703","KBSM"
"KBSM","419","Na23","14.29615093","KBSM"
"KBSM","420","Na23","32.89663924","KBSM"
"KBSM","421","Na23","7.156157824","KBSM"
"KBSM","422","Na23","19.30545983","KBSM"
"KBSM","423","Na23","12.18476394","KBSM"
"KBSM","424","Na23","7.364387024","KBSM"
"KBSM","425","Na23","5.994103693","KBSM"
"KBSM","426","Na23","10.80696501","KBSM"
"KBSM","427","Na23","5.707190065","KBSM"
"KBSM","428","Na23","7.316490219","KBSM"
"KBSM","429","Na23","14.6806755","KBSM"
"KBSM","431","Na23","7.27473932","KBSM"
"KBSM","432","Na23","8.211802774","KBSM"
"KBSM","433","Na23","10.0090551","KBSM"
"KBSM","435","Na23","7.409429185","KBSM"
"KBSM","436","Na23","7.46993158","KBSM"
"KBSM","437","Na23","*","KBSM"
"KBSM","438","Na23","*","KBSM"
"KBSM","439","Na23","5.795589646","KBSM"
"KBSM","440","Na23","7.42192281","KBSM"
"KBSM","442","Na23","11.63671411","KBSM"
"KBSM","443","Na23","9.284088656","KBSM"
"KBSM","444","Na23","7.215765954","KBSM"
"KBSM","445","Na23","35.11055295","KBSM"
"KBSM","446","Na23","5.34377967","KBSM"
"KBSM","447","Na23","14.93310387","KBSM"
"KBSM","448","Na23","15.16482796","KBSM"
"KBSM","449","Na23","7.300896624","KBSM"
"KBSM","450","Na23","10.83788199","KBSM"
"KBSM","451","Na23","7.36970127","KBSM"
"KBSM","452","Na23","9.281692871","KBSM"
"KBSM","453","Na23","9.64657091","KBSM"
"KBSM","454","Na23","*","KBSM"
"KBSM","455","Na23","6.030582238","KBSM"
"KBSM","456","Na23","36.91942837","KBSM"
"KBSM","458","Na23","4.91396289","KBSM"
"KBSM","459","Na23","8.64725775","KBSM"
"KBSM","460","Na23","8.320189523","KBSM"
"KBSM","461","Na23","43.71268014","KBSM"
"KBSM","462","Na23","7.519944497","KBSM"
"KBSM","463","Na23","9.19398435","KBSM"
"KBSM","464","Na23","9.011188449","KBSM"
"KBSM","465","Na23","12.657732902","KBSM"
"KBSM","466","Na23","52.22206975","KBSM"
"KBSM","467","Na23","7.167711801","KBSM"
"KBSM","468","Na23","18.60940176","KBSM"
"KBSM","469","Na23","11.17900265","KBSM"
"KBSM","470","Na23","24.60731903","KBSM"
"KBSM","471","Na23","10.78171654","KBSM"
"KBSM","472","Na23","7.729028682","KBSM"
"KBSM","473","Na23","11.39542583","KBSM"
"KBSM","474","Na23","*","KBSM"
"KBSM","475","Na23","*","KBSM"
"KBSM","476","Na23","6.751724979","KBSM"
"KBSM","477","Na23","7.634704781","KBSM"
"KBSM","479","Na23","5.776583098","KBSM"
"KBSM","480","Na23","13.66299699","KBSM"
"KBSM","482","Na23","*","KBSM"
"KBSM","483","Na23","5.185056102","KBSM"
"KBSM","484","Na23","11.72483439","KBSM"
"KBSM","485","Na23","33.25181105","KBSM"
"KBSM","486","Na23","*","KBSM"
"KBSM","487","Na23","6.821668953","KBSM"
"KBSM","488","Na23","8.26792582","KBSM"
"KBSM","489","Na23","8.890329706","KBSM"
"KBSM","491","Na23","6.427044292","KBSM"
"KBSM","492","Na23","6.559498698","KBSM"
"KBSM","493","Na23","20.97375588","KBSM"
"KBSM","494","Na23","8.230108286","KBSM"
"KBSM","495","Na23","6.84759931","KBSM"
"KBSM","496","Na23","9.074981094","KBSM"
"KBSM","497","Na23","6.649239816","KBSM"
"KBSM","498","Na23","18.28759871","KBSM"
"KBSM","499","Na23","*","KBSM"
"KBSM","500","Na23","8.206753646","KBSM"
"KBSM","501","Na23","9.008919473","KBSM"
"KBSM","502","Na23","7.976795085","KBSM"
"KBSM","503","Na23","6.484923389","KBSM"
"KBSM","504","Na23","*","KBSM"
"KBSM","505","Na23","8.612605386","KBSM"
"KBSM","506","Na23","23.6079483","KBSM"
"KBSM","507","Na23","6.296389962","KBSM"
"KBSM","508","Na23","16.09517394","KBSM"
"KBSM","511","Na23","9.204516219","KBSM"
"KBSM","512","Na23","18.32998807","KBSM"
"KBSM","513","Na23","7.767415093","KBSM"
"KBSM","514","Na23","*","KBSM"
"KBSM","515","Na23","8.486256945","KBSM"
"KBSM","516","Na23","8.23144215","KBSM"
"KBSM","518","Na23","*","KBSM"
"KBSM","519","Na23","*","KBSM"
"KBSM","520","Na23","6.864792643","KBSM"
"KBSM","521","Na23","10.51533801","KBSM"
"KBSM","522","Na23","27.36872127","KBSM"
"KBSM","523","Na23","6.957515169","KBSM"
"KBSM","524","Na23","15.77116516","KBSM"
"KBSM","525","Na23","11.52800341","KBSM"
"KBSM","526","Na23","5.352469258","KBSM"
"KBSM","527","Na23","9.896262606","KBSM"
"KBSM","529","Na23","*","KBSM"
"KBSM","530","Na23","6.961211936","KBSM"
"KBSM","531","Na23","8.613405239","KBSM"
"KBSM","532","Na23","8.051490761","KBSM"
"KBSM","533","Na23","5.048426676","KBSM"
"KBSM","534","Na23","10.74232584","KBSM"
"KBSM","535","Na23","12.2506971","KBSM"
"KBSM","536","Na23","8.342765007","KBSM"
"KBSM","537","Na23","10.17251086","KBSM"
"KBSM","539","Na23","5.52137444","KBSM"
"KBSM","540","Na23","7.787388057","KBSM"
"KBSM","541","Na23","7.853485266","KBSM"
"KBSM","542","Na23","12.44976365","KBSM"
"KBSM","544","Na23","10.36753783","KBSM"
"KBSM","545","Na23","21.89219963","KBSM"
"KBSM","546","Na23","8.586640008","KBSM"
"KBSM","547","Na23","10.63121187","KBSM"
"KBSM","548","Na23","5.270962242","KBSM"
"KBSM","549","Na23","20.7811096","KBSM"
"KBSM","551","Na23","*","KBSM"
"KBSM","552","Na23","26.00541373","KBSM"
"KBSM","553","Na23","11.49949994","KBSM"
"KBSM","555","Na23","25.98593614","KBSM"
"KBSM","556","Na23","*","KBSM"
"KBSM","557","Na23","7.091666675","KBSM"
"KBSM","558","Na23","7.770024948","KBSM"
"KBSM","559","Na23","8.21577309","KBSM"
"KBSM","560","Na23","14.45748731","KBSM"
"KBSM","562","Na23","7.267234799","KBSM"
"KBSM","563","Na23","16.90738532","KBSM"
"KBSM","564","Na23","*","KBSM"
"KBSM","565","Na23","7.700786069","KBSM"
"KBSM","566","Na23","5.239024425","KBSM"
"KBSM","567","Na23","12.79937422","KBSM"
"KBSM","569","Na23","16.43585447","KBSM"
"KBSM","570","Na23","5.832685124","KBSM"
"KBSM","571","Na23","23.76579454","KBSM"
"KBSM","572","Na23","10.80953269","KBSM"
"KBSM","573","Na23","12.27228654","KBSM"
"KBSM","574","Na23","7.940470926","KBSM"
"KBSM","576","Na23","11.41289252","KBSM"
"KBSM","577","Na23","17.07330008","KBSM"
"KBSM","578","Na23","11.58961275","KBSM"
"KBSM","579","Na23","5.948710387","KBSM"
"KBSM","580","Na23","12.08677028","KBSM"
"KBSM","581","Na23","4.690737716","KBSM"
"KBSM","583","Na23","5.501567823","KBSM"
"KBSM","584","Na23","5.587956939","KBSM"
"KBSM","585","Na23","9.837462182","KBSM"
"KBSM","586","Na23","18.23526392","KBSM"
"KBSM","588","Na23","12.80950654","KBSM"
"KBSM","589","Na23","8.677534081","KBSM"
"KBSM","592","Na23","6.139131778","KBSM"
"KBSM","593","Na23","8.814261051","KBSM"
"KBSM","594","Na23","9.121743063","KBSM"
"KBSM","595","Na23","6.207282948","KBSM"
"KBSM","596","Na23","6.692427804","KBSM"
"KBSM","597","Na23","11.19096872","KBSM"
"KBSM","598","Na23","5.646428779","KBSM"
"KBSM","599","Na23","*","KBSM"
"KBSM","600","Na23","6.915601886","KBSM"
"KBSM","601","Na23","7.017526086","KBSM"
"KBSM","602","Na23","*","KBSM"
"KBSM","603","Na23","*","KBSM"
"KBSM","604","Na23","*","KBSM"
"KBSM","605","Na23","14.755175","KBSM"
"KBSM","606","Na23","10.02218722","KBSM"
"KBSM","608","Na23","18.14915523","KBSM"
"KBSM","609","Na23","11.69480498","KBSM"
"KBSM","610","Na23","5.109551978","KBSM"
"KBSM","611","Na23","18.24716197","KBSM"
"KBSM","612","Na23","15.56273255","KBSM"
"KBSM","613","Na23","12.61331586","KBSM"
"KBSM","614","Na23","19.46193217","KBSM"
"KBSM","618","Na23","5.127217738","KBSM"
"KBSM","619","Na23","9.909060226","KBSM"
"KBSM","620","Na23","5.60366617","KBSM"
"KBSM","621","Na23","5.435621034","KBSM"
"KBSM","622","Na23","8.569636804","KBSM"
"KBSM","623","Na23","*","KBSM"
"KBSM","624","Na23","*","KBSM"
"KBSM","625","Na23","6.445711933","KBSM"
"KBSM","627","Na23","7.730984505","KBSM"
"KBSM","628","Na23","17.42753195","KBSM"
"KBSM","629","Na23","29.01870078","KBSM"
"KBSM","630","Na23","27.63469401","KBSM"
"KBSM","632","Na23","11.87494942","KBSM"
"KBSM","633","Na23","8.345831946","KBSM"
"KBSM","634","Na23","6.135912166","KBSM"
"KBSM","635","Na23","6.681920128","KBSM"
"KBSM","636","Na23","9.301879203","KBSM"
"KBSM","637","Na23","7.669930647","KBSM"
"KBSM","638","Na23","6.805097974","KBSM"
"KBSM","639","Na23","12.93070523","KBSM"
"KBSM","640","Na23","14.2782797","KBSM"
"KBSM","641","Na23","11.60657909","KBSM"
"KBSM","642","Na23","9.465037296","KBSM"
"KBSM","643","Na23","10.85408201","KBSM"
"KBSM","644","Na23","15.7787193","KBSM"
"KBSM","645","Na23","*","KBSM"
"KBSM","647","Na23","*","KBSM"
"KBSM","648","Na23","6.862320999","KBSM"
"KBSM","649","Na23","6.073325977","KBSM"
"KBSM","652","Na23","21.22292067","KBSM"
"KBSM","654","Na23","4.613663659","KBSM"
"KBSM","655","Na23","90.58520345","KBSM"
"KBSM","656","Na23","4.996939508","KBSM"
"KBSM","657","Na23","11.02434573","KBSM"
"KBSM","658","Na23","7.546691964","KBSM"
"KBSM","660","Na23","12.61321652","KBSM"
"KBSM","661","Na23","78.29622827","KBSM"
"KBSM","663","Na23","5.825434528","KBSM"
"KBSM","664","Na23","5.642455347","KBSM"
"KBSM","666","Na23","7.140538582","KBSM"
"KBSM","667","Na23","5.295925862","KBSM"
"KBSM","668","Na23","9.303087153","KBSM"
"KBSM","669","Na23","13.95886555","KBSM"
"KBSM","670","Na23","7.827368959","KBSM"
"KBSM","671","Na23","*","KBSM"
"KBSM","672","Na23","4.670901395","KBSM"
"KBSM","673","Na23","13.39433842","KBSM"
"KBSM","674","Na23","6.857610138","KBSM"
"KBSM","675","Na23","11.12108076","KBSM"
"KBSM","677","Na23","*","KBSM"
"KBSM","679","Na23","85.45392808","KBSM"
"KBSM","680","Na23","7.43329917","KBSM"
"KBSM","681","Na23","27.09546031","KBSM"
"KBSM","682","Na23","11.67639847","KBSM"
"KBSM","683","Na23","9.71797307","KBSM"
"KBSM","684","Na23","6.649180623","KBSM"
"KBSM","685","Na23","5.302581348","KBSM"
"KBSM","686","Na23","8.339927056","KBSM"
"KBSM","689","Na23","*","KBSM"
"KBSM","690","Na23","10.34607812","KBSM"
"KBSM","691","Na23","8.783794764","KBSM"
"KBSM","692","Na23","5.195870518","KBSM"
"KBSM","693","Na23","5.960311223","KBSM"
"KBSM","694","Na23","7.975150251","KBSM"
"KBSM","695","Na23","9.693957847","KBSM"
"KBSM","696","Na23","14.25446329","KBSM"
"KBSM","697","Na23","63.73350565","KBSM"
"KBSM","698","Na23","6.100353103","KBSM"
"KBSM","699","Na23","4.95437228","KBSM"
"KBSM","700","Na23","4.505009123","KBSM"
"KBSM","702","Na23","*","KBSM"
"KBSM","703","Na23","19.27011634","KBSM"
"KBSM","704","Na23","4.933421485","KBSM"
"KBSM","705","Na23","14.82841356","KBSM"
"KBSM","706","Na23","8.425192077","KBSM"
"KBSM","707","Na23","*","KBSM"
"KBSM","708","Na23","*","KBSM"
"KBSM","710","Na23","5.048665316","KBSM"
"KBSM","711","Na23","12.44970923","KBSM"
"KBSM","712","Na23","6.390550955","KBSM"
"KBSM","713","Na23","9.225218422","KBSM"
"KBSM","714","Na23","*","KBSM"
"KBSM","715","Na23","6.943050032","KBSM"
"KBSM","716","Na23","25.36604077","KBSM"
"KBSM","718","Na23","*","KBSM"
"KBSM","719","Na23","63.11226501","KBSM"
"KBSM","720","Na23","13.876293","KBSM"
"KBSM","721","Na23","5.29443369","KBSM"
"KBSM","722","Na23","9.420288934","KBSM"
"KBSM","723","Na23","*","KBSM"
"KBSM","724","Na23","13.87926724","KBSM"
"KBSM","725","Na23","13.15109517","KBSM"
"KBSM","726","Na23","6.156928756","KBSM"
"KBSM","729","Na23","5.652653135","KBSM"
"KBSM","730","Na23","6.938973262","KBSM"
"KBSM","731","Na23","41.7975084","KBSM"
"KBSM","732","Na23","18.81535187","KBSM"
"KBSM","733","Na23","7.0081407","KBSM"
"KBSM","734","Na23","8.968126454","KBSM"
"KBSM","735","Na23","6.169303502","KBSM"
"KBSM","736","Na23","10.34315846","KBSM"
"KBSM","737","Na23","11.01277765","KBSM"
"KBSM","738","Na23","16.27479616","KBSM"
"KBSM","739","Na23","6.236580839","KBSM"
"KBSM","740","Na23","9.673520471","KBSM"
"KBSM","742","Na23","12.58039935","KBSM"
"KBSM","743","Na23","14.18488433","KBSM"
"KBSM","744","Na23","8.454002958","KBSM"
"KBSM","745","Na23","6.879195606","KBSM"
"KBSM","746","Na23","8.176649885","KBSM"
"KBSM","748","Na23","12.50632115","KBSM"
"KBSM","749","Na23","19.80833394","KBSM"
"KBSM","750","Na23","29.74190136","KBSM"
"KBSM","751","Na23","13.6343729","KBSM"
"KBSM","752","Na23","11.67268817","KBSM"
"KBSM","753","Na23","17.88464776","KBSM"
"KBSM","755","Na23","8.72043454","KBSM"
"KBSM","756","Na23","25.6500829","KBSM"
"KBSM","757","Na23","8.035813643","KBSM"
"KBSM","758","Na23","9.352709044","KBSM"
"KBSM","759","Na23","4.352238094","KBSM"
"KBSM","760","Na23","8.261705884","KBSM"
"KBSM","761","Na23","13.25680345","KBSM"
"KBSM","762","Na23","13.5881614","KBSM"
"KBSM","763","Na23","6.965497151","KBSM"
"KBSM","764","Na23","7.034090478","KBSM"
"KBSM","765","Na23","12.77066441","KBSM"
"KBSM","766","Na23","11.08584829","KBSM"
"KBSM","767","Na23","10.50297907","KBSM"
"KBSM","768","Na23","6.934773267","KBSM"
"KBSM","770","Na23","9.219381936","KBSM"
"KBSM","771","Na23","11.31982498","KBSM"
"KBSM","772","Na23","21.68157147","KBSM"
"KBSM","773","Na23","5.479199955","KBSM"
"KBSM","774","Na23","10.4145915","KBSM"
"KBSM","775","Na23","5.185761239","KBSM"
"KBSM","776","Na23","3.709745577","KBSM"
"KBSM","777","Na23","9.904143123","KBSM"
"KBSM","778","Na23","6.108397166","KBSM"
"KBSM","779","Na23","5.832474758","KBSM"
"KBSM","780","Na23","9.006109675","KBSM"
"KBSM","781","Na23","*","KBSM"
"KBSM","782","Na23","5.501666303","KBSM"
"KBSM","783","Na23","7.799075826","KBSM"
"KBSM","784","Na23","23.17075438","KBSM"
"KBSM","785","Na23","6.857712898","KBSM"
"KBSM","786","Na23","8.692791953","KBSM"
"KBSM","787","Na23","11.9477407","KBSM"
"KBSM","788","Na23","5.972581397","KBSM"
"KBSM","789","Na23","5.111723048","KBSM"
"KBSM","790","Na23","5.882400139","KBSM"
"KBSM","792","Na23","7.633607329","KBSM"
"KBSM","794","Na23","8.101217511","KBSM"
"KBSM","795","Na23","7.04662073","KBSM"
"KBSM","796","Na23","*","KBSM"
"KBSM","797","Na23","17.33838343","KBSM"
"KBSM","799","Na23","*","KBSM"
"KBSM","800","Na23","18.6354369","KBSM"
"KBSM","801","Na23","9.500360403","KBSM"
"KBSM","802","Na23","4.697890933","KBSM"
"KBSM","803","Na23","17.36704377","KBSM"
"KBSM","804","Na23","21.87587788","KBSM"
"KBSM","805","Na23","15.37632266","KBSM"
"KBSM","806","Na23","11.02258309","KBSM"
"KBSM","808","Na23","7.761733719","KBSM"
"KBSM","809","Na23","5.902554731","KBSM"
"KBSM","810","Na23","7.347641723","KBSM"
"KBSM","811","Na23","34.73655207","KBSM"
"KBSM","812","Na23","5.082199108","KBSM"
"KBSM","813","Na23","7.014978658","KBSM"
"KBSM","814","Na23","8.660978472","KBSM"
"KBSM","815","Na23","6.641503979","KBSM"
"KBSM","816","Na23","8.988547361","KBSM"
"KBSM","817","Na23","*","KBSM"
"KBSM","818","Na23","8.524831168","KBSM"
"KBSM","819","Na23","7.865481809","KBSM"
"KBSM","820","Na23","10.09107444","KBSM"
"KBSM","821","Na23","20.54972596","KBSM"
"KBSM","822","Na23","16.33697939","KBSM"
"KBSM","823","Na23","11.27300734","KBSM"
"KBSM","824","Na23","17.6636099","KBSM"
"KBSM","825","Na23","7.903957586","KBSM"
"PKLE","1","Na23","37.79604421","PKLE"
"PKLE","2","Na23","123.0329013","PKLE"
"PKLE","3","Na23","86.64412209","PKLE"
"PKLE","4","Na23","87.98817421","PKLE"
"PKLE","5","Na23","31.63363653","PKLE"
"PKLE","7","Na23","46.68318746","PKLE"
"PKLE","8","Na23","64.44155473","PKLE"
"PKLE","9","Na23","46.52786271","PKLE"
"PKLE","10","Na23","49.49429287","PKLE"
"PKLE","11","Na23","60.46211998","PKLE"
"PKLE","12","Na23","72.82770808","PKLE"
"PKLE","13","Na23","*","PKLE"
"PKLE","14","Na23","93.96758236","PKLE"
"PKLE","15","Na23","111.3474054","PKLE"
"PKLE","16","Na23","120.6659034","PKLE"
"PKLE","17","Na23","*","PKLE"
"PKLE","18","Na23","38.33208114","PKLE"
"PKLE","19","Na23","81.80531117","PKLE"
"PKLE","20","Na23","74.22971203","PKLE"
"PKLE","21","Na23","*","PKLE"
"PKLE","22","Na23","121.3689557","PKLE"
"PKLE","23","Na23","63.46397903","PKLE"
"PKLE","24","Na23","*","PKLE"
"PKLE","25","Na23","87.50607994","PKLE"
"PKLE","26","Na23","90.12363239","PKLE"
"PKLE","27","Na23","*","PKLE"
"PKLE","28","Na23","68.1097065","PKLE"
"PKLE","29","Na23","40.67097421","PKLE"
"PKLE","30","Na23","34.44170876","PKLE"
"PKLE","31","Na23","41.65547634","PKLE"
"PKLE","32","Na23","97.92054888","PKLE"
"PKLE","33","Na23","84.5393716","PKLE"
"PKLE","34","Na23","65.53041554","PKLE"
"PKLE","35","Na23","80.03873395","PKLE"
"PKLE","36","Na23","62.83319046","PKLE"
"PKLE","37","Na23","39.65180991","PKLE"
"PKLE","38","Na23","27.35004124","PKLE"
"PKLE","39","Na23","17.75216401","PKLE"
"PKLE","40","Na23","*","PKLE"
"PKLE","41","Na23","20.82086424","PKLE"
"PKLE","42","Na23","43.04541488","PKLE"
"PKLE","43","Na23","132.6699554","PKLE"
"PKLE","44","Na23","24.77890897","PKLE"
"PKLE","46","Na23","135.5750757","PKLE"
"PKLE","48","Na23","79.46357143","PKLE"
"PKLE","49","Na23","*","PKLE"
"PKLE","50","Na23","*","PKLE"
"PKLE","52","Na23","43.56309269","PKLE"
"PKLE","53","Na23","24.93867027","PKLE"
"PKLE","54","Na23","41.44700908","PKLE"
"PKLE","55","Na23","107.3418358","PKLE"
"PKLE","56","Na23","53.02467059","PKLE"
"PKLE","57","Na23","*","PKLE"
"PKLE","58","Na23","69.02667635","PKLE"
"PKLE","59","Na23","*","PKLE"
"PKLE","60","Na23","*","PKLE"
"PKLE","61","Na23","*","PKLE"
"PKLE","62","Na23","101.2793351","PKLE"
"PKLE","63","Na23","37.39281396","PKLE"
"PKLE","64","Na23","*","PKLE"
"PKLE","65","Na23","45.14634161","PKLE"
"PKLE","66","Na23","*","PKLE"
"PKLE","67","Na23","70.70803898","PKLE"
"PKLE","68","Na23","78.00607401","PKLE"
"PKLE","69","Na23","64.42583598","PKLE"
"PKLE","70","Na23","32.33424839","PKLE"
"PKLE","71","Na23","*","PKLE"
"PKLE","72","Na23","73.27803197","PKLE"
"PKLE","73","Na23","73.94713013","PKLE"
"PKLE","74","Na23","*","PKLE"
"PKLE","76","Na23","84.94710242","PKLE"
"PKLE","77","Na23","122.7751661","PKLE"
"PKLE","78","Na23","69.0357089","PKLE"
"PKLE","79","Na23","49.93266718","PKLE"
"PKLE","80","Na23","102.179414","PKLE"
"PKLE","81","Na23","83.96426422","PKLE"
"PKLE","83","Na23","78.45704343","PKLE"
"PKLE","84","Na23","37.50612404","PKLE"
"PKLE","85","Na23","57.46187804","PKLE"
"PKLE","86","Na23","59.8146084","PKLE"
"PKLE","87","Na23","72.89483203","PKLE"
"PKLE","88","Na23","*","PKLE"
"PKLE","89","Na23","116.2174687","PKLE"
"PKLE","90","Na23","36.76750873","PKLE"
"PKLE","91","Na23","60.64584716","PKLE"
"PKLE","93","Na23","44.48701469","PKLE"
"PKLE","94","Na23","*","PKLE"
"PKLE","95","Na23","83.38639047","PKLE"
"PKLE","96","Na23","*","PKLE"
"PKLE","97","Na23","27.47212337","PKLE"
"PKLE","99","Na23","31.22994239","PKLE"
"PKLE","100","Na23","45.42943523","PKLE"
"PKLE","101","Na23","30.23100415","PKLE"
"PKLE","102","Na23","*","PKLE"
"PKLE","103","Na23","*","PKLE"
"PKLE","104","Na23","68.23637234","PKLE"
"PKLE","105","Na23","131.0556522","PKLE"
"PKLE","106","Na23","51.68146804","PKLE"
"PKLE","107","Na23","58.09279668","PKLE"
"PKLE","110","Na23","88.0338675","PKLE"
"PKLE","111","Na23","38.24349773","PKLE"
"PKLE","112","Na23","66.28694048","PKLE"
"PKLE","113","Na23","55.10693285","PKLE"
"PKLE","114","Na23","*","PKLE"
"PKLE","115","Na23","23.67379851","PKLE"
"PKLE","116","Na23","*","PKLE"
"PKLE","117","Na23","97.81001663","PKLE"
"PKLE","118","Na23","24.88458572","PKLE"
"PKLE","119","Na23","45.7898805","PKLE"
"PKLE","120","Na23","*","PKLE"
"PKLE","122","Na23","91.78461437","PKLE"
"PKLE","123","Na23","40.58399988","PKLE"
"PKLE","125","Na23","97.56780276","PKLE"
"PKLE","126","Na23","69.44201999","PKLE"
"PKLE","127","Na23","29.61081974","PKLE"
"PKLE","128","Na23","55.81202918","PKLE"
"PKLE","130","Na23","60.89327359","PKLE"
"PKLE","131","Na23","115.8623366","PKLE"
"PKLE","132","Na23","*","PKLE"
"PKLE","134","Na23","74.82884026","PKLE"
"PKLE","135","Na23","91.81501217","PKLE"
"PKLE","136","Na23","*","PKLE"
"PKLE","137","Na23","84.15357086","PKLE"
"PKLE","138","Na23","123.1931677","PKLE"
"PKLE","139","Na23","34.82284127","PKLE"
"PKLE","141","Na23","*","PKLE"
"PKLE","142","Na23","29.45006873","PKLE"
"PKLE","143","Na23","*","PKLE"
"PKLE","144","Na23","79.23583563","PKLE"
"PKLE","145","Na23","28.58105968","PKLE"
"PKLE","146","Na23","50.79745156","PKLE"
"PKLE","147","Na23","*","PKLE"
"PKLE","148","Na23","15.13174285","PKLE"
"PKLE","150","Na23","*","PKLE"
"PKLE","151","Na23","56.65951323","PKLE"
"PKLE","152","Na23","*","PKLE"
"PKLE","153","Na23","51.43789168","PKLE"
"PKLE","154","Na23","79.61389678","PKLE"
"PKLE","155","Na23","20.68826187","PKLE"
"PKLE","156","Na23","66.44100546","PKLE"
"PKLE","157","Na23","22.46625487","PKLE"
"PKLE","158","Na23","45.43714127","PKLE"
"PKLE","159","Na23","*","PKLE"
"PKLE","161","Na23","45.57313073","PKLE"
"PKLE","163","Na23","*","PKLE"
"PKLE","164","Na23","47.68365394","PKLE"
"PKLE","166","Na23","88.21339839","PKLE"
"PKLE","167","Na23","54.79413521","PKLE"
"PKLE","168","Na23","75.1806689","PKLE"
"PKLE","169","Na23","43.69103019","PKLE"
"PKLE","170","Na23","27.50495725","PKLE"
"PKLE","171","Na23","72.84827054","PKLE"
"PKLE","172","Na23","69.79637119","PKLE"
"PKLE","173","Na23","70.35646187","PKLE"
"PKLE","174","Na23","96.71552412","PKLE"
"PKLE","175","Na23","83.91335321","PKLE"
"PKLE","176","Na23","47.52198681","PKLE"
"PKLE","177","Na23","39.55386261","PKLE"
"PKLE","178","Na23","83.63981932","PKLE"
"PKLE","179","Na23","*","PKLE"
"PKLE","180","Na23","*","PKLE"
"PKLE","181","Na23","*","PKLE"
"PKLE","182","Na23","118.0953304","PKLE"
"PKLE","184","Na23","24.58709508","PKLE"
"PKLE","185","Na23","20.88989728","PKLE"
"PKLE","186","Na23","*","PKLE"
"PKLE","187","Na23","132.5743135","PKLE"
"PKLE","188","Na23","130.7575496","PKLE"
"PKLE","189","Na23","59.16375337","PKLE"
"PKLE","190","Na23","*","PKLE"
"PKLE","191","Na23","114.6645371","PKLE"
"PKLE","192","Na23","*","PKLE"
"PKLE","193","Na23","57.57664203","PKLE"
"PKLE","194","Na23","69.02246532","PKLE"
"PKLE","195","Na23","81.24670095","PKLE"
"PKLE","196","Na23","*","PKLE"
"PKLE","197","Na23","104.5566179","PKLE"
"PKLE","198","Na23","80.42119554","PKLE"
"PKLE","199","Na23","49.77163207","PKLE"
"PKLE","200","Na23","*","PKLE"
"PKLE","201","Na23","*","PKLE"
"PKLE","203","Na23","35.00989225","PKLE"
"PKLE","204","Na23","22.11386215","PKLE"
"PKLE","205","Na23","80.29107077","PKLE"
"PKLE","207","Na23","56.89041747","PKLE"
"PKLE","208","Na23","33.75949493","PKLE"
"PKLE","209","Na23","22.65430344","PKLE"
"PKLE","210","Na23","70.08200403","PKLE"
"PKLE","211","Na23","69.83849777","PKLE"
"PKLE","212","Na23","*","PKLE"
"PKLE","213","Na23","63.80733784","PKLE"
"PKLE","214","Na23","44.23758859","PKLE"
"PKLE","215","Na23","61.85191944","PKLE"
"PKLE","216","Na23","38.4236834","PKLE"
"PKLE","217","Na23","127.6515904","PKLE"
"PKLE","218","Na23","21.32509011","PKLE"
"PKLE","219","Na23","*","PKLE"
"PKLE","220","Na23","42.84077877","PKLE"
"PKLE","221","Na23","85.90225046","PKLE"
"PKLE","222","Na23","136.0776482","PKLE"
"PKLE","223","Na23","*","PKLE"
"PKLE","224","Na23","112.4626545","PKLE"
"PKLE","225","Na23","133.2730126","PKLE"
"PKLE","226","Na23","52.32508651","PKLE"
"PKLE","227","Na23","91.74395124","PKLE"
"PKLE","228","Na23","55.37076286","PKLE"
"PKLE","229","Na23","29.31991915","PKLE"
"PKLE","230","Na23","43.29697482","PKLE"
"PKLE","231","Na23","39.69638291","PKLE"
"PKLE","232","Na23","48.81458669","PKLE"
"PKLE","233","Na23","*","PKLE"
"PKLE","234","Na23","*","PKLE"
"PKLE","235","Na23","50.62859351","PKLE"
"PKLE","236","Na23","*","PKLE"
"PKLE","237","Na23","73.80062371","PKLE"
"PKLE","238","Na23","*","PKLE"
"PKLE","239","Na23","*","PKLE"
"PKLE","240","Na23","*","PKLE"
"PKLE","241","Na23","*","PKLE"
"PKLE","242","Na23","50.13682958","PKLE"
"PKLE","243","Na23","42.76667714","PKLE"
"PKLE","244","Na23","48.43452318","PKLE"
"PKLE","245","Na23","51.47456805","PKLE"
"PKLE","246","Na23","*","PKLE"
"PKLE","247","Na23","65.64998756","PKLE"
"PKLE","248","Na23","132.5510332","PKLE"
"PKLE","249","Na23","104.3187445","PKLE"
"PKLE","250","Na23","57.07778032","PKLE"
"PKLE","251","Na23","*","PKLE"
"PKLE","252","Na23","64.1535234","PKLE"
"PKLE","253","Na23","*","PKLE"
"PKLE","254","Na23","93.70340878","PKLE"
"PKLE","255","Na23","63.17971417","PKLE"
"PKLE","256","Na23","69.19783493","PKLE"
"PKLE","257","Na23","78.25763275","PKLE"
"PKLE","258","Na23","*","PKLE"
"PKLE","259","Na23","18.90889984","PKLE"
"PKLE","260","Na23","45.73181904","PKLE"
"PKLE","261","Na23","42.53344737","PKLE"
"PKLE","262","Na23","*","PKLE"
"PKLE","263","Na23","115.2744245","PKLE"
"PKLE","264","Na23","75.30020805","PKLE"
"PKLE","265","Na23","35.99824968","PKLE"
"PKLE","267","Na23","17.43095389","PKLE"
"PKLE","268","Na23","*","PKLE"
"PKLE","269","Na23","*","PKLE"
"PKLE","270","Na23","74.03013919","PKLE"
"PKLE","271","Na23","*","PKLE"
"PKLE","272","Na23","53.4293778","PKLE"
"PKLE","273","Na23","17.11920587","PKLE"
"PKLE","274","Na23","34.30319782","PKLE"
"PKLE","275","Na23","95.55505848","PKLE"
"PKLE","276","Na23","*","PKLE"
"PKLE","277","Na23","49.97861706","PKLE"
"PKLE","278","Na23","*","PKLE"
"PKLE","279","Na23","42.06632185","PKLE"
"PKLE","281","Na23","54.81895585","PKLE"
"PKLE","282","Na23","*","PKLE"
"PKLE","283","Na23","*","PKLE"
"PKLE","284","Na23","27.35512292","PKLE"
"PKLE","285","Na23","*","PKLE"
"PKLE","286","Na23","93.52065551","PKLE"
"PKLE","287","Na23","86.08930434","PKLE"
"PKLE","288","Na23","*","PKLE"
"PKLE","289","Na23","119.3655507","PKLE"
"PKLE","290","Na23","*","PKLE"
"PKLE","292","Na23","*","PKLE"
"PKLE","293","Na23","30.37547067","PKLE"
"PKLE","294","Na23","34.9088901","PKLE"
"PKLE","296","Na23","114.2778938","PKLE"
"PKLE","297","Na23","123.592324","PKLE"
"PKLE","298","Na23","*","PKLE"
"PKLE","299","Na23","51.51512854","PKLE"
"PKLE","300","Na23","93.12916154","PKLE"
"PKLE","301","Na23","58.56440346","PKLE"
"PKLE","302","Na23","48.43388511","PKLE"
"PKLE","303","Na23","113.0274768","PKLE"
"PKLE","304","Na23","32.74485111","PKLE"
"PKLE","305","Na23","*","PKLE"
"PKLE","306","Na23","*","PKLE"
"PKLE","307","Na23","58.19928395","PKLE"
"PKLE","308","Na23","42.9655298","PKLE"
"PKLE","310","Na23","52.78504602","PKLE"
"PKLE","311","Na23","67.53326005","PKLE"
"PKLE","312","Na23","35.07847688","PKLE"
"PKLE","313","Na23","113.6016195","PKLE"
"PKLE","314","Na23","53.35372513","PKLE"
"PKLE","315","Na23","48.29161813","PKLE"
"PKLE","317","Na23","67.39116394","PKLE"
"PKLE","318","Na23","88.75671115","PKLE"
"PKLE","319","Na23","*","PKLE"
"PKLE","320","Na23","43.04576022","PKLE"
"PKLE","322","Na23","11.99075026","PKLE"
"PKLE","323","Na23","88.64586202","PKLE"
"PKLE","324","Na23","30.42877942","PKLE"
"PKLE","325","Na23","82.90407465","PKLE"
"PKLE","326","Na23","*","PKLE"
"PKLE","328","Na23","104.5151015","PKLE"
"PKLE","330","Na23","37.06815986","PKLE"
"PKLE","332","Na23","75.25366369","PKLE"
"PKLE","333","Na23","47.56916581","PKLE"
"PKLE","334","Na23","48.56658202","PKLE"
"PKLE","335","Na23","69.45124787","PKLE"
"PKLE","336","Na23","32.62193613","PKLE"
"PKLE","337","Na23","40.88638586","PKLE"
"PKLE","338","Na23","70.80822772","PKLE"
"PKLE","339","Na23","61.33712879","PKLE"
"PKLE","340","Na23","19.40628924","PKLE"
"PKLE","341","Na23","62.22691654","PKLE"
"PKLE","342","Na23","85.29112405","PKLE"
"PKLE","343","Na23","48.2352448","PKLE"
"PKLE","345","Na23","56.84846065","PKLE"
"PKLE","346","Na23","61.72987857","PKLE"
"PKLE","347","Na23","23.03188238","PKLE"
"PKLE","349","Na23","50.94943252","PKLE"
"PKLE","350","Na23","106.5370748","PKLE"
"PKLE","352","Na23","72.05170117","PKLE"
"PKLE","353","Na23","69.26987269","PKLE"
"PKLE","354","Na23","41.07189545","PKLE"
"PKLE","355","Na23","*","PKLE"
"PKLE","356","Na23","50.75906693","PKLE"
"PKLE","358","Na23","48.61946818","PKLE"
"PKLE","359","Na23","117.3095864","PKLE"
"PKLE","360","Na23","75.14644852","PKLE"
"PKLE","361","Na23","67.05307569","PKLE"
"PKLE","363","Na23","76.19621039","PKLE"
"PKLE","364","Na23","*","PKLE"
"PKLE","365","Na23","52.90891969","PKLE"
"PKLE","366","Na23","81.29583104","PKLE"
"PKLE","367","Na23","26.96878887","PKLE"
"PKLE","368","Na23","78.76078824","PKLE"
"PKLE","369","Na23","61.06624419","PKLE"
"PKLE","370","Na23","98.46247742","PKLE"
"PKLE","371","Na23","138.6462994","PKLE"
"PKLE","372","Na23","*","PKLE"
"PKLE","373","Na23","106.6421754","PKLE"
"PKLE","374","Na23","131.2057199","PKLE"
"PKLE","375","Na23","28.68508428","PKLE"
"PKLE","377","Na23","*","PKLE"
"PKLE","378","Na23","49.07545708","PKLE"
"PKLE","379","Na23","43.59320804","PKLE"
"PKLE","380","Na23","60.92912705","PKLE"
"PKLE","381","Na23","70.71725283","PKLE"
"PKLE","382","Na23","43.44034773","PKLE"
"PKLE","383","Na23","36.70351246","PKLE"
"PKLE","384","Na23","72.54740426","PKLE"
"PKLE","386","Na23","106.8337829","PKLE"
"PKLE","388","Na23","127.6930445","PKLE"
"PKLE","389","Na23","54.72388103","PKLE"
"PKLE","390","Na23","51.4923995","PKLE"
"PKLE","391","Na23","41.81564748","PKLE"
"PKLE","392","Na23","45.04321807","PKLE"
"PKLE","393","Na23","*","PKLE"
"PKLE","394","Na23","*","PKLE"
"PKLE","395","Na23","108.8343991","PKLE"
"PKLE","396","Na23","45.28544646","PKLE"
"PKLE","397","Na23","64.68573039","PKLE"
"PKLE","398","Na23","*","PKLE"
"PKLE","399","Na23","*","PKLE"
"PKLE","400","Na23","84.84577645","PKLE"
"PKLE","402","Na23","20.71738691","PKLE"
"PKLE","403","Na23","*","PKLE"
"PKLE","404","Na23","79.348649","PKLE"
"PKLE","405","Na23","46.70334999","PKLE"
"PKLE","406","Na23","48.63898087","PKLE"
"PKLE","407","Na23","19.80803163","PKLE"
"PKLE","408","Na23","67.96492391","PKLE"
"PKLE","409","Na23","47.43382761","PKLE"
"PKLE","410","Na23","30.3016022","PKLE"
"PKLE","411","Na23","90.9145975","PKLE"
"PKLE","412","Na23","63.67573001","PKLE"
"PKLE","413","Na23","53.10515333","PKLE"
"PKLE","414","Na23","98.74440684","PKLE"
"PKLE","415","Na23","*","PKLE"
"PKLE","416","Na23","31.91370815","PKLE"
"PKLE","417","Na23","109.990688","PKLE"
"PKLE","418","Na23","*","PKLE"
"PKLE","419","Na23","*","PKLE"
"PKLE","420","Na23","35.31485428","PKLE"
"PKLE","421","Na23","*","PKLE"
"PKLE","422","Na23","75.61721537","PKLE"
"PKLE","423","Na23","113.5979609","PKLE"
"PKLE","424","Na23","122.9066392","PKLE"
"PKLE","425","Na23","52.72184778","PKLE"
"PKLE","426","Na23","34.68568258","PKLE"
"PKLE","427","Na23","*","PKLE"
"PKLE","428","Na23","52.85809428","PKLE"
"PKLE","429","Na23","68.03699729","PKLE"
"PKLE","431","Na23","63.87713101","PKLE"
"PKLE","432","Na23","87.07991865","PKLE"
"PKLE","433","Na23","46.02100762","PKLE"
"PKLE","435","Na23","104.862882","PKLE"
"PKLE","436","Na23","31.55576614","PKLE"
"PKLE","437","Na23","40.70456895","PKLE"
"PKLE","438","Na23","86.52961672","PKLE"
"PKLE","439","Na23","54.62450308","PKLE"
"PKLE","440","Na23","44.04429817","PKLE"
"PKLE","442","Na23","89.38966138","PKLE"
"PKLE","443","Na23","*","PKLE"
"PKLE","444","Na23","*","PKLE"
"PKLE","445","Na23","93.33841763","PKLE"
"PKLE","446","Na23","65.02087573","PKLE"
"PKLE","447","Na23","54.95719994","PKLE"
"PKLE","448","Na23","31.87073568","PKLE"
"PKLE","449","Na23","36.21633511","PKLE"
"PKLE","450","Na23","48.23667671","PKLE"
"PKLE","451","Na23","106.2749919","PKLE"
"PKLE","452","Na23","66.9864379","PKLE"
"PKLE","453","Na23","132.2503578","PKLE"
"PKLE","454","Na23","*","PKLE"
"PKLE","455","Na23","99.24305159","PKLE"
"PKLE","456","Na23","*","PKLE"
"PKLE","458","Na23","126.3319005","PKLE"
"PKLE","459","Na23","34.33774289","PKLE"
"PKLE","460","Na23","63.13151414","PKLE"
"PKLE","461","Na23","111.0225951","PKLE"
"PKLE","462","Na23","83.73434324","PKLE"
"PKLE","463","Na23","55.651221925","PKLE"
"PKLE","464","Na23","*","PKLE"
"PKLE","465","Na23","89.71989971","PKLE"
"PKLE","466","Na23","58.53741533","PKLE"
"PKLE","467","Na23","*","PKLE"
"PKLE","468","Na23","28.97999798","PKLE"
"PKLE","469","Na23","31.21016474","PKLE"
"PKLE","470","Na23","104.1945838","PKLE"
"PKLE","471","Na23","116.7281153","PKLE"
"PKLE","472","Na23","67.09223285","PKLE"
"PKLE","473","Na23","37.54647268","PKLE"
"PKLE","474","Na23","22.57714869","PKLE"
"PKLE","475","Na23","65.33275094","PKLE"
"PKLE","476","Na23","24.52570556","PKLE"
"PKLE","477","Na23","45.10323382","PKLE"
"PKLE","479","Na23","36.24242533","PKLE"
"PKLE","480","Na23","134.5443221","PKLE"
"PKLE","482","Na23","111.5744201","PKLE"
"PKLE","483","Na23","92.45914961","PKLE"
"PKLE","484","Na23","16.83508539","PKLE"
"PKLE","485","Na23","52.62155969","PKLE"
"PKLE","486","Na23","45.53776498","PKLE"
"PKLE","487","Na23","93.87147953","PKLE"
"PKLE","488","Na23","131.7502031","PKLE"
"PKLE","489","Na23","*","PKLE"
"PKLE","491","Na23","20.40962914","PKLE"
"PKLE","492","Na23","98.60200855","PKLE"
"PKLE","493","Na23","33.31387845","PKLE"
"PKLE","494","Na23","35.69863522","PKLE"
"PKLE","495","Na23","*","PKLE"
"PKLE","496","Na23","24.59195678","PKLE"
"PKLE","497","Na23","26.6404497","PKLE"
"PKLE","498","Na23","47.61084581","PKLE"
"PKLE","499","Na23","102.7394086","PKLE"
"PKLE","500","Na23","133.8027152","PKLE"
"PKLE","501","Na23","89.30684697","PKLE"
"PKLE","502","Na23","*","PKLE"
"PKLE","503","Na23","66.50306863","PKLE"
"PKLE","504","Na23","44.92830482","PKLE"
"PKLE","505","Na23","51.21418794","PKLE"
"PKLE","506","Na23","103.7863475","PKLE"
"PKLE","507","Na23","90.31137428","PKLE"
"PKLE","508","Na23","99.45152086","PKLE"
"PKLE","511","Na23","29.49401401","PKLE"
"PKLE","512","Na23","*","PKLE"
"PKLE","513","Na23","28.0692388","PKLE"
"PKLE","514","Na23","*","PKLE"
"PKLE","515","Na23","55.71164929","PKLE"
"PKLE","516","Na23","16.50087664","PKLE"
"PKLE","518","Na23","99.92405307","PKLE"
"PKLE","519","Na23","*","PKLE"
"PKLE","520","Na23","55.81139997","PKLE"
"PKLE","521","Na23","64.33355707","PKLE"
"PKLE","522","Na23","128.4094759","PKLE"
"PKLE","523","Na23","138.488105","PKLE"
"PKLE","524","Na23","21.1066338","PKLE"
"PKLE","525","Na23","49.49925197","PKLE"
"PKLE","526","Na23","59.17138244","PKLE"
"PKLE","527","Na23","133.6997064","PKLE"
"PKLE","529","Na23","58.12079664","PKLE"
"PKLE","530","Na23","90.12105975","PKLE"
"PKLE","531","Na23","*","PKLE"
"PKLE","532","Na23","94.37106376","PKLE"
"PKLE","533","Na23","38.7080094","PKLE"
"PKLE","534","Na23","48.26769235","PKLE"
"PKLE","535","Na23","32.79940576","PKLE"
"PKLE","536","Na23","90.33807175","PKLE"
"PKLE","537","Na23","35.460854","PKLE"
"PKLE","539","Na23","84.9448796","PKLE"
"PKLE","540","Na23","97.93195168","PKLE"
"PKLE","541","Na23","18.49341739","PKLE"
"PKLE","542","Na23","67.204792","PKLE"
"PKLE","544","Na23","90.04973279","PKLE"
"PKLE","545","Na23","70.32725167","PKLE"
"PKLE","546","Na23","100.6492786","PKLE"
"PKLE","547","Na23","35.13680554","PKLE"
"PKLE","548","Na23","53.59222087","PKLE"
"PKLE","549","Na23","63.22582573","PKLE"
"PKLE","551","Na23","30.76785754","PKLE"
"PKLE","552","Na23","38.87883424","PKLE"
"PKLE","553","Na23","104.111482","PKLE"
"PKLE","555","Na23","66.04719567","PKLE"
"PKLE","556","Na23","45.1948735","PKLE"
"PKLE","557","Na23","*","PKLE"
"PKLE","558","Na23","117.8017321","PKLE"
"PKLE","559","Na23","61.49336363","PKLE"
"PKLE","560","Na23","27.85011252","PKLE"
"PKLE","562","Na23","*","PKLE"
"PKLE","563","Na23","32.8866041","PKLE"
"PKLE","564","Na23","*","PKLE"
"PKLE","565","Na23","58.38484409","PKLE"
"PKLE","566","Na23","60.35683578","PKLE"
"PKLE","567","Na23","22.464102","PKLE"
"PKLE","569","Na23","33.65029363","PKLE"
"PKLE","570","Na23","66.73437695","PKLE"
"PKLE","571","Na23","*","PKLE"
"PKLE","572","Na23","124.5165354","PKLE"
"PKLE","573","Na23","72.47333047","PKLE"
"PKLE","574","Na23","23.47739108","PKLE"
"PKLE","576","Na23","*","PKLE"
"PKLE","577","Na23","91.87232502","PKLE"
"PKLE","578","Na23","27.40768038","PKLE"
"PKLE","579","Na23","*","PKLE"
"PKLE","580","Na23","51.32398496","PKLE"
"PKLE","581","Na23","16.33129212","PKLE"
"PKLE","583","Na23","58.36598258","PKLE"
"PKLE","584","Na23","101.2694273","PKLE"
"PKLE","585","Na23","33.07553124","PKLE"
"PKLE","586","Na23","96.10111828","PKLE"
"PKLE","588","Na23","*","PKLE"
"PKLE","589","Na23","53.86559974","PKLE"
"PKLE","592","Na23","21.93728403","PKLE"
"PKLE","593","Na23","67.44128057","PKLE"
"PKLE","594","Na23","101.3318151","PKLE"
"PKLE","595","Na23","29.42782165","PKLE"
"PKLE","596","Na23","101.7105459","PKLE"
"PKLE","597","Na23","*","PKLE"
"PKLE","598","Na23","45.52488257","PKLE"
"PKLE","599","Na23","61.736107865","PKLE"
"PKLE","600","Na23","37.30930701","PKLE"
"PKLE","601","Na23","35.5664986","PKLE"
"PKLE","602","Na23","40.24017921","PKLE"
"PKLE","603","Na23","28.5078378","PKLE"
"PKLE","604","Na23","61.10056979","PKLE"
"PKLE","605","Na23","48.78140951","PKLE"
"PKLE","606","Na23","*","PKLE"
"PKLE","608","Na23","66.81266069","PKLE"
"PKLE","609","Na23","74.009691","PKLE"
"PKLE","610","Na23","54.89793897","PKLE"
"PKLE","611","Na23","88.58052077","PKLE"
"PKLE","612","Na23","111.9915753","PKLE"
"PKLE","613","Na23","104.3628568","PKLE"
"PKLE","614","Na23","72.20226076","PKLE"
"PKLE","618","Na23","54.92181896","PKLE"
"PKLE","619","Na23","66.71184376","PKLE"
"PKLE","620","Na23","26.9977354","PKLE"
"PKLE","621","Na23","46.40315112","PKLE"
"PKLE","622","Na23","67.76999982","PKLE"
"PKLE","623","Na23","*","PKLE"
"PKLE","624","Na23","90.41435541","PKLE"
"PKLE","625","Na23","*","PKLE"
"PKLE","627","Na23","37.46175969","PKLE"
"PKLE","628","Na23","128.6073395","PKLE"
"PKLE","629","Na23","94.91690594","PKLE"
"PKLE","630","Na23","*","PKLE"
"PKLE","632","Na23","27.85540273","PKLE"
"PKLE","633","Na23","104.9353889","PKLE"
"PKLE","634","Na23","91.53837037","PKLE"
"PKLE","635","Na23","108.5017158","PKLE"
"PKLE","636","Na23","45.05848308","PKLE"
"PKLE","637","Na23","46.34258468","PKLE"
"PKLE","638","Na23","54.67589569","PKLE"
"PKLE","639","Na23","60.48298275","PKLE"
"PKLE","640","Na23","76.79211335","PKLE"
"PKLE","641","Na23","*","PKLE"
"PKLE","642","Na23","*","PKLE"
"PKLE","643","Na23","68.8781868","PKLE"
"PKLE","644","Na23","50.37490922","PKLE"
"PKLE","645","Na23","*","PKLE"
"PKLE","647","Na23","21.27545964","PKLE"
"PKLE","648","Na23","36.91067902","PKLE"
"PKLE","649","Na23","29.0691881","PKLE"
"PKLE","652","Na23","*","PKLE"
"PKLE","654","Na23","29.25400486","PKLE"
"PKLE","655","Na23","95.22168114","PKLE"
"PKLE","656","Na23","36.36296247","PKLE"
"PKLE","657","Na23","76.32772755","PKLE"
"PKLE","658","Na23","84.74084853","PKLE"
"PKLE","660","Na23","101.5985754","PKLE"
"PKLE","661","Na23","100.9207546","PKLE"
"PKLE","663","Na23","130.4749931","PKLE"
"PKLE","664","Na23","31.22822016","PKLE"
"PKLE","666","Na23","31.52347847","PKLE"
"PKLE","667","Na23","87.27913948","PKLE"
"PKLE","668","Na23","34.10641803","PKLE"
"PKLE","669","Na23","70.89238087","PKLE"
"PKLE","670","Na23","33.92978767","PKLE"
"PKLE","671","Na23","*","PKLE"
"PKLE","672","Na23","110.478476","PKLE"
"PKLE","673","Na23","39.58387618","PKLE"
"PKLE","674","Na23","34.09104038","PKLE"
"PKLE","675","Na23","78.34585254","PKLE"
"PKLE","677","Na23","51.66735949","PKLE"
"PKLE","679","Na23","*","PKLE"
"PKLE","680","Na23","59.01064056","PKLE"
"PKLE","681","Na23","131.2426587","PKLE"
"PKLE","682","Na23","59.35173921","PKLE"
"PKLE","683","Na23","48.12733137","PKLE"
"PKLE","684","Na23","51.88229498","PKLE"
"PKLE","685","Na23","49.43261641","PKLE"
"PKLE","686","Na23","68.45507493","PKLE"
"PKLE","689","Na23","41.92087412","PKLE"
"PKLE","690","Na23","*","PKLE"
"PKLE","691","Na23","86.71895599","PKLE"
"PKLE","692","Na23","79.09010483","PKLE"
"PKLE","693","Na23","111.358085","PKLE"
"PKLE","694","Na23","70.54953663","PKLE"
"PKLE","695","Na23","56.66767517","PKLE"
"PKLE","696","Na23","106.2595135","PKLE"
"PKLE","697","Na23","29.8350793","PKLE"
"PKLE","698","Na23","26.11025216","PKLE"
"PKLE","699","Na23","33.90513398","PKLE"
"PKLE","700","Na23","*","PKLE"
"PKLE","702","Na23","18.20934877","PKLE"
"PKLE","703","Na23","55.35310133","PKLE"
"PKLE","704","Na23","51.17620782","PKLE"
"PKLE","705","Na23","57.93707378","PKLE"
"PKLE","706","Na23","87.12941379","PKLE"
"PKLE","707","Na23","*","PKLE"
"PKLE","708","Na23","108.9670996","PKLE"
"PKLE","710","Na23","43.97937972","PKLE"
"PKLE","711","Na23","101.1946499","PKLE"
"PKLE","712","Na23","19.80548706","PKLE"
"PKLE","713","Na23","56.652261","PKLE"
"PKLE","714","Na23","60.38101061","PKLE"
"PKLE","715","Na23","77.28955636","PKLE"
"PKLE","716","Na23","*","PKLE"
"PKLE","718","Na23","17.5255626465","PKLE"
"PKLE","719","Na23","97.52290545","PKLE"
"PKLE","720","Na23","37.17249789","PKLE"
"PKLE","721","Na23","52.71349867","PKLE"
"PKLE","722","Na23","62.28392933","PKLE"
"PKLE","723","Na23","66.6036263","PKLE"
"PKLE","724","Na23","117.117765","PKLE"
"PKLE","725","Na23","86.09239879","PKLE"
"PKLE","726","Na23","90.66336","PKLE"
"PKLE","729","Na23","95.95962711","PKLE"
"PKLE","730","Na23","65.58316986","PKLE"
"PKLE","731","Na23","102.5134995","PKLE"
"PKLE","732","Na23","*","PKLE"
"PKLE","733","Na23","37.57222898","PKLE"
"PKLE","734","Na23","73.07689848","PKLE"
"PKLE","735","Na23","25.9889292","PKLE"
"PKLE","736","Na23","96.76189969","PKLE"
"PKLE","737","Na23","103.6704249","PKLE"
"PKLE","738","Na23","125.9995871","PKLE"
"PKLE","739","Na23","32.62426982","PKLE"
"PKLE","740","Na23","129.5641727","PKLE"
"PKLE","742","Na23","53.11059236","PKLE"
"PKLE","743","Na23","*","PKLE"
"PKLE","744","Na23","*","PKLE"
"PKLE","745","Na23","119.0192564","PKLE"
"PKLE","746","Na23","72.90806964","PKLE"
"PKLE","748","Na23","89.85846256","PKLE"
"PKLE","749","Na23","36.91449222","PKLE"
"PKLE","750","Na23","137.3653082","PKLE"
"PKLE","751","Na23","37.18934296","PKLE"
"PKLE","752","Na23","66.05083226","PKLE"
"PKLE","753","Na23","82.80951399","PKLE"
"PKLE","755","Na23","*","PKLE"
"PKLE","756","Na23","37.76611127","PKLE"
"PKLE","757","Na23","36.69221581","PKLE"
"PKLE","758","Na23","41.65399816","PKLE"
"PKLE","759","Na23","64.81249591","PKLE"
"PKLE","760","Na23","*","PKLE"
"PKLE","761","Na23","69.86128479","PKLE"
"PKLE","762","Na23","83.49402354","PKLE"
"PKLE","763","Na23","*","PKLE"
"PKLE","764","Na23","*","PKLE"
"PKLE","765","Na23","59.45622379","PKLE"
"PKLE","766","Na23","56.3010418","PKLE"
"PKLE","767","Na23","26.2648289","PKLE"
"PKLE","768","Na23","30.77006082","PKLE"
"PKLE","770","Na23","62.24108217","PKLE"
"PKLE","771","Na23","95.53681898","PKLE"
"PKLE","772","Na23","90.60832602","PKLE"
"PKLE","773","Na23","49.48732898","PKLE"
"PKLE","774","Na23","23.51601304","PKLE"
"PKLE","775","Na23","105.2276446","PKLE"
"PKLE","776","Na23","60.12814008","PKLE"
"PKLE","777","Na23","78.09715391","PKLE"
"PKLE","778","Na23","56.26812839","PKLE"
"PKLE","779","Na23","31.12221713","PKLE"
"PKLE","780","Na23","61.23239264","PKLE"
"PKLE","781","Na23","60.33145059","PKLE"
"PKLE","782","Na23","53.98080864","PKLE"
"PKLE","783","Na23","98.97986848","PKLE"
"PKLE","784","Na23","72.86458005","PKLE"
"PKLE","785","Na23","82.06055694","PKLE"
"PKLE","786","Na23","31.56677521","PKLE"
"PKLE","787","Na23","*","PKLE"
"PKLE","788","Na23","65.59626134","PKLE"
"PKLE","789","Na23","111.3108311","PKLE"
"PKLE","790","Na23","39.45444959","PKLE"
"PKLE","792","Na23","72.74734695","PKLE"
"PKLE","794","Na23","44.37135413","PKLE"
"PKLE","795","Na23","14.13898002","PKLE"
"PKLE","796","Na23","62.2218853","PKLE"
"PKLE","797","Na23","29.56653081","PKLE"
"PKLE","799","Na23","80.06397741","PKLE"
"PKLE","800","Na23","22.36736744","PKLE"
"PKLE","801","Na23","74.76324864","PKLE"
"PKLE","802","Na23","125.4261495","PKLE"
"PKLE","803","Na23","28.8322602","PKLE"
"PKLE","804","Na23","58.20768569","PKLE"
"PKLE","805","Na23","*","PKLE"
"PKLE","806","Na23","46.8271272","PKLE"
"PKLE","808","Na23","40.22095551","PKLE"
"PKLE","809","Na23","84.94001216","PKLE"
"PKLE","810","Na23","59.9816039","PKLE"
"PKLE","811","Na23","16.06118267","PKLE"
"PKLE","812","Na23","*","PKLE"
"PKLE","813","Na23","47.05435687","PKLE"
"PKLE","814","Na23","57.22887622","PKLE"
"PKLE","815","Na23","43.55973925","PKLE"
"PKLE","816","Na23","67.73926071","PKLE"
"PKLE","817","Na23","*","PKLE"
"PKLE","818","Na23","93.4267487","PKLE"
"PKLE","819","Na23","*","PKLE"
"PKLE","820","Na23","*","PKLE"
"PKLE","821","Na23","56.13455292","PKLE"
"PKLE","822","Na23","50.46829924","PKLE"
"PKLE","823","Na23","*","PKLE"
"PKLE","824","Na23","57.79690019","PKLE"
"PKLE","825","Na23","94.54182505","PKLE"
