"SITE","LINE","traits","SampleWeight","SITE2"
"CLMB","1","SampleWeight","84.9","CLMB"
"CLMB","2","SampleWeight","89.8","CLMB"
"CLMB","3","SampleWeight","84.7","CLMB"
"CLMB","4","SampleWeight","75.4","CLMB"
"CLMB","5","SampleWeight","76.4","CLMB"
"CLMB","7","SampleWeight","86.9","CLMB"
"CLMB","8","SampleWeight","*","CLMB"
"CLMB","9","SampleWeight","82.7","CLMB"
"CLMB","10","SampleWeight","*","CLMB"
"CLMB","11","SampleWeight","90.4","CLMB"
"CLMB","12","SampleWeight","75.8","CLMB"
"CLMB","13","SampleWeight","80.1","CLMB"
"CLMB","14","SampleWeight","*","CLMB"
"CLMB","15","SampleWeight","80.4","CLMB"
"CLMB","16","SampleWeight","*","CLMB"
"CLMB","17","SampleWeight","79.8","CLMB"
"CLMB","18","SampleWeight","*","CLMB"
"CLMB","19","SampleWeight","77.5","CLMB"
"CLMB","20","SampleWeight","87.5","CLMB"
"CLMB","21","SampleWeight","76.7","CLMB"
"CLMB","22","SampleWeight","*","CLMB"
"CLMB","23","SampleWeight","91.3","CLMB"
"CLMB","24","SampleWeight","78.1","CLMB"
"CLMB","25","SampleWeight","85.1","CLMB"
"CLMB","26","SampleWeight","73.2","CLMB"
"CLMB","27","SampleWeight","75.1","CLMB"
"CLMB","28","SampleWeight","83.1","CLMB"
"CLMB","29","SampleWeight","*","CLMB"
"CLMB","30","SampleWeight","82.8","CLMB"
"CLMB","31","SampleWeight","*","CLMB"
"CLMB","32","SampleWeight","76.6","CLMB"
"CLMB","33","SampleWeight","74.6","CLMB"
"CLMB","34","SampleWeight","82.7","CLMB"
"CLMB","35","SampleWeight","82.1","CLMB"
"CLMB","36","SampleWeight","87.1","CLMB"
"CLMB","37","SampleWeight","79.8","CLMB"
"CLMB","38","SampleWeight","75","CLMB"
"CLMB","39","SampleWeight","92.6","CLMB"
"CLMB","40","SampleWeight","80.5","CLMB"
"CLMB","41","SampleWeight","75.6","CLMB"
"CLMB","42","SampleWeight","*","CLMB"
"CLMB","43","SampleWeight","77.3","CLMB"
"CLMB","44","SampleWeight","75.4","CLMB"
"CLMB","46","SampleWeight","86.6","CLMB"
"CLMB","48","SampleWeight","76.3","CLMB"
"CLMB","49","SampleWeight","74.2","CLMB"
"CLMB","50","SampleWeight","76.3","CLMB"
"CLMB","52","SampleWeight","79.3","CLMB"
"CLMB","53","SampleWeight","78.3","CLMB"
"CLMB","54","SampleWeight","79.2","CLMB"
"CLMB","55","SampleWeight","84.1","CLMB"
"CLMB","56","SampleWeight","*","CLMB"
"CLMB","57","SampleWeight","78.5","CLMB"
"CLMB","58","SampleWeight","*","CLMB"
"CLMB","59","SampleWeight","80.5","CLMB"
"CLMB","60","SampleWeight","76.4","CLMB"
"CLMB","61","SampleWeight","88.8","CLMB"
"CLMB","62","SampleWeight","75.4","CLMB"
"CLMB","63","SampleWeight","83.5","CLMB"
"CLMB","64","SampleWeight","*","CLMB"
"CLMB","65","SampleWeight","90.3","CLMB"
"CLMB","66","SampleWeight","85.8","CLMB"
"CLMB","67","SampleWeight","85.5","CLMB"
"CLMB","68","SampleWeight","78.5","CLMB"
"CLMB","69","SampleWeight","87","CLMB"
"CLMB","70","SampleWeight","*","CLMB"
"CLMB","71","SampleWeight","86.7","CLMB"
"CLMB","72","SampleWeight","82.7","CLMB"
"CLMB","73","SampleWeight","92.6","CLMB"
"CLMB","74","SampleWeight","80","CLMB"
"CLMB","75","SampleWeight","91.5","CLMB"
"CLMB","76","SampleWeight","79.7","CLMB"
"CLMB","77","SampleWeight","*","CLMB"
"CLMB","78","SampleWeight","87.1","CLMB"
"CLMB","79","SampleWeight","85.9","CLMB"
"CLMB","80","SampleWeight","90","CLMB"
"CLMB","81","SampleWeight","*","CLMB"
"CLMB","83","SampleWeight","79.2","CLMB"
"CLMB","84","SampleWeight","*","CLMB"
"CLMB","85","SampleWeight","91.6","CLMB"
"CLMB","86","SampleWeight","80.6","CLMB"
"CLMB","87","SampleWeight","84.3","CLMB"
"CLMB","88","SampleWeight","86.4","CLMB"
"CLMB","89","SampleWeight","81","CLMB"
"CLMB","90","SampleWeight","78.7","CLMB"
"CLMB","91","SampleWeight","86.6","CLMB"
"CLMB","93","SampleWeight","83.8","CLMB"
"CLMB","94","SampleWeight","83.3","CLMB"
"CLMB","95","SampleWeight","*","CLMB"
"CLMB","96","SampleWeight","*","CLMB"
"CLMB","97","SampleWeight","74.8","CLMB"
"CLMB","99","SampleWeight","77","CLMB"
"CLMB","100","SampleWeight","95.4","CLMB"
"CLMB","101","SampleWeight","*","CLMB"
"CLMB","102","SampleWeight","82.2","CLMB"
"CLMB","103","SampleWeight","85.1","CLMB"
"CLMB","104","SampleWeight","86.1","CLMB"
"CLMB","105","SampleWeight","87.2","CLMB"
"CLMB","106","SampleWeight","81.8","CLMB"
"CLMB","107","SampleWeight","76.6","CLMB"
"CLMB","110","SampleWeight","79.2","CLMB"
"CLMB","111","SampleWeight","82.9","CLMB"
"CLMB","112","SampleWeight","83.7","CLMB"
"CLMB","113","SampleWeight","*","CLMB"
"CLMB","114","SampleWeight","91.4","CLMB"
"CLMB","115","SampleWeight","*","CLMB"
"CLMB","116","SampleWeight","79.8","CLMB"
"CLMB","117","SampleWeight","90.7","CLMB"
"CLMB","118","SampleWeight","92.9","CLMB"
"CLMB","119","SampleWeight","78.1","CLMB"
"CLMB","120","SampleWeight","80.9","CLMB"
"CLMB","122","SampleWeight","79.4","CLMB"
"CLMB","123","SampleWeight","85.4","CLMB"
"CLMB","125","SampleWeight","85.8","CLMB"
"CLMB","126","SampleWeight","*","CLMB"
"CLMB","127","SampleWeight","*","CLMB"
"CLMB","128","SampleWeight","88.3","CLMB"
"CLMB","130","SampleWeight","81.8","CLMB"
"CLMB","131","SampleWeight","78.5","CLMB"
"CLMB","132","SampleWeight","87.1","CLMB"
"CLMB","134","SampleWeight","96.1","CLMB"
"CLMB","135","SampleWeight","83.9","CLMB"
"CLMB","136","SampleWeight","*","CLMB"
"CLMB","137","SampleWeight","76.8","CLMB"
"CLMB","138","SampleWeight","*","CLMB"
"CLMB","139","SampleWeight","*","CLMB"
"CLMB","141","SampleWeight","75.4","CLMB"
"CLMB","142","SampleWeight","77.4","CLMB"
"CLMB","143","SampleWeight","79.8","CLMB"
"CLMB","144","SampleWeight","*","CLMB"
"CLMB","145","SampleWeight","86.2","CLMB"
"CLMB","146","SampleWeight","*","CLMB"
"CLMB","147","SampleWeight","87.5","CLMB"
"CLMB","148","SampleWeight","*","CLMB"
"CLMB","150","SampleWeight","80","CLMB"
"CLMB","151","SampleWeight","82.7","CLMB"
"CLMB","152","SampleWeight","*","CLMB"
"CLMB","153","SampleWeight","77.9","CLMB"
"CLMB","154","SampleWeight","95.7","CLMB"
"CLMB","155","SampleWeight","81.9","CLMB"
"CLMB","156","SampleWeight","79.6","CLMB"
"CLMB","157","SampleWeight","84.9","CLMB"
"CLMB","158","SampleWeight","84.2","CLMB"
"CLMB","159","SampleWeight","84.8","CLMB"
"CLMB","161","SampleWeight","74.8","CLMB"
"CLMB","163","SampleWeight","79.1","CLMB"
"CLMB","164","SampleWeight","82","CLMB"
"CLMB","166","SampleWeight","77.6","CLMB"
"CLMB","167","SampleWeight","84.2","CLMB"
"CLMB","168","SampleWeight","80.4","CLMB"
"CLMB","169","SampleWeight","*","CLMB"
"CLMB","170","SampleWeight","90.5","CLMB"
"CLMB","171","SampleWeight","83.7","CLMB"
"CLMB","172","SampleWeight","90.7","CLMB"
"CLMB","173","SampleWeight","81.8","CLMB"
"CLMB","174","SampleWeight","82.5","CLMB"
"CLMB","175","SampleWeight","80.7","CLMB"
"CLMB","176","SampleWeight","74.8","CLMB"
"CLMB","177","SampleWeight","89.8","CLMB"
"CLMB","178","SampleWeight","86.8","CLMB"
"CLMB","179","SampleWeight","86.5","CLMB"
"CLMB","180","SampleWeight","83.3","CLMB"
"CLMB","181","SampleWeight","83.2","CLMB"
"CLMB","182","SampleWeight","79.7","CLMB"
"CLMB","184","SampleWeight","74.5","CLMB"
"CLMB","185","SampleWeight","88.6","CLMB"
"CLMB","186","SampleWeight","89.8","CLMB"
"CLMB","187","SampleWeight","77.5","CLMB"
"CLMB","188","SampleWeight","81.6","CLMB"
"CLMB","189","SampleWeight","*","CLMB"
"CLMB","190","SampleWeight","*","CLMB"
"CLMB","191","SampleWeight","81.1","CLMB"
"CLMB","192","SampleWeight","78.7","CLMB"
"CLMB","193","SampleWeight","86.6","CLMB"
"CLMB","194","SampleWeight","77.3","CLMB"
"CLMB","195","SampleWeight","85.6","CLMB"
"CLMB","196","SampleWeight","97.3","CLMB"
"CLMB","197","SampleWeight","89.3","CLMB"
"CLMB","198","SampleWeight","87.7","CLMB"
"CLMB","199","SampleWeight","77.6","CLMB"
"CLMB","200","SampleWeight","89.2","CLMB"
"CLMB","201","SampleWeight","*","CLMB"
"CLMB","203","SampleWeight","78.8","CLMB"
"CLMB","204","SampleWeight","82","CLMB"
"CLMB","205","SampleWeight","*","CLMB"
"CLMB","207","SampleWeight","75.7","CLMB"
"CLMB","208","SampleWeight","*","CLMB"
"CLMB","209","SampleWeight","72.5","CLMB"
"CLMB","210","SampleWeight","77.6","CLMB"
"CLMB","211","SampleWeight","93.6","CLMB"
"CLMB","212","SampleWeight","81.1","CLMB"
"CLMB","213","SampleWeight","80.2","CLMB"
"CLMB","214","SampleWeight","*","CLMB"
"CLMB","215","SampleWeight","81","CLMB"
"CLMB","216","SampleWeight","83.6","CLMB"
"CLMB","217","SampleWeight","*","CLMB"
"CLMB","218","SampleWeight","88.4","CLMB"
"CLMB","219","SampleWeight","82.4","CLMB"
"CLMB","220","SampleWeight","*","CLMB"
"CLMB","221","SampleWeight","78.3","CLMB"
"CLMB","222","SampleWeight","81.1","CLMB"
"CLMB","223","SampleWeight","78.2","CLMB"
"CLMB","224","SampleWeight","83.2","CLMB"
"CLMB","225","SampleWeight","94.5","CLMB"
"CLMB","226","SampleWeight","76.3","CLMB"
"CLMB","227","SampleWeight","91.4","CLMB"
"CLMB","228","SampleWeight","90.8","CLMB"
"CLMB","229","SampleWeight","91.8","CLMB"
"CLMB","230","SampleWeight","*","CLMB"
"CLMB","231","SampleWeight","78.7","CLMB"
"CLMB","232","SampleWeight","80.4","CLMB"
"CLMB","233","SampleWeight","74.8","CLMB"
"CLMB","234","SampleWeight","84","CLMB"
"CLMB","235","SampleWeight","82.65","CLMB"
"CLMB","236","SampleWeight","78.8","CLMB"
"CLMB","237","SampleWeight","75.8","CLMB"
"CLMB","238","SampleWeight","83.9","CLMB"
"CLMB","239","SampleWeight","81.8","CLMB"
"CLMB","240","SampleWeight","87.8","CLMB"
"CLMB","241","SampleWeight","83.1","CLMB"
"CLMB","242","SampleWeight","82.1","CLMB"
"CLMB","243","SampleWeight","83.5","CLMB"
"CLMB","244","SampleWeight","89","CLMB"
"CLMB","245","SampleWeight","84.3","CLMB"
"CLMB","246","SampleWeight","73.4","CLMB"
"CLMB","247","SampleWeight","81.4","CLMB"
"CLMB","248","SampleWeight","85","CLMB"
"CLMB","249","SampleWeight","85.6","CLMB"
"CLMB","250","SampleWeight","79.9","CLMB"
"CLMB","251","SampleWeight","90.2","CLMB"
"CLMB","252","SampleWeight","76.8","CLMB"
"CLMB","253","SampleWeight","78.5","CLMB"
"CLMB","254","SampleWeight","77.8","CLMB"
"CLMB","255","SampleWeight","94.7","CLMB"
"CLMB","256","SampleWeight","83.5","CLMB"
"CLMB","257","SampleWeight","86.2","CLMB"
"CLMB","258","SampleWeight","81.6","CLMB"
"CLMB","259","SampleWeight","*","CLMB"
"CLMB","260","SampleWeight","86.3","CLMB"
"CLMB","261","SampleWeight","93.6","CLMB"
"CLMB","262","SampleWeight","98.4","CLMB"
"CLMB","263","SampleWeight","75.6","CLMB"
"CLMB","264","SampleWeight","81.5","CLMB"
"CLMB","265","SampleWeight","77.5","CLMB"
"CLMB","267","SampleWeight","81.9","CLMB"
"CLMB","268","SampleWeight","*","CLMB"
"CLMB","269","SampleWeight","87.6","CLMB"
"CLMB","270","SampleWeight","80.8","CLMB"
"CLMB","271","SampleWeight","84.3","CLMB"
"CLMB","272","SampleWeight","78.9","CLMB"
"CLMB","273","SampleWeight","*","CLMB"
"CLMB","274","SampleWeight","79.6","CLMB"
"CLMB","275","SampleWeight","76.1","CLMB"
"CLMB","276","SampleWeight","*","CLMB"
"CLMB","277","SampleWeight","78.6","CLMB"
"CLMB","278","SampleWeight","79.8","CLMB"
"CLMB","279","SampleWeight","91.2","CLMB"
"CLMB","281","SampleWeight","*","CLMB"
"CLMB","282","SampleWeight","79.55","CLMB"
"CLMB","283","SampleWeight","*","CLMB"
"CLMB","284","SampleWeight","88","CLMB"
"CLMB","285","SampleWeight","78.8","CLMB"
"CLMB","286","SampleWeight","75.8","CLMB"
"CLMB","287","SampleWeight","75.8","CLMB"
"CLMB","288","SampleWeight","78.6","CLMB"
"CLMB","289","SampleWeight","77.8","CLMB"
"CLMB","290","SampleWeight","90.8","CLMB"
"CLMB","292","SampleWeight","87.5","CLMB"
"CLMB","293","SampleWeight","75.4","CLMB"
"CLMB","294","SampleWeight","85.4","CLMB"
"CLMB","296","SampleWeight","83.4","CLMB"
"CLMB","297","SampleWeight","80.8","CLMB"
"CLMB","298","SampleWeight","78.2","CLMB"
"CLMB","299","SampleWeight","84.6","CLMB"
"CLMB","300","SampleWeight","*","CLMB"
"CLMB","301","SampleWeight","85.1","CLMB"
"CLMB","302","SampleWeight","90.3","CLMB"
"CLMB","303","SampleWeight","77.6","CLMB"
"CLMB","304","SampleWeight","88.7","CLMB"
"CLMB","305","SampleWeight","87.2","CLMB"
"CLMB","306","SampleWeight","*","CLMB"
"CLMB","307","SampleWeight","93.5","CLMB"
"CLMB","308","SampleWeight","80.2","CLMB"
"CLMB","310","SampleWeight","86.9","CLMB"
"CLMB","311","SampleWeight","83.2","CLMB"
"CLMB","312","SampleWeight","87.4","CLMB"
"CLMB","313","SampleWeight","84.7","CLMB"
"CLMB","314","SampleWeight","83.8","CLMB"
"CLMB","315","SampleWeight","94.2","CLMB"
"CLMB","317","SampleWeight","76","CLMB"
"CLMB","318","SampleWeight","82","CLMB"
"CLMB","319","SampleWeight","95","CLMB"
"CLMB","320","SampleWeight","77.4","CLMB"
"CLMB","322","SampleWeight","84.4","CLMB"
"CLMB","323","SampleWeight","84.5","CLMB"
"CLMB","324","SampleWeight","76.6","CLMB"
"CLMB","325","SampleWeight","80.4","CLMB"
"CLMB","326","SampleWeight","84.4","CLMB"
"CLMB","328","SampleWeight","84.9","CLMB"
"CLMB","330","SampleWeight","80.9","CLMB"
"CLMB","332","SampleWeight","81.9","CLMB"
"CLMB","333","SampleWeight","85.7","CLMB"
"CLMB","334","SampleWeight","84.2","CLMB"
"CLMB","335","SampleWeight","*","CLMB"
"CLMB","336","SampleWeight","91.2","CLMB"
"CLMB","337","SampleWeight","85.6","CLMB"
"CLMB","338","SampleWeight","96.3","CLMB"
"CLMB","339","SampleWeight","78","CLMB"
"CLMB","340","SampleWeight","*","CLMB"
"CLMB","341","SampleWeight","80.7","CLMB"
"CLMB","342","SampleWeight","77.7","CLMB"
"CLMB","343","SampleWeight","83.3","CLMB"
"CLMB","345","SampleWeight","79.3","CLMB"
"CLMB","346","SampleWeight","*","CLMB"
"CLMB","347","SampleWeight","87.4","CLMB"
"CLMB","349","SampleWeight","*","CLMB"
"CLMB","350","SampleWeight","89.6","CLMB"
"CLMB","352","SampleWeight","80.4","CLMB"
"CLMB","353","SampleWeight","79.3","CLMB"
"CLMB","354","SampleWeight","85.3","CLMB"
"CLMB","355","SampleWeight","79.4","CLMB"
"CLMB","356","SampleWeight","74.6","CLMB"
"CLMB","358","SampleWeight","80.6","CLMB"
"CLMB","359","SampleWeight","81.5","CLMB"
"CLMB","360","SampleWeight","88","CLMB"
"CLMB","361","SampleWeight","89.6","CLMB"
"CLMB","363","SampleWeight","*","CLMB"
"CLMB","364","SampleWeight","90.8","CLMB"
"CLMB","365","SampleWeight","76.9","CLMB"
"CLMB","366","SampleWeight","77.1","CLMB"
"CLMB","367","SampleWeight","87.3","CLMB"
"CLMB","368","SampleWeight","93.8","CLMB"
"CLMB","369","SampleWeight","*","CLMB"
"CLMB","370","SampleWeight","84.7","CLMB"
"CLMB","371","SampleWeight","89.7","CLMB"
"CLMB","372","SampleWeight","*","CLMB"
"CLMB","373","SampleWeight","97.9","CLMB"
"CLMB","374","SampleWeight","80.1","CLMB"
"CLMB","375","SampleWeight","89.9","CLMB"
"CLMB","377","SampleWeight","87.8","CLMB"
"CLMB","378","SampleWeight","84.4","CLMB"
"CLMB","379","SampleWeight","82.2","CLMB"
"CLMB","380","SampleWeight","81.8","CLMB"
"CLMB","381","SampleWeight","83.7","CLMB"
"CLMB","382","SampleWeight","90.2","CLMB"
"CLMB","383","SampleWeight","89.9","CLMB"
"CLMB","384","SampleWeight","*","CLMB"
"CLMB","386","SampleWeight","78.1","CLMB"
"CLMB","388","SampleWeight","94","CLMB"
"CLMB","389","SampleWeight","84.3","CLMB"
"CLMB","390","SampleWeight","75.2","CLMB"
"CLMB","391","SampleWeight","*","CLMB"
"CLMB","392","SampleWeight","78.8","CLMB"
"CLMB","393","SampleWeight","84","CLMB"
"CLMB","394","SampleWeight","*","CLMB"
"CLMB","395","SampleWeight","76.9","CLMB"
"CLMB","396","SampleWeight","80","CLMB"
"CLMB","397","SampleWeight","76.6","CLMB"
"CLMB","398","SampleWeight","93.1","CLMB"
"CLMB","399","SampleWeight","81.6","CLMB"
"CLMB","400","SampleWeight","76.4","CLMB"
"CLMB","402","SampleWeight","90.8","CLMB"
"CLMB","403","SampleWeight","81.8","CLMB"
"CLMB","404","SampleWeight","79.7","CLMB"
"CLMB","405","SampleWeight","76.6","CLMB"
"CLMB","406","SampleWeight","76","CLMB"
"CLMB","407","SampleWeight","89.1","CLMB"
"CLMB","408","SampleWeight","77.6","CLMB"
"CLMB","409","SampleWeight","87.6","CLMB"
"CLMB","410","SampleWeight","83.3","CLMB"
"CLMB","411","SampleWeight","77","CLMB"
"CLMB","412","SampleWeight","79.8","CLMB"
"CLMB","413","SampleWeight","87.4","CLMB"
"CLMB","414","SampleWeight","87.7","CLMB"
"CLMB","415","SampleWeight","81.6","CLMB"
"CLMB","416","SampleWeight","*","CLMB"
"CLMB","417","SampleWeight","88.8","CLMB"
"CLMB","418","SampleWeight","79","CLMB"
"CLMB","419","SampleWeight","74.4","CLMB"
"CLMB","420","SampleWeight","90.7","CLMB"
"CLMB","421","SampleWeight","92.6","CLMB"
"CLMB","422","SampleWeight","78.5","CLMB"
"CLMB","423","SampleWeight","75.9","CLMB"
"CLMB","424","SampleWeight","88.5","CLMB"
"CLMB","425","SampleWeight","76.1","CLMB"
"CLMB","426","SampleWeight","75.9","CLMB"
"CLMB","427","SampleWeight","*","CLMB"
"CLMB","428","SampleWeight","90.1","CLMB"
"CLMB","429","SampleWeight","94.4","CLMB"
"CLMB","431","SampleWeight","83.6","CLMB"
"CLMB","432","SampleWeight","88.3","CLMB"
"CLMB","433","SampleWeight","88.8","CLMB"
"CLMB","435","SampleWeight","79","CLMB"
"CLMB","436","SampleWeight","80.8","CLMB"
"CLMB","437","SampleWeight","87.8","CLMB"
"CLMB","438","SampleWeight","77.6","CLMB"
"CLMB","439","SampleWeight","94.7","CLMB"
"CLMB","440","SampleWeight","*","CLMB"
"CLMB","442","SampleWeight","78","CLMB"
"CLMB","443","SampleWeight","86.4","CLMB"
"CLMB","444","SampleWeight","78","CLMB"
"CLMB","445","SampleWeight","80.4","CLMB"
"CLMB","446","SampleWeight","76.8","CLMB"
"CLMB","447","SampleWeight","91.3","CLMB"
"CLMB","448","SampleWeight","79.9","CLMB"
"CLMB","449","SampleWeight","92.5","CLMB"
"CLMB","450","SampleWeight","91.8","CLMB"
"CLMB","451","SampleWeight","79.8","CLMB"
"CLMB","452","SampleWeight","87","CLMB"
"CLMB","453","SampleWeight","89.5","CLMB"
"CLMB","454","SampleWeight","82.7","CLMB"
"CLMB","455","SampleWeight","87.2","CLMB"
"CLMB","456","SampleWeight","79.9","CLMB"
"CLMB","458","SampleWeight","85.3","CLMB"
"CLMB","459","SampleWeight","89.6","CLMB"
"CLMB","460","SampleWeight","80.6","CLMB"
"CLMB","461","SampleWeight","80.4","CLMB"
"CLMB","462","SampleWeight","76.1","CLMB"
"CLMB","463","SampleWeight","87.1","CLMB"
"CLMB","464","SampleWeight","89.4","CLMB"
"CLMB","465","SampleWeight","82.3","CLMB"
"CLMB","466","SampleWeight","80.1","CLMB"
"CLMB","467","SampleWeight","*","CLMB"
"CLMB","468","SampleWeight","77.9","CLMB"
"CLMB","469","SampleWeight","*","CLMB"
"CLMB","470","SampleWeight","84.7","CLMB"
"CLMB","471","SampleWeight","77.7","CLMB"
"CLMB","472","SampleWeight","80.3","CLMB"
"CLMB","473","SampleWeight","78.9","CLMB"
"CLMB","474","SampleWeight","85","CLMB"
"CLMB","475","SampleWeight","86.9","CLMB"
"CLMB","476","SampleWeight","80.8","CLMB"
"CLMB","477","SampleWeight","83.2","CLMB"
"CLMB","479","SampleWeight","82.1","CLMB"
"CLMB","480","SampleWeight","78.6","CLMB"
"CLMB","482","SampleWeight","83.4","CLMB"
"CLMB","483","SampleWeight","83.6","CLMB"
"CLMB","484","SampleWeight","85.6","CLMB"
"CLMB","485","SampleWeight","91.6","CLMB"
"CLMB","486","SampleWeight","88.2","CLMB"
"CLMB","487","SampleWeight","78.2","CLMB"
"CLMB","488","SampleWeight","91.4","CLMB"
"CLMB","489","SampleWeight","80","CLMB"
"CLMB","491","SampleWeight","90.1","CLMB"
"CLMB","492","SampleWeight","87.4","CLMB"
"CLMB","493","SampleWeight","*","CLMB"
"CLMB","494","SampleWeight","78.6","CLMB"
"CLMB","495","SampleWeight","*","CLMB"
"CLMB","496","SampleWeight","84.4","CLMB"
"CLMB","497","SampleWeight","81.9","CLMB"
"CLMB","498","SampleWeight","81.8","CLMB"
"CLMB","499","SampleWeight","89.6","CLMB"
"CLMB","500","SampleWeight","76","CLMB"
"CLMB","501","SampleWeight","76.4","CLMB"
"CLMB","502","SampleWeight","77.5","CLMB"
"CLMB","503","SampleWeight","78.1","CLMB"
"CLMB","504","SampleWeight","*","CLMB"
"CLMB","505","SampleWeight","73.8","CLMB"
"CLMB","506","SampleWeight","93.9","CLMB"
"CLMB","507","SampleWeight","83.5","CLMB"
"CLMB","508","SampleWeight","77.6","CLMB"
"CLMB","511","SampleWeight","77.5","CLMB"
"CLMB","512","SampleWeight","81.1","CLMB"
"CLMB","513","SampleWeight","*","CLMB"
"CLMB","514","SampleWeight","82.3","CLMB"
"CLMB","515","SampleWeight","78.6","CLMB"
"CLMB","516","SampleWeight","82.3","CLMB"
"CLMB","518","SampleWeight","*","CLMB"
"CLMB","519","SampleWeight","94.7","CLMB"
"CLMB","520","SampleWeight","*","CLMB"
"CLMB","521","SampleWeight","83.5","CLMB"
"CLMB","522","SampleWeight","89.4","CLMB"
"CLMB","523","SampleWeight","82.6","CLMB"
"CLMB","524","SampleWeight","78.6","CLMB"
"CLMB","525","SampleWeight","74.8","CLMB"
"CLMB","526","SampleWeight","78.2","CLMB"
"CLMB","527","SampleWeight","85","CLMB"
"CLMB","529","SampleWeight","92.1","CLMB"
"CLMB","530","SampleWeight","79.5","CLMB"
"CLMB","531","SampleWeight","75.9","CLMB"
"CLMB","532","SampleWeight","82.1","CLMB"
"CLMB","533","SampleWeight","83.4","CLMB"
"CLMB","534","SampleWeight","78.8","CLMB"
"CLMB","535","SampleWeight","89.2","CLMB"
"CLMB","536","SampleWeight","82.7","CLMB"
"CLMB","537","SampleWeight","78.5","CLMB"
"CLMB","539","SampleWeight","83.6","CLMB"
"CLMB","540","SampleWeight","82.8","CLMB"
"CLMB","541","SampleWeight","77.8","CLMB"
"CLMB","542","SampleWeight","86.7","CLMB"
"CLMB","544","SampleWeight","90.9","CLMB"
"CLMB","545","SampleWeight","81.5","CLMB"
"CLMB","546","SampleWeight","73.5","CLMB"
"CLMB","547","SampleWeight","82.4","CLMB"
"CLMB","548","SampleWeight","89.5","CLMB"
"CLMB","549","SampleWeight","83.6","CLMB"
"CLMB","551","SampleWeight","*","CLMB"
"CLMB","552","SampleWeight","96.1","CLMB"
"CLMB","553","SampleWeight","86.6","CLMB"
"CLMB","555","SampleWeight","83.3","CLMB"
"CLMB","556","SampleWeight","*","CLMB"
"CLMB","557","SampleWeight","*","CLMB"
"CLMB","558","SampleWeight","85.9","CLMB"
"CLMB","559","SampleWeight","81.5","CLMB"
"CLMB","560","SampleWeight","*","CLMB"
"CLMB","562","SampleWeight","87.2","CLMB"
"CLMB","563","SampleWeight","82","CLMB"
"CLMB","564","SampleWeight","95.6","CLMB"
"CLMB","565","SampleWeight","80.3","CLMB"
"CLMB","566","SampleWeight","74.8","CLMB"
"CLMB","567","SampleWeight","77.6","CLMB"
"CLMB","569","SampleWeight","90.1","CLMB"
"CLMB","570","SampleWeight","76.3","CLMB"
"CLMB","571","SampleWeight","83.9","CLMB"
"CLMB","572","SampleWeight","79.8","CLMB"
"CLMB","573","SampleWeight","79","CLMB"
"CLMB","574","SampleWeight","80.8","CLMB"
"CLMB","576","SampleWeight","76.9","CLMB"
"CLMB","577","SampleWeight","*","CLMB"
"CLMB","578","SampleWeight","92.1","CLMB"
"CLMB","579","SampleWeight","86.6","CLMB"
"CLMB","580","SampleWeight","*","CLMB"
"CLMB","581","SampleWeight","80.5","CLMB"
"CLMB","583","SampleWeight","83.9","CLMB"
"CLMB","584","SampleWeight","85.6","CLMB"
"CLMB","585","SampleWeight","88.8","CLMB"
"CLMB","586","SampleWeight","88.1","CLMB"
"CLMB","588","SampleWeight","83.8","CLMB"
"CLMB","589","SampleWeight","79.2","CLMB"
"CLMB","592","SampleWeight","91.9","CLMB"
"CLMB","593","SampleWeight","83.5","CLMB"
"CLMB","594","SampleWeight","89.4","CLMB"
"CLMB","595","SampleWeight","83.9","CLMB"
"CLMB","596","SampleWeight","86","CLMB"
"CLMB","597","SampleWeight","*","CLMB"
"CLMB","598","SampleWeight","*","CLMB"
"CLMB","599","SampleWeight","91","CLMB"
"CLMB","600","SampleWeight","83.4","CLMB"
"CLMB","601","SampleWeight","*","CLMB"
"CLMB","602","SampleWeight","86.3","CLMB"
"CLMB","603","SampleWeight","*","CLMB"
"CLMB","604","SampleWeight","79.1","CLMB"
"CLMB","605","SampleWeight","76.1","CLMB"
"CLMB","606","SampleWeight","78.2","CLMB"
"CLMB","608","SampleWeight","88.9","CLMB"
"CLMB","609","SampleWeight","86.8","CLMB"
"CLMB","610","SampleWeight","90.9","CLMB"
"CLMB","611","SampleWeight","91.9","CLMB"
"CLMB","612","SampleWeight","79.3","CLMB"
"CLMB","613","SampleWeight","77.9","CLMB"
"CLMB","614","SampleWeight","83.3","CLMB"
"CLMB","618","SampleWeight","80.8","CLMB"
"CLMB","619","SampleWeight","87.7","CLMB"
"CLMB","620","SampleWeight","75","CLMB"
"CLMB","621","SampleWeight","83.3","CLMB"
"CLMB","622","SampleWeight","77.8","CLMB"
"CLMB","623","SampleWeight","83.6","CLMB"
"CLMB","624","SampleWeight","78.9","CLMB"
"CLMB","625","SampleWeight","87.2","CLMB"
"CLMB","627","SampleWeight","85","CLMB"
"CLMB","628","SampleWeight","*","CLMB"
"CLMB","629","SampleWeight","76.6","CLMB"
"CLMB","630","SampleWeight","*","CLMB"
"CLMB","632","SampleWeight","74.2","CLMB"
"CLMB","633","SampleWeight","82","CLMB"
"CLMB","634","SampleWeight","80","CLMB"
"CLMB","635","SampleWeight","79.8","CLMB"
"CLMB","636","SampleWeight","77.2","CLMB"
"CLMB","637","SampleWeight","88.9","CLMB"
"CLMB","638","SampleWeight","85.8","CLMB"
"CLMB","639","SampleWeight","75.1","CLMB"
"CLMB","640","SampleWeight","81.4","CLMB"
"CLMB","641","SampleWeight","76.9","CLMB"
"CLMB","642","SampleWeight","88.4","CLMB"
"CLMB","643","SampleWeight","77.1","CLMB"
"CLMB","644","SampleWeight","*","CLMB"
"CLMB","645","SampleWeight","76.7","CLMB"
"CLMB","647","SampleWeight","82.9","CLMB"
"CLMB","648","SampleWeight","*","CLMB"
"CLMB","649","SampleWeight","81.4","CLMB"
"CLMB","652","SampleWeight","79.2","CLMB"
"CLMB","654","SampleWeight","77.2","CLMB"
"CLMB","655","SampleWeight","83.2","CLMB"
"CLMB","656","SampleWeight","86.4","CLMB"
"CLMB","657","SampleWeight","76.2","CLMB"
"CLMB","658","SampleWeight","82.4","CLMB"
"CLMB","660","SampleWeight","77.8","CLMB"
"CLMB","661","SampleWeight","82.4","CLMB"
"CLMB","663","SampleWeight","91.1","CLMB"
"CLMB","664","SampleWeight","82","CLMB"
"CLMB","666","SampleWeight","81.1","CLMB"
"CLMB","667","SampleWeight","86.9","CLMB"
"CLMB","668","SampleWeight","83.8","CLMB"
"CLMB","669","SampleWeight","79.8","CLMB"
"CLMB","670","SampleWeight","*","CLMB"
"CLMB","671","SampleWeight","72.6","CLMB"
"CLMB","672","SampleWeight","76.6","CLMB"
"CLMB","673","SampleWeight","94.2","CLMB"
"CLMB","674","SampleWeight","85.6","CLMB"
"CLMB","675","SampleWeight","84.3","CLMB"
"CLMB","677","SampleWeight","84.8","CLMB"
"CLMB","679","SampleWeight","*","CLMB"
"CLMB","680","SampleWeight","95.5","CLMB"
"CLMB","681","SampleWeight","78.5","CLMB"
"CLMB","682","SampleWeight","77.9","CLMB"
"CLMB","683","SampleWeight","80.2","CLMB"
"CLMB","684","SampleWeight","83","CLMB"
"CLMB","685","SampleWeight","83.4","CLMB"
"CLMB","686","SampleWeight","78.8","CLMB"
"CLMB","689","SampleWeight","79.8","CLMB"
"CLMB","690","SampleWeight","74.1","CLMB"
"CLMB","691","SampleWeight","84.7","CLMB"
"CLMB","692","SampleWeight","85.5","CLMB"
"CLMB","693","SampleWeight","80.8","CLMB"
"CLMB","694","SampleWeight","79.6","CLMB"
"CLMB","695","SampleWeight","83.5","CLMB"
"CLMB","696","SampleWeight","77.9","CLMB"
"CLMB","697","SampleWeight","82","CLMB"
"CLMB","698","SampleWeight","82.2","CLMB"
"CLMB","699","SampleWeight","97","CLMB"
"CLMB","700","SampleWeight","90.8","CLMB"
"CLMB","702","SampleWeight","76.9","CLMB"
"CLMB","703","SampleWeight","78","CLMB"
"CLMB","704","SampleWeight","90.2","CLMB"
"CLMB","705","SampleWeight","87.5","CLMB"
"CLMB","706","SampleWeight","80.3","CLMB"
"CLMB","707","SampleWeight","87.1","CLMB"
"CLMB","708","SampleWeight","*","CLMB"
"CLMB","710","SampleWeight","76.5","CLMB"
"CLMB","711","SampleWeight","83","CLMB"
"CLMB","712","SampleWeight","79.1","CLMB"
"CLMB","713","SampleWeight","75.8","CLMB"
"CLMB","714","SampleWeight","81.6","CLMB"
"CLMB","715","SampleWeight","77.1","CLMB"
"CLMB","716","SampleWeight","75","CLMB"
"CLMB","718","SampleWeight","76.8","CLMB"
"CLMB","719","SampleWeight","86.05","CLMB"
"CLMB","720","SampleWeight","85.3","CLMB"
"CLMB","721","SampleWeight","*","CLMB"
"CLMB","722","SampleWeight","77.2","CLMB"
"CLMB","723","SampleWeight","*","CLMB"
"CLMB","724","SampleWeight","86.7","CLMB"
"CLMB","725","SampleWeight","80.4","CLMB"
"CLMB","726","SampleWeight","83.7","CLMB"
"CLMB","729","SampleWeight","87.3","CLMB"
"CLMB","730","SampleWeight","92.8","CLMB"
"CLMB","731","SampleWeight","84.5","CLMB"
"CLMB","732","SampleWeight","*","CLMB"
"CLMB","733","SampleWeight","84.6","CLMB"
"CLMB","734","SampleWeight","80","CLMB"
"CLMB","735","SampleWeight","81","CLMB"
"CLMB","736","SampleWeight","93.1","CLMB"
"CLMB","737","SampleWeight","78.2","CLMB"
"CLMB","738","SampleWeight","98.4","CLMB"
"CLMB","739","SampleWeight","79.8","CLMB"
"CLMB","740","SampleWeight","92.1","CLMB"
"CLMB","742","SampleWeight","85.8","CLMB"
"CLMB","743","SampleWeight","77.5","CLMB"
"CLMB","744","SampleWeight","93.7","CLMB"
"CLMB","745","SampleWeight","83.9","CLMB"
"CLMB","746","SampleWeight","76.5","CLMB"
"CLMB","748","SampleWeight","88.5","CLMB"
"CLMB","749","SampleWeight","81.6","CLMB"
"CLMB","750","SampleWeight","76.3","CLMB"
"CLMB","751","SampleWeight","77.4","CLMB"
"CLMB","752","SampleWeight","83.7","CLMB"
"CLMB","753","SampleWeight","82","CLMB"
"CLMB","755","SampleWeight","88.7","CLMB"
"CLMB","756","SampleWeight","89","CLMB"
"CLMB","757","SampleWeight","78.1","CLMB"
"CLMB","758","SampleWeight","88.7","CLMB"
"CLMB","759","SampleWeight","87.7","CLMB"
"CLMB","760","SampleWeight","80.5","CLMB"
"CLMB","761","SampleWeight","85.4","CLMB"
"CLMB","762","SampleWeight","79.2","CLMB"
"CLMB","763","SampleWeight","80.7","CLMB"
"CLMB","764","SampleWeight","76.9","CLMB"
"CLMB","765","SampleWeight","77.1","CLMB"
"CLMB","766","SampleWeight","80.8","CLMB"
"CLMB","767","SampleWeight","78.4","CLMB"
"CLMB","768","SampleWeight","85.9","CLMB"
"CLMB","769","SampleWeight","*","CLMB"
"CLMB","770","SampleWeight","80.7","CLMB"
"CLMB","771","SampleWeight","88.2","CLMB"
"CLMB","772","SampleWeight","82","CLMB"
"CLMB","773","SampleWeight","82.8","CLMB"
"CLMB","774","SampleWeight","86.2","CLMB"
"CLMB","775","SampleWeight","83.2","CLMB"
"CLMB","776","SampleWeight","92.2","CLMB"
"CLMB","777","SampleWeight","84.4","CLMB"
"CLMB","778","SampleWeight","94","CLMB"
"CLMB","779","SampleWeight","78.1","CLMB"
"CLMB","780","SampleWeight","79.9","CLMB"
"CLMB","781","SampleWeight","90.6","CLMB"
"CLMB","782","SampleWeight","78.9","CLMB"
"CLMB","783","SampleWeight","79.9","CLMB"
"CLMB","784","SampleWeight","76","CLMB"
"CLMB","785","SampleWeight","76.3","CLMB"
"CLMB","786","SampleWeight","82","CLMB"
"CLMB","787","SampleWeight","76.4","CLMB"
"CLMB","788","SampleWeight","76","CLMB"
"CLMB","789","SampleWeight","83.4","CLMB"
"CLMB","790","SampleWeight","82.4","CLMB"
"CLMB","792","SampleWeight","84.5","CLMB"
"CLMB","794","SampleWeight","80.9","CLMB"
"CLMB","795","SampleWeight","80.7","CLMB"
"CLMB","796","SampleWeight","80.6","CLMB"
"CLMB","797","SampleWeight","82.6","CLMB"
"CLMB","799","SampleWeight","80.5","CLMB"
"CLMB","800","SampleWeight","84.2","CLMB"
"CLMB","801","SampleWeight","78.4","CLMB"
"CLMB","802","SampleWeight","82.4","CLMB"
"CLMB","803","SampleWeight","75","CLMB"
"CLMB","804","SampleWeight","84","CLMB"
"CLMB","805","SampleWeight","78.3","CLMB"
"CLMB","806","SampleWeight","86.1","CLMB"
"CLMB","808","SampleWeight","74.4","CLMB"
"CLMB","809","SampleWeight","74.4","CLMB"
"CLMB","810","SampleWeight","80.8","CLMB"
"CLMB","811","SampleWeight","82.3","CLMB"
"CLMB","812","SampleWeight","83.2","CLMB"
"CLMB","813","SampleWeight","*","CLMB"
"CLMB","814","SampleWeight","77.7","CLMB"
"CLMB","815","SampleWeight","79.9","CLMB"
"CLMB","816","SampleWeight","86.1","CLMB"
"CLMB","817","SampleWeight","81.6","CLMB"
"CLMB","818","SampleWeight","85.6","CLMB"
"CLMB","819","SampleWeight","85.2","CLMB"
"CLMB","820","SampleWeight","73.1","CLMB"
"CLMB","821","SampleWeight","87.4","CLMB"
"CLMB","822","SampleWeight","83.2","CLMB"
"CLMB","823","SampleWeight","79.7","CLMB"
"CLMB","824","SampleWeight","94.3","CLMB"
"CLMB","825","SampleWeight","74.2","CLMB"
"KBSM","1","SampleWeight","81.1","KBSM"
"KBSM","2","SampleWeight","90.3","KBSM"
"KBSM","3","SampleWeight","84.6","KBSM"
"KBSM","4","SampleWeight","87.9","KBSM"
"KBSM","5","SampleWeight","90.2","KBSM"
"KBSM","7","SampleWeight","83","KBSM"
"KBSM","8","SampleWeight","87","KBSM"
"KBSM","9","SampleWeight","84.8","KBSM"
"KBSM","10","SampleWeight","83.7","KBSM"
"KBSM","11","SampleWeight","89.1","KBSM"
"KBSM","12","SampleWeight","88.2","KBSM"
"KBSM","13","SampleWeight","*","KBSM"
"KBSM","14","SampleWeight","78.7","KBSM"
"KBSM","15","SampleWeight","85.2","KBSM"
"KBSM","16","SampleWeight","*","KBSM"
"KBSM","17","SampleWeight","85.6","KBSM"
"KBSM","18","SampleWeight","81.4","KBSM"
"KBSM","19","SampleWeight","92","KBSM"
"KBSM","20","SampleWeight","82.7","KBSM"
"KBSM","21","SampleWeight","*","KBSM"
"KBSM","22","SampleWeight","86.7","KBSM"
"KBSM","23","SampleWeight","82.7","KBSM"
"KBSM","24","SampleWeight","*","KBSM"
"KBSM","25","SampleWeight","82.4","KBSM"
"KBSM","26","SampleWeight","83","KBSM"
"KBSM","27","SampleWeight","*","KBSM"
"KBSM","28","SampleWeight","78.3","KBSM"
"KBSM","29","SampleWeight","83.7","KBSM"
"KBSM","30","SampleWeight","80.7","KBSM"
"KBSM","31","SampleWeight","92.4","KBSM"
"KBSM","32","SampleWeight","81.8","KBSM"
"KBSM","33","SampleWeight","87.6","KBSM"
"KBSM","34","SampleWeight","81.6","KBSM"
"KBSM","35","SampleWeight","80.6","KBSM"
"KBSM","36","SampleWeight","79.4","KBSM"
"KBSM","37","SampleWeight","81.6","KBSM"
"KBSM","38","SampleWeight","84.4","KBSM"
"KBSM","39","SampleWeight","81.9","KBSM"
"KBSM","40","SampleWeight","93.7","KBSM"
"KBSM","41","SampleWeight","91.9","KBSM"
"KBSM","42","SampleWeight","84.4","KBSM"
"KBSM","43","SampleWeight","98.3","KBSM"
"KBSM","44","SampleWeight","87.2","KBSM"
"KBSM","46","SampleWeight","82","KBSM"
"KBSM","48","SampleWeight","82.3","KBSM"
"KBSM","49","SampleWeight","*","KBSM"
"KBSM","50","SampleWeight","*","KBSM"
"KBSM","52","SampleWeight","82.8","KBSM"
"KBSM","53","SampleWeight","89.4","KBSM"
"KBSM","54","SampleWeight","82.4","KBSM"
"KBSM","55","SampleWeight","82.3","KBSM"
"KBSM","56","SampleWeight","85","KBSM"
"KBSM","57","SampleWeight","91.9","KBSM"
"KBSM","58","SampleWeight","*","KBSM"
"KBSM","59","SampleWeight","*","KBSM"
"KBSM","60","SampleWeight","*","KBSM"
"KBSM","61","SampleWeight","76.9","KBSM"
"KBSM","62","SampleWeight","80.8","KBSM"
"KBSM","63","SampleWeight","*","KBSM"
"KBSM","64","SampleWeight","89.4","KBSM"
"KBSM","65","SampleWeight","80.2","KBSM"
"KBSM","66","SampleWeight","81.6","KBSM"
"KBSM","67","SampleWeight","81","KBSM"
"KBSM","68","SampleWeight","83","KBSM"
"KBSM","69","SampleWeight","81.8","KBSM"
"KBSM","70","SampleWeight","87.7","KBSM"
"KBSM","71","SampleWeight","*","KBSM"
"KBSM","72","SampleWeight","90.7","KBSM"
"KBSM","73","SampleWeight","90.05","KBSM"
"KBSM","74","SampleWeight","94.6","KBSM"
"KBSM","75","SampleWeight","*","KBSM"
"KBSM","76","SampleWeight","*","KBSM"
"KBSM","77","SampleWeight","*","KBSM"
"KBSM","78","SampleWeight","81.1","KBSM"
"KBSM","79","SampleWeight","79.3","KBSM"
"KBSM","80","SampleWeight","80.9","KBSM"
"KBSM","81","SampleWeight","91.2","KBSM"
"KBSM","83","SampleWeight","81.8","KBSM"
"KBSM","84","SampleWeight","*","KBSM"
"KBSM","85","SampleWeight","81.8","KBSM"
"KBSM","86","SampleWeight","90.9","KBSM"
"KBSM","87","SampleWeight","94.2","KBSM"
"KBSM","88","SampleWeight","80.8","KBSM"
"KBSM","89","SampleWeight","96.6","KBSM"
"KBSM","90","SampleWeight","81.4","KBSM"
"KBSM","91","SampleWeight","95.3","KBSM"
"KBSM","93","SampleWeight","80.4","KBSM"
"KBSM","94","SampleWeight","88.7","KBSM"
"KBSM","95","SampleWeight","91.2","KBSM"
"KBSM","96","SampleWeight","89.5","KBSM"
"KBSM","97","SampleWeight","82.7","KBSM"
"KBSM","99","SampleWeight","80.1","KBSM"
"KBSM","100","SampleWeight","90.1","KBSM"
"KBSM","101","SampleWeight","81.1","KBSM"
"KBSM","102","SampleWeight","*","KBSM"
"KBSM","103","SampleWeight","82.2","KBSM"
"KBSM","104","SampleWeight","82.8","KBSM"
"KBSM","105","SampleWeight","83.1","KBSM"
"KBSM","106","SampleWeight","84.2","KBSM"
"KBSM","107","SampleWeight","78.8","KBSM"
"KBSM","110","SampleWeight","84.9","KBSM"
"KBSM","111","SampleWeight","94.8","KBSM"
"KBSM","112","SampleWeight","91.6","KBSM"
"KBSM","113","SampleWeight","*","KBSM"
"KBSM","114","SampleWeight","78.2","KBSM"
"KBSM","115","SampleWeight","82.8","KBSM"
"KBSM","116","SampleWeight","81.2","KBSM"
"KBSM","117","SampleWeight","93.2","KBSM"
"KBSM","118","SampleWeight","84.7","KBSM"
"KBSM","119","SampleWeight","95.3","KBSM"
"KBSM","120","SampleWeight","*","KBSM"
"KBSM","122","SampleWeight","83.1","KBSM"
"KBSM","123","SampleWeight","78.5","KBSM"
"KBSM","125","SampleWeight","97.1","KBSM"
"KBSM","126","SampleWeight","81.4","KBSM"
"KBSM","127","SampleWeight","81","KBSM"
"KBSM","128","SampleWeight","86.8","KBSM"
"KBSM","130","SampleWeight","82.1","KBSM"
"KBSM","131","SampleWeight","85.8","KBSM"
"KBSM","132","SampleWeight","90","KBSM"
"KBSM","134","SampleWeight","97.5","KBSM"
"KBSM","135","SampleWeight","82.4","KBSM"
"KBSM","136","SampleWeight","86","KBSM"
"KBSM","137","SampleWeight","83.3","KBSM"
"KBSM","138","SampleWeight","*","KBSM"
"KBSM","139","SampleWeight","83.8","KBSM"
"KBSM","141","SampleWeight","*","KBSM"
"KBSM","142","SampleWeight","90.9","KBSM"
"KBSM","143","SampleWeight","80.2","KBSM"
"KBSM","144","SampleWeight","87.3","KBSM"
"KBSM","145","SampleWeight","87.2","KBSM"
"KBSM","146","SampleWeight","*","KBSM"
"KBSM","147","SampleWeight","94.7","KBSM"
"KBSM","148","SampleWeight","84.6","KBSM"
"KBSM","150","SampleWeight","80.2","KBSM"
"KBSM","151","SampleWeight","99.5","KBSM"
"KBSM","152","SampleWeight","81","KBSM"
"KBSM","153","SampleWeight","78.6","KBSM"
"KBSM","154","SampleWeight","81.7","KBSM"
"KBSM","155","SampleWeight","93.9","KBSM"
"KBSM","156","SampleWeight","87.8","KBSM"
"KBSM","157","SampleWeight","80.7","KBSM"
"KBSM","158","SampleWeight","86.3","KBSM"
"KBSM","159","SampleWeight","86","KBSM"
"KBSM","161","SampleWeight","82.4","KBSM"
"KBSM","163","SampleWeight","87.6","KBSM"
"KBSM","164","SampleWeight","77.4","KBSM"
"KBSM","166","SampleWeight","80.8","KBSM"
"KBSM","167","SampleWeight","83.2","KBSM"
"KBSM","168","SampleWeight","82.1","KBSM"
"KBSM","169","SampleWeight","*","KBSM"
"KBSM","170","SampleWeight","80.1","KBSM"
"KBSM","171","SampleWeight","88.7","KBSM"
"KBSM","172","SampleWeight","95.6","KBSM"
"KBSM","173","SampleWeight","79.7","KBSM"
"KBSM","174","SampleWeight","85.7","KBSM"
"KBSM","175","SampleWeight","82.5","KBSM"
"KBSM","176","SampleWeight","89.5","KBSM"
"KBSM","177","SampleWeight","85","KBSM"
"KBSM","178","SampleWeight","95.8","KBSM"
"KBSM","179","SampleWeight","*","KBSM"
"KBSM","180","SampleWeight","*","KBSM"
"KBSM","181","SampleWeight","*","KBSM"
"KBSM","182","SampleWeight","86.9","KBSM"
"KBSM","184","SampleWeight","82.9","KBSM"
"KBSM","185","SampleWeight","80.8","KBSM"
"KBSM","186","SampleWeight","*","KBSM"
"KBSM","187","SampleWeight","85.2","KBSM"
"KBSM","188","SampleWeight","82.3","KBSM"
"KBSM","189","SampleWeight","86.4","KBSM"
"KBSM","190","SampleWeight","80.5","KBSM"
"KBSM","191","SampleWeight","83.7","KBSM"
"KBSM","192","SampleWeight","*","KBSM"
"KBSM","193","SampleWeight","81.9","KBSM"
"KBSM","194","SampleWeight","96","KBSM"
"KBSM","195","SampleWeight","80.6","KBSM"
"KBSM","196","SampleWeight","91","KBSM"
"KBSM","197","SampleWeight","99.5","KBSM"
"KBSM","198","SampleWeight","92.5","KBSM"
"KBSM","199","SampleWeight","83.4","KBSM"
"KBSM","200","SampleWeight","84.9","KBSM"
"KBSM","201","SampleWeight","82","KBSM"
"KBSM","203","SampleWeight","81.4","KBSM"
"KBSM","204","SampleWeight","90.9","KBSM"
"KBSM","205","SampleWeight","81.8","KBSM"
"KBSM","207","SampleWeight","85.1","KBSM"
"KBSM","208","SampleWeight","80.6","KBSM"
"KBSM","209","SampleWeight","*","KBSM"
"KBSM","210","SampleWeight","78.6","KBSM"
"KBSM","211","SampleWeight","*","KBSM"
"KBSM","212","SampleWeight","*","KBSM"
"KBSM","213","SampleWeight","83.4","KBSM"
"KBSM","214","SampleWeight","86.6","KBSM"
"KBSM","215","SampleWeight","81.8","KBSM"
"KBSM","216","SampleWeight","91.1","KBSM"
"KBSM","217","SampleWeight","90","KBSM"
"KBSM","218","SampleWeight","83","KBSM"
"KBSM","219","SampleWeight","*","KBSM"
"KBSM","220","SampleWeight","*","KBSM"
"KBSM","221","SampleWeight","91.2","KBSM"
"KBSM","222","SampleWeight","85.4","KBSM"
"KBSM","223","SampleWeight","80.1","KBSM"
"KBSM","224","SampleWeight","93.4","KBSM"
"KBSM","225","SampleWeight","*","KBSM"
"KBSM","226","SampleWeight","81.2","KBSM"
"KBSM","227","SampleWeight","86.5","KBSM"
"KBSM","228","SampleWeight","84.3","KBSM"
"KBSM","229","SampleWeight","82.4","KBSM"
"KBSM","230","SampleWeight","78.5","KBSM"
"KBSM","231","SampleWeight","*","KBSM"
"KBSM","232","SampleWeight","81.7","KBSM"
"KBSM","233","SampleWeight","*","KBSM"
"KBSM","234","SampleWeight","82.3","KBSM"
"KBSM","235","SampleWeight","91","KBSM"
"KBSM","236","SampleWeight","86.5","KBSM"
"KBSM","237","SampleWeight","83.9","KBSM"
"KBSM","238","SampleWeight","*","KBSM"
"KBSM","239","SampleWeight","86.3","KBSM"
"KBSM","240","SampleWeight","*","KBSM"
"KBSM","241","SampleWeight","*","KBSM"
"KBSM","242","SampleWeight","88.2","KBSM"
"KBSM","243","SampleWeight","81.4","KBSM"
"KBSM","244","SampleWeight","97.6","KBSM"
"KBSM","245","SampleWeight","80.1","KBSM"
"KBSM","246","SampleWeight","84.7","KBSM"
"KBSM","247","SampleWeight","84.2","KBSM"
"KBSM","248","SampleWeight","80.2","KBSM"
"KBSM","249","SampleWeight","94.5","KBSM"
"KBSM","250","SampleWeight","84.2","KBSM"
"KBSM","251","SampleWeight","88.4","KBSM"
"KBSM","252","SampleWeight","86.6","KBSM"
"KBSM","253","SampleWeight","*","KBSM"
"KBSM","254","SampleWeight","94.5","KBSM"
"KBSM","255","SampleWeight","84","KBSM"
"KBSM","256","SampleWeight","81.5","KBSM"
"KBSM","257","SampleWeight","81.5","KBSM"
"KBSM","258","SampleWeight","79.3","KBSM"
"KBSM","259","SampleWeight","92.2","KBSM"
"KBSM","260","SampleWeight","80.6","KBSM"
"KBSM","261","SampleWeight","*","KBSM"
"KBSM","262","SampleWeight","*","KBSM"
"KBSM","263","SampleWeight","83.4","KBSM"
"KBSM","264","SampleWeight","81.4","KBSM"
"KBSM","265","SampleWeight","80.2","KBSM"
"KBSM","267","SampleWeight","83.2","KBSM"
"KBSM","268","SampleWeight","80.3","KBSM"
"KBSM","269","SampleWeight","*","KBSM"
"KBSM","270","SampleWeight","82.6","KBSM"
"KBSM","271","SampleWeight","*","KBSM"
"KBSM","272","SampleWeight","85.1","KBSM"
"KBSM","273","SampleWeight","82.4","KBSM"
"KBSM","274","SampleWeight","87.8","KBSM"
"KBSM","275","SampleWeight","88","KBSM"
"KBSM","276","SampleWeight","82","KBSM"
"KBSM","277","SampleWeight","81.7","KBSM"
"KBSM","278","SampleWeight","*","KBSM"
"KBSM","279","SampleWeight","85.3","KBSM"
"KBSM","281","SampleWeight","90.9","KBSM"
"KBSM","282","SampleWeight","*","KBSM"
"KBSM","283","SampleWeight","84.6","KBSM"
"KBSM","284","SampleWeight","88.4","KBSM"
"KBSM","285","SampleWeight","80.8","KBSM"
"KBSM","286","SampleWeight","91.5","KBSM"
"KBSM","287","SampleWeight","82.4","KBSM"
"KBSM","288","SampleWeight","*","KBSM"
"KBSM","289","SampleWeight","81.9","KBSM"
"KBSM","290","SampleWeight","*","KBSM"
"KBSM","292","SampleWeight","79.5","KBSM"
"KBSM","293","SampleWeight","98.8","KBSM"
"KBSM","294","SampleWeight","80.5","KBSM"
"KBSM","296","SampleWeight","88.1","KBSM"
"KBSM","297","SampleWeight","86.1","KBSM"
"KBSM","298","SampleWeight","88.6","KBSM"
"KBSM","299","SampleWeight","85","KBSM"
"KBSM","300","SampleWeight","79.3","KBSM"
"KBSM","301","SampleWeight","86.5","KBSM"
"KBSM","302","SampleWeight","81.5","KBSM"
"KBSM","303","SampleWeight","85.5","KBSM"
"KBSM","304","SampleWeight","81.4","KBSM"
"KBSM","305","SampleWeight","91.5","KBSM"
"KBSM","306","SampleWeight","77.8","KBSM"
"KBSM","307","SampleWeight","87.9","KBSM"
"KBSM","308","SampleWeight","78.4","KBSM"
"KBSM","310","SampleWeight","79.2","KBSM"
"KBSM","311","SampleWeight","*","KBSM"
"KBSM","312","SampleWeight","83.9","KBSM"
"KBSM","313","SampleWeight","85","KBSM"
"KBSM","314","SampleWeight","81.9","KBSM"
"KBSM","315","SampleWeight","86.1","KBSM"
"KBSM","317","SampleWeight","86.05","KBSM"
"KBSM","318","SampleWeight","84.3","KBSM"
"KBSM","319","SampleWeight","*","KBSM"
"KBSM","320","SampleWeight","90.1","KBSM"
"KBSM","322","SampleWeight","80.8","KBSM"
"KBSM","323","SampleWeight","93.3","KBSM"
"KBSM","324","SampleWeight","96.5","KBSM"
"KBSM","325","SampleWeight","84.6","KBSM"
"KBSM","326","SampleWeight","82.2","KBSM"
"KBSM","328","SampleWeight","95.1","KBSM"
"KBSM","330","SampleWeight","81.3","KBSM"
"KBSM","332","SampleWeight","84.7","KBSM"
"KBSM","333","SampleWeight","80.4","KBSM"
"KBSM","334","SampleWeight","84.2","KBSM"
"KBSM","335","SampleWeight","86.5","KBSM"
"KBSM","336","SampleWeight","77.6","KBSM"
"KBSM","337","SampleWeight","84.8","KBSM"
"KBSM","338","SampleWeight","80.1","KBSM"
"KBSM","339","SampleWeight","78.9","KBSM"
"KBSM","340","SampleWeight","*","KBSM"
"KBSM","341","SampleWeight","81.3","KBSM"
"KBSM","342","SampleWeight","85.1","KBSM"
"KBSM","343","SampleWeight","83.8","KBSM"
"KBSM","345","SampleWeight","88.1","KBSM"
"KBSM","346","SampleWeight","83.5","KBSM"
"KBSM","347","SampleWeight","80.6","KBSM"
"KBSM","349","SampleWeight","81.7","KBSM"
"KBSM","350","SampleWeight","81.2","KBSM"
"KBSM","352","SampleWeight","83.7","KBSM"
"KBSM","353","SampleWeight","82.5","KBSM"
"KBSM","354","SampleWeight","85.1","KBSM"
"KBSM","355","SampleWeight","*","KBSM"
"KBSM","356","SampleWeight","83.3","KBSM"
"KBSM","358","SampleWeight","87.1","KBSM"
"KBSM","359","SampleWeight","85.4","KBSM"
"KBSM","360","SampleWeight","86.1","KBSM"
"KBSM","361","SampleWeight","83.3","KBSM"
"KBSM","363","SampleWeight","90.1","KBSM"
"KBSM","364","SampleWeight","84.8","KBSM"
"KBSM","365","SampleWeight","92.5","KBSM"
"KBSM","366","SampleWeight","91.7","KBSM"
"KBSM","367","SampleWeight","93","KBSM"
"KBSM","368","SampleWeight","*","KBSM"
"KBSM","369","SampleWeight","89.4","KBSM"
"KBSM","370","SampleWeight","86.9","KBSM"
"KBSM","371","SampleWeight","84.7","KBSM"
"KBSM","372","SampleWeight","99.2","KBSM"
"KBSM","373","SampleWeight","94.3","KBSM"
"KBSM","374","SampleWeight","78.3","KBSM"
"KBSM","375","SampleWeight","80.4","KBSM"
"KBSM","377","SampleWeight","*","KBSM"
"KBSM","378","SampleWeight","87","KBSM"
"KBSM","379","SampleWeight","83.8","KBSM"
"KBSM","380","SampleWeight","89.1","KBSM"
"KBSM","381","SampleWeight","94.4","KBSM"
"KBSM","382","SampleWeight","89.4","KBSM"
"KBSM","383","SampleWeight","81.4","KBSM"
"KBSM","384","SampleWeight","94.1","KBSM"
"KBSM","386","SampleWeight","91.1","KBSM"
"KBSM","388","SampleWeight","93.2","KBSM"
"KBSM","389","SampleWeight","81.4","KBSM"
"KBSM","390","SampleWeight","82.5","KBSM"
"KBSM","391","SampleWeight","84.7","KBSM"
"KBSM","392","SampleWeight","82.85","KBSM"
"KBSM","393","SampleWeight","85.1","KBSM"
"KBSM","394","SampleWeight","82.8","KBSM"
"KBSM","395","SampleWeight","93.6","KBSM"
"KBSM","396","SampleWeight","82.5","KBSM"
"KBSM","397","SampleWeight","86.3","KBSM"
"KBSM","398","SampleWeight","79.8","KBSM"
"KBSM","399","SampleWeight","81.9","KBSM"
"KBSM","400","SampleWeight","95.5","KBSM"
"KBSM","402","SampleWeight","80.1","KBSM"
"KBSM","403","SampleWeight","82.1","KBSM"
"KBSM","404","SampleWeight","95.6","KBSM"
"KBSM","405","SampleWeight","81.3","KBSM"
"KBSM","406","SampleWeight","82.7","KBSM"
"KBSM","407","SampleWeight","89.4","KBSM"
"KBSM","408","SampleWeight","86.4","KBSM"
"KBSM","409","SampleWeight","79.4","KBSM"
"KBSM","410","SampleWeight","82","KBSM"
"KBSM","411","SampleWeight","87","KBSM"
"KBSM","412","SampleWeight","98.9","KBSM"
"KBSM","413","SampleWeight","*","KBSM"
"KBSM","414","SampleWeight","90.1","KBSM"
"KBSM","415","SampleWeight","83.5","KBSM"
"KBSM","416","SampleWeight","*","KBSM"
"KBSM","417","SampleWeight","81.7","KBSM"
"KBSM","418","SampleWeight","76.3","KBSM"
"KBSM","419","SampleWeight","85.7","KBSM"
"KBSM","420","SampleWeight","81.1","KBSM"
"KBSM","421","SampleWeight","84.5","KBSM"
"KBSM","422","SampleWeight","83.6","KBSM"
"KBSM","423","SampleWeight","79.4","KBSM"
"KBSM","424","SampleWeight","84.4","KBSM"
"KBSM","425","SampleWeight","81.4","KBSM"
"KBSM","426","SampleWeight","85.2","KBSM"
"KBSM","427","SampleWeight","77.4","KBSM"
"KBSM","428","SampleWeight","81","KBSM"
"KBSM","429","SampleWeight","82.5","KBSM"
"KBSM","431","SampleWeight","88.4","KBSM"
"KBSM","432","SampleWeight","93.4","KBSM"
"KBSM","433","SampleWeight","80.8","KBSM"
"KBSM","435","SampleWeight","83.3","KBSM"
"KBSM","436","SampleWeight","78.1","KBSM"
"KBSM","437","SampleWeight","*","KBSM"
"KBSM","438","SampleWeight","*","KBSM"
"KBSM","439","SampleWeight","78.6","KBSM"
"KBSM","440","SampleWeight","81.2","KBSM"
"KBSM","442","SampleWeight","82.9","KBSM"
"KBSM","443","SampleWeight","88.4","KBSM"
"KBSM","444","SampleWeight","81.3","KBSM"
"KBSM","445","SampleWeight","85.7","KBSM"
"KBSM","446","SampleWeight","78.6","KBSM"
"KBSM","447","SampleWeight","95.1","KBSM"
"KBSM","448","SampleWeight","82.7","KBSM"
"KBSM","449","SampleWeight","88.2","KBSM"
"KBSM","450","SampleWeight","87.7","KBSM"
"KBSM","451","SampleWeight","83.1","KBSM"
"KBSM","452","SampleWeight","88.7","KBSM"
"KBSM","453","SampleWeight","94.6","KBSM"
"KBSM","454","SampleWeight","*","KBSM"
"KBSM","455","SampleWeight","80.3","KBSM"
"KBSM","456","SampleWeight","82.3","KBSM"
"KBSM","458","SampleWeight","87.1","KBSM"
"KBSM","459","SampleWeight","80.2","KBSM"
"KBSM","460","SampleWeight","77.1","KBSM"
"KBSM","461","SampleWeight","83.9","KBSM"
"KBSM","462","SampleWeight","84","KBSM"
"KBSM","463","SampleWeight","85.4","KBSM"
"KBSM","464","SampleWeight","85.2","KBSM"
"KBSM","465","SampleWeight","82.4","KBSM"
"KBSM","466","SampleWeight","82.5","KBSM"
"KBSM","467","SampleWeight","88.5","KBSM"
"KBSM","468","SampleWeight","90.3","KBSM"
"KBSM","469","SampleWeight","80.8","KBSM"
"KBSM","470","SampleWeight","87.7","KBSM"
"KBSM","471","SampleWeight","86.9","KBSM"
"KBSM","472","SampleWeight","87.9","KBSM"
"KBSM","473","SampleWeight","80.2","KBSM"
"KBSM","474","SampleWeight","*","KBSM"
"KBSM","475","SampleWeight","89.6","KBSM"
"KBSM","476","SampleWeight","82.9","KBSM"
"KBSM","477","SampleWeight","80.4","KBSM"
"KBSM","479","SampleWeight","87.8","KBSM"
"KBSM","480","SampleWeight","77.6","KBSM"
"KBSM","482","SampleWeight","*","KBSM"
"KBSM","483","SampleWeight","87.2","KBSM"
"KBSM","484","SampleWeight","82.3","KBSM"
"KBSM","485","SampleWeight","84.3","KBSM"
"KBSM","486","SampleWeight","*","KBSM"
"KBSM","487","SampleWeight","80.9","KBSM"
"KBSM","488","SampleWeight","80","KBSM"
"KBSM","489","SampleWeight","88.7","KBSM"
"KBSM","491","SampleWeight","80.2","KBSM"
"KBSM","492","SampleWeight","83.7","KBSM"
"KBSM","493","SampleWeight","84.1","KBSM"
"KBSM","494","SampleWeight","82","KBSM"
"KBSM","495","SampleWeight","83.8","KBSM"
"KBSM","496","SampleWeight","79.3","KBSM"
"KBSM","497","SampleWeight","84","KBSM"
"KBSM","498","SampleWeight","87.4","KBSM"
"KBSM","499","SampleWeight","*","KBSM"
"KBSM","500","SampleWeight","90.3","KBSM"
"KBSM","501","SampleWeight","84.3","KBSM"
"KBSM","502","SampleWeight","91.1","KBSM"
"KBSM","503","SampleWeight","90.1","KBSM"
"KBSM","504","SampleWeight","*","KBSM"
"KBSM","505","SampleWeight","78.7","KBSM"
"KBSM","506","SampleWeight","90.8","KBSM"
"KBSM","507","SampleWeight","83.9","KBSM"
"KBSM","508","SampleWeight","82.3","KBSM"
"KBSM","511","SampleWeight","88.6","KBSM"
"KBSM","512","SampleWeight","86.4","KBSM"
"KBSM","513","SampleWeight","90.5","KBSM"
"KBSM","514","SampleWeight","*","KBSM"
"KBSM","515","SampleWeight","94.7","KBSM"
"KBSM","516","SampleWeight","84.9","KBSM"
"KBSM","518","SampleWeight","*","KBSM"
"KBSM","519","SampleWeight","*","KBSM"
"KBSM","520","SampleWeight","79.7","KBSM"
"KBSM","521","SampleWeight","93.4","KBSM"
"KBSM","522","SampleWeight","82","KBSM"
"KBSM","523","SampleWeight","83.1","KBSM"
"KBSM","524","SampleWeight","77","KBSM"
"KBSM","525","SampleWeight","80","KBSM"
"KBSM","526","SampleWeight","84.9","KBSM"
"KBSM","527","SampleWeight","83","KBSM"
"KBSM","529","SampleWeight","*","KBSM"
"KBSM","530","SampleWeight","85.1","KBSM"
"KBSM","531","SampleWeight","84.3","KBSM"
"KBSM","532","SampleWeight","79.5","KBSM"
"KBSM","533","SampleWeight","79.7","KBSM"
"KBSM","534","SampleWeight","79.7","KBSM"
"KBSM","535","SampleWeight","83.1","KBSM"
"KBSM","536","SampleWeight","79.7","KBSM"
"KBSM","537","SampleWeight","85","KBSM"
"KBSM","539","SampleWeight","83.6","KBSM"
"KBSM","540","SampleWeight","81.2","KBSM"
"KBSM","541","SampleWeight","89.4","KBSM"
"KBSM","542","SampleWeight","83","KBSM"
"KBSM","544","SampleWeight","78.5","KBSM"
"KBSM","545","SampleWeight","89.5","KBSM"
"KBSM","546","SampleWeight","83.8","KBSM"
"KBSM","547","SampleWeight","95","KBSM"
"KBSM","548","SampleWeight","93.4","KBSM"
"KBSM","549","SampleWeight","82","KBSM"
"KBSM","551","SampleWeight","*","KBSM"
"KBSM","552","SampleWeight","82.4","KBSM"
"KBSM","553","SampleWeight","82.5","KBSM"
"KBSM","555","SampleWeight","84.6","KBSM"
"KBSM","556","SampleWeight","*","KBSM"
"KBSM","557","SampleWeight","80.8","KBSM"
"KBSM","558","SampleWeight","90.5","KBSM"
"KBSM","559","SampleWeight","91.6","KBSM"
"KBSM","560","SampleWeight","87.5","KBSM"
"KBSM","562","SampleWeight","81.7","KBSM"
"KBSM","563","SampleWeight","85","KBSM"
"KBSM","564","SampleWeight","*","KBSM"
"KBSM","565","SampleWeight","81.5","KBSM"
"KBSM","566","SampleWeight","86.6","KBSM"
"KBSM","567","SampleWeight","85.2","KBSM"
"KBSM","569","SampleWeight","83.6","KBSM"
"KBSM","570","SampleWeight","87.7","KBSM"
"KBSM","571","SampleWeight","86.2","KBSM"
"KBSM","572","SampleWeight","79.8","KBSM"
"KBSM","573","SampleWeight","81.7","KBSM"
"KBSM","574","SampleWeight","84.7","KBSM"
"KBSM","576","SampleWeight","83.3","KBSM"
"KBSM","577","SampleWeight","80.2","KBSM"
"KBSM","578","SampleWeight","88","KBSM"
"KBSM","579","SampleWeight","80.5","KBSM"
"KBSM","580","SampleWeight","76.2","KBSM"
"KBSM","581","SampleWeight","81.8","KBSM"
"KBSM","583","SampleWeight","87.1","KBSM"
"KBSM","584","SampleWeight","86","KBSM"
"KBSM","585","SampleWeight","84.4","KBSM"
"KBSM","586","SampleWeight","84.6","KBSM"
"KBSM","588","SampleWeight","90.1","KBSM"
"KBSM","589","SampleWeight","82.7","KBSM"
"KBSM","592","SampleWeight","88.9","KBSM"
"KBSM","593","SampleWeight","85.9","KBSM"
"KBSM","594","SampleWeight","80.1","KBSM"
"KBSM","595","SampleWeight","83.7","KBSM"
"KBSM","596","SampleWeight","80.9","KBSM"
"KBSM","597","SampleWeight","92.5","KBSM"
"KBSM","598","SampleWeight","89.7","KBSM"
"KBSM","599","SampleWeight","*","KBSM"
"KBSM","600","SampleWeight","94.3","KBSM"
"KBSM","601","SampleWeight","81.7","KBSM"
"KBSM","602","SampleWeight","*","KBSM"
"KBSM","603","SampleWeight","*","KBSM"
"KBSM","604","SampleWeight","*","KBSM"
"KBSM","605","SampleWeight","83","KBSM"
"KBSM","606","SampleWeight","85.6","KBSM"
"KBSM","608","SampleWeight","84.6","KBSM"
"KBSM","609","SampleWeight","82.5","KBSM"
"KBSM","610","SampleWeight","88.9","KBSM"
"KBSM","611","SampleWeight","77.4","KBSM"
"KBSM","612","SampleWeight","82.2","KBSM"
"KBSM","613","SampleWeight","76.5","KBSM"
"KBSM","614","SampleWeight","89.1","KBSM"
"KBSM","618","SampleWeight","81","KBSM"
"KBSM","619","SampleWeight","79.3","KBSM"
"KBSM","620","SampleWeight","91.4","KBSM"
"KBSM","621","SampleWeight","81.1","KBSM"
"KBSM","622","SampleWeight","86.2","KBSM"
"KBSM","623","SampleWeight","*","KBSM"
"KBSM","624","SampleWeight","*","KBSM"
"KBSM","625","SampleWeight","93.3","KBSM"
"KBSM","627","SampleWeight","80.5","KBSM"
"KBSM","628","SampleWeight","85","KBSM"
"KBSM","629","SampleWeight","77.8","KBSM"
"KBSM","630","SampleWeight","80.8","KBSM"
"KBSM","632","SampleWeight","86","KBSM"
"KBSM","633","SampleWeight","80.2","KBSM"
"KBSM","634","SampleWeight","89.4","KBSM"
"KBSM","635","SampleWeight","77.7","KBSM"
"KBSM","636","SampleWeight","81.5","KBSM"
"KBSM","637","SampleWeight","87.1","KBSM"
"KBSM","638","SampleWeight","96.6","KBSM"
"KBSM","639","SampleWeight","82.6","KBSM"
"KBSM","640","SampleWeight","78.1","KBSM"
"KBSM","641","SampleWeight","84.6","KBSM"
"KBSM","642","SampleWeight","78.9","KBSM"
"KBSM","643","SampleWeight","81.6","KBSM"
"KBSM","644","SampleWeight","87.1","KBSM"
"KBSM","645","SampleWeight","*","KBSM"
"KBSM","647","SampleWeight","*","KBSM"
"KBSM","648","SampleWeight","82.6","KBSM"
"KBSM","649","SampleWeight","86.4","KBSM"
"KBSM","652","SampleWeight","81.4","KBSM"
"KBSM","654","SampleWeight","82.3","KBSM"
"KBSM","655","SampleWeight","83","KBSM"
"KBSM","656","SampleWeight","79.2","KBSM"
"KBSM","657","SampleWeight","82.8","KBSM"
"KBSM","658","SampleWeight","96","KBSM"
"KBSM","660","SampleWeight","79.5","KBSM"
"KBSM","661","SampleWeight","87.8","KBSM"
"KBSM","663","SampleWeight","87.5","KBSM"
"KBSM","664","SampleWeight","87.8","KBSM"
"KBSM","666","SampleWeight","82.4","KBSM"
"KBSM","667","SampleWeight","80.6","KBSM"
"KBSM","668","SampleWeight","87.7","KBSM"
"KBSM","669","SampleWeight","98.7","KBSM"
"KBSM","670","SampleWeight","81.9","KBSM"
"KBSM","671","SampleWeight","*","KBSM"
"KBSM","672","SampleWeight","82.8","KBSM"
"KBSM","673","SampleWeight","83.2","KBSM"
"KBSM","674","SampleWeight","87.3","KBSM"
"KBSM","675","SampleWeight","79.3","KBSM"
"KBSM","677","SampleWeight","*","KBSM"
"KBSM","679","SampleWeight","83.2","KBSM"
"KBSM","680","SampleWeight","85.4","KBSM"
"KBSM","681","SampleWeight","85.6","KBSM"
"KBSM","682","SampleWeight","88.7","KBSM"
"KBSM","683","SampleWeight","85.1","KBSM"
"KBSM","684","SampleWeight","93.5","KBSM"
"KBSM","685","SampleWeight","87.8","KBSM"
"KBSM","686","SampleWeight","81.9","KBSM"
"KBSM","689","SampleWeight","*","KBSM"
"KBSM","690","SampleWeight","82.6","KBSM"
"KBSM","691","SampleWeight","94.5","KBSM"
"KBSM","692","SampleWeight","85.7","KBSM"
"KBSM","693","SampleWeight","88.1","KBSM"
"KBSM","694","SampleWeight","83.4","KBSM"
"KBSM","695","SampleWeight","79.9","KBSM"
"KBSM","696","SampleWeight","96.1","KBSM"
"KBSM","697","SampleWeight","83","KBSM"
"KBSM","698","SampleWeight","88.4","KBSM"
"KBSM","699","SampleWeight","80.2","KBSM"
"KBSM","700","SampleWeight","95.1","KBSM"
"KBSM","702","SampleWeight","*","KBSM"
"KBSM","703","SampleWeight","87","KBSM"
"KBSM","704","SampleWeight","84.1","KBSM"
"KBSM","705","SampleWeight","83.4","KBSM"
"KBSM","706","SampleWeight","83.8","KBSM"
"KBSM","707","SampleWeight","*","KBSM"
"KBSM","708","SampleWeight","*","KBSM"
"KBSM","710","SampleWeight","85.6","KBSM"
"KBSM","711","SampleWeight","86.5","KBSM"
"KBSM","712","SampleWeight","83.4","KBSM"
"KBSM","713","SampleWeight","93.5","KBSM"
"KBSM","714","SampleWeight","*","KBSM"
"KBSM","715","SampleWeight","89.2","KBSM"
"KBSM","716","SampleWeight","82","KBSM"
"KBSM","718","SampleWeight","*","KBSM"
"KBSM","719","SampleWeight","80.9","KBSM"
"KBSM","720","SampleWeight","80.7","KBSM"
"KBSM","721","SampleWeight","83","KBSM"
"KBSM","722","SampleWeight","89.6","KBSM"
"KBSM","723","SampleWeight","*","KBSM"
"KBSM","724","SampleWeight","83.1","KBSM"
"KBSM","725","SampleWeight","92.5","KBSM"
"KBSM","726","SampleWeight","88.2","KBSM"
"KBSM","729","SampleWeight","85","KBSM"
"KBSM","730","SampleWeight","79.4","KBSM"
"KBSM","731","SampleWeight","84.7","KBSM"
"KBSM","732","SampleWeight","85.8","KBSM"
"KBSM","733","SampleWeight","80","KBSM"
"KBSM","734","SampleWeight","80.2","KBSM"
"KBSM","735","SampleWeight","83.5","KBSM"
"KBSM","736","SampleWeight","84.6","KBSM"
"KBSM","737","SampleWeight","82.8","KBSM"
"KBSM","738","SampleWeight","84","KBSM"
"KBSM","739","SampleWeight","86","KBSM"
"KBSM","740","SampleWeight","80.9","KBSM"
"KBSM","742","SampleWeight","84.6","KBSM"
"KBSM","743","SampleWeight","89.5","KBSM"
"KBSM","744","SampleWeight","82.1","KBSM"
"KBSM","745","SampleWeight","85.4","KBSM"
"KBSM","746","SampleWeight","82.7","KBSM"
"KBSM","748","SampleWeight","78.6","KBSM"
"KBSM","749","SampleWeight","85.2","KBSM"
"KBSM","750","SampleWeight","78.1","KBSM"
"KBSM","751","SampleWeight","95.8","KBSM"
"KBSM","752","SampleWeight","78.9","KBSM"
"KBSM","753","SampleWeight","77.8","KBSM"
"KBSM","755","SampleWeight","86.1","KBSM"
"KBSM","756","SampleWeight","84.3","KBSM"
"KBSM","757","SampleWeight","90.4","KBSM"
"KBSM","758","SampleWeight","87.6","KBSM"
"KBSM","759","SampleWeight","84.9","KBSM"
"KBSM","760","SampleWeight","79.4","KBSM"
"KBSM","761","SampleWeight","83.1","KBSM"
"KBSM","762","SampleWeight","82.9","KBSM"
"KBSM","763","SampleWeight","84.7","KBSM"
"KBSM","764","SampleWeight","89.5","KBSM"
"KBSM","765","SampleWeight","77.1","KBSM"
"KBSM","766","SampleWeight","91.8","KBSM"
"KBSM","767","SampleWeight","85.5","KBSM"
"KBSM","768","SampleWeight","82.3","KBSM"
"KBSM","769","SampleWeight","*","KBSM"
"KBSM","770","SampleWeight","95.5","KBSM"
"KBSM","771","SampleWeight","83.8","KBSM"
"KBSM","772","SampleWeight","87.7","KBSM"
"KBSM","773","SampleWeight","81.6","KBSM"
"KBSM","774","SampleWeight","82.4","KBSM"
"KBSM","775","SampleWeight","82.7","KBSM"
"KBSM","776","SampleWeight","85.8","KBSM"
"KBSM","777","SampleWeight","84.3","KBSM"
"KBSM","778","SampleWeight","80.5","KBSM"
"KBSM","779","SampleWeight","82.5","KBSM"
"KBSM","780","SampleWeight","96.7","KBSM"
"KBSM","781","SampleWeight","*","KBSM"
"KBSM","782","SampleWeight","79.9","KBSM"
"KBSM","783","SampleWeight","85.5","KBSM"
"KBSM","784","SampleWeight","82","KBSM"
"KBSM","785","SampleWeight","85.7","KBSM"
"KBSM","786","SampleWeight","76","KBSM"
"KBSM","787","SampleWeight","79.9","KBSM"
"KBSM","788","SampleWeight","87.7","KBSM"
"KBSM","789","SampleWeight","80.2","KBSM"
"KBSM","790","SampleWeight","83.3","KBSM"
"KBSM","792","SampleWeight","84.5","KBSM"
"KBSM","794","SampleWeight","96.6","KBSM"
"KBSM","795","SampleWeight","83.8","KBSM"
"KBSM","796","SampleWeight","*","KBSM"
"KBSM","797","SampleWeight","94","KBSM"
"KBSM","799","SampleWeight","*","KBSM"
"KBSM","800","SampleWeight","87.9","KBSM"
"KBSM","801","SampleWeight","84.7","KBSM"
"KBSM","802","SampleWeight","88.2","KBSM"
"KBSM","803","SampleWeight","89.3","KBSM"
"KBSM","804","SampleWeight","80.1","KBSM"
"KBSM","805","SampleWeight","82.2","KBSM"
"KBSM","806","SampleWeight","81.5","KBSM"
"KBSM","808","SampleWeight","83.9","KBSM"
"KBSM","809","SampleWeight","79.7","KBSM"
"KBSM","810","SampleWeight","85.6","KBSM"
"KBSM","811","SampleWeight","86","KBSM"
"KBSM","812","SampleWeight","82.8","KBSM"
"KBSM","813","SampleWeight","87.9","KBSM"
"KBSM","814","SampleWeight","89","KBSM"
"KBSM","815","SampleWeight","85.7","KBSM"
"KBSM","816","SampleWeight","85.4","KBSM"
"KBSM","817","SampleWeight","*","KBSM"
"KBSM","818","SampleWeight","90","KBSM"
"KBSM","819","SampleWeight","96.4","KBSM"
"KBSM","820","SampleWeight","83.1","KBSM"
"KBSM","821","SampleWeight","89.1","KBSM"
"KBSM","822","SampleWeight","88.6","KBSM"
"KBSM","823","SampleWeight","77.7","KBSM"
"KBSM","824","SampleWeight","81.5","KBSM"
"KBSM","825","SampleWeight","83.8","KBSM"
"PKLE","1","SampleWeight","79.7","PKLE"
"PKLE","2","SampleWeight","81.1","PKLE"
"PKLE","3","SampleWeight","82.6","PKLE"
"PKLE","4","SampleWeight","77.5","PKLE"
"PKLE","5","SampleWeight","88.8","PKLE"
"PKLE","7","SampleWeight","81","PKLE"
"PKLE","8","SampleWeight","82.2","PKLE"
"PKLE","9","SampleWeight","79.6","PKLE"
"PKLE","10","SampleWeight","80.6","PKLE"
"PKLE","11","SampleWeight","97.8","PKLE"
"PKLE","12","SampleWeight","92.2","PKLE"
"PKLE","13","SampleWeight","90.2","PKLE"
"PKLE","14","SampleWeight","79.5","PKLE"
"PKLE","15","SampleWeight","95.4","PKLE"
"PKLE","16","SampleWeight","94.3","PKLE"
"PKLE","17","SampleWeight","87.5","PKLE"
"PKLE","18","SampleWeight","77.9","PKLE"
"PKLE","19","SampleWeight","84.3","PKLE"
"PKLE","20","SampleWeight","84.1","PKLE"
"PKLE","21","SampleWeight","*","PKLE"
"PKLE","22","SampleWeight","84.8","PKLE"
"PKLE","23","SampleWeight","83","PKLE"
"PKLE","24","SampleWeight","*","PKLE"
"PKLE","25","SampleWeight","93.6","PKLE"
"PKLE","26","SampleWeight","91.1","PKLE"
"PKLE","27","SampleWeight","*","PKLE"
"PKLE","28","SampleWeight","82.5","PKLE"
"PKLE","29","SampleWeight","89","PKLE"
"PKLE","30","SampleWeight","78.7","PKLE"
"PKLE","31","SampleWeight","81.4","PKLE"
"PKLE","32","SampleWeight","81.1","PKLE"
"PKLE","33","SampleWeight","77.3","PKLE"
"PKLE","34","SampleWeight","87.6","PKLE"
"PKLE","35","SampleWeight","86.7","PKLE"
"PKLE","36","SampleWeight","81.7","PKLE"
"PKLE","37","SampleWeight","79","PKLE"
"PKLE","38","SampleWeight","90.6","PKLE"
"PKLE","39","SampleWeight","89.2","PKLE"
"PKLE","40","SampleWeight","92.9","PKLE"
"PKLE","41","SampleWeight","79.6","PKLE"
"PKLE","42","SampleWeight","86.6","PKLE"
"PKLE","43","SampleWeight","89.7","PKLE"
"PKLE","44","SampleWeight","80.2","PKLE"
"PKLE","46","SampleWeight","85.7","PKLE"
"PKLE","48","SampleWeight","83.3","PKLE"
"PKLE","49","SampleWeight","*","PKLE"
"PKLE","50","SampleWeight","*","PKLE"
"PKLE","52","SampleWeight","82","PKLE"
"PKLE","53","SampleWeight","89.5","PKLE"
"PKLE","54","SampleWeight","94.2","PKLE"
"PKLE","55","SampleWeight","81.5","PKLE"
"PKLE","56","SampleWeight","89.1","PKLE"
"PKLE","57","SampleWeight","*","PKLE"
"PKLE","58","SampleWeight","85.1","PKLE"
"PKLE","59","SampleWeight","*","PKLE"
"PKLE","60","SampleWeight","*","PKLE"
"PKLE","61","SampleWeight","93.6","PKLE"
"PKLE","62","SampleWeight","84.8","PKLE"
"PKLE","63","SampleWeight","80.2","PKLE"
"PKLE","64","SampleWeight","*","PKLE"
"PKLE","65","SampleWeight","81.2","PKLE"
"PKLE","66","SampleWeight","82.1","PKLE"
"PKLE","67","SampleWeight","84.7","PKLE"
"PKLE","68","SampleWeight","84.3","PKLE"
"PKLE","69","SampleWeight","85.3","PKLE"
"PKLE","70","SampleWeight","92.2","PKLE"
"PKLE","71","SampleWeight","*","PKLE"
"PKLE","72","SampleWeight","81","PKLE"
"PKLE","73","SampleWeight","81.1","PKLE"
"PKLE","74","SampleWeight","93.6","PKLE"
"PKLE","75","SampleWeight","*","PKLE"
"PKLE","76","SampleWeight","83.8","PKLE"
"PKLE","77","SampleWeight","81.3","PKLE"
"PKLE","78","SampleWeight","81.9","PKLE"
"PKLE","79","SampleWeight","80.1","PKLE"
"PKLE","80","SampleWeight","84.4","PKLE"
"PKLE","81","SampleWeight","80.3","PKLE"
"PKLE","83","SampleWeight","82.2","PKLE"
"PKLE","84","SampleWeight","83.9","PKLE"
"PKLE","85","SampleWeight","89.7","PKLE"
"PKLE","86","SampleWeight","84.5","PKLE"
"PKLE","87","SampleWeight","93.6","PKLE"
"PKLE","88","SampleWeight","*","PKLE"
"PKLE","89","SampleWeight","86.6","PKLE"
"PKLE","90","SampleWeight","90.1","PKLE"
"PKLE","91","SampleWeight","92.1","PKLE"
"PKLE","93","SampleWeight","93","PKLE"
"PKLE","94","SampleWeight","*","PKLE"
"PKLE","95","SampleWeight","87.2","PKLE"
"PKLE","96","SampleWeight","*","PKLE"
"PKLE","97","SampleWeight","81.8","PKLE"
"PKLE","99","SampleWeight","92.7","PKLE"
"PKLE","100","SampleWeight","87.5","PKLE"
"PKLE","101","SampleWeight","91.7","PKLE"
"PKLE","102","SampleWeight","*","PKLE"
"PKLE","103","SampleWeight","*","PKLE"
"PKLE","104","SampleWeight","87","PKLE"
"PKLE","105","SampleWeight","81.9","PKLE"
"PKLE","106","SampleWeight","88.6","PKLE"
"PKLE","107","SampleWeight","78.1","PKLE"
"PKLE","110","SampleWeight","88.3","PKLE"
"PKLE","111","SampleWeight","89.9","PKLE"
"PKLE","112","SampleWeight","92.9","PKLE"
"PKLE","113","SampleWeight","92.8","PKLE"
"PKLE","114","SampleWeight","97.9","PKLE"
"PKLE","115","SampleWeight","91","PKLE"
"PKLE","116","SampleWeight","*","PKLE"
"PKLE","117","SampleWeight","76.3","PKLE"
"PKLE","118","SampleWeight","84.6","PKLE"
"PKLE","119","SampleWeight","85","PKLE"
"PKLE","120","SampleWeight","*","PKLE"
"PKLE","122","SampleWeight","82.7","PKLE"
"PKLE","123","SampleWeight","86.5","PKLE"
"PKLE","125","SampleWeight","81.1","PKLE"
"PKLE","126","SampleWeight","83.4","PKLE"
"PKLE","127","SampleWeight","80.4","PKLE"
"PKLE","128","SampleWeight","83","PKLE"
"PKLE","130","SampleWeight","79.9","PKLE"
"PKLE","131","SampleWeight","88.2","PKLE"
"PKLE","132","SampleWeight","*","PKLE"
"PKLE","134","SampleWeight","85.8","PKLE"
"PKLE","135","SampleWeight","92.7","PKLE"
"PKLE","136","SampleWeight","*","PKLE"
"PKLE","137","SampleWeight","83.2","PKLE"
"PKLE","138","SampleWeight","80.2","PKLE"
"PKLE","139","SampleWeight","83.1","PKLE"
"PKLE","141","SampleWeight","*","PKLE"
"PKLE","142","SampleWeight","77.8","PKLE"
"PKLE","143","SampleWeight","80.9","PKLE"
"PKLE","144","SampleWeight","80.2","PKLE"
"PKLE","145","SampleWeight","80.5","PKLE"
"PKLE","146","SampleWeight","86.4","PKLE"
"PKLE","147","SampleWeight","*","PKLE"
"PKLE","148","SampleWeight","92.5","PKLE"
"PKLE","150","SampleWeight","85.5","PKLE"
"PKLE","151","SampleWeight","80.1","PKLE"
"PKLE","152","SampleWeight","*","PKLE"
"PKLE","153","SampleWeight","90.5","PKLE"
"PKLE","154","SampleWeight","80","PKLE"
"PKLE","155","SampleWeight","82.4","PKLE"
"PKLE","156","SampleWeight","86.8","PKLE"
"PKLE","157","SampleWeight","84.6","PKLE"
"PKLE","158","SampleWeight","85.3","PKLE"
"PKLE","159","SampleWeight","*","PKLE"
"PKLE","161","SampleWeight","91","PKLE"
"PKLE","163","SampleWeight","*","PKLE"
"PKLE","164","SampleWeight","80.4","PKLE"
"PKLE","166","SampleWeight","91.7","PKLE"
"PKLE","167","SampleWeight","89.1","PKLE"
"PKLE","168","SampleWeight","83.5","PKLE"
"PKLE","169","SampleWeight","83.1","PKLE"
"PKLE","170","SampleWeight","86","PKLE"
"PKLE","171","SampleWeight","87.2","PKLE"
"PKLE","172","SampleWeight","88.1","PKLE"
"PKLE","173","SampleWeight","82.3","PKLE"
"PKLE","174","SampleWeight","79.7","PKLE"
"PKLE","175","SampleWeight","79.5","PKLE"
"PKLE","176","SampleWeight","79.8","PKLE"
"PKLE","177","SampleWeight","78.2","PKLE"
"PKLE","178","SampleWeight","94.3","PKLE"
"PKLE","179","SampleWeight","*","PKLE"
"PKLE","180","SampleWeight","*","PKLE"
"PKLE","181","SampleWeight","*","PKLE"
"PKLE","182","SampleWeight","80.8","PKLE"
"PKLE","184","SampleWeight","91.4","PKLE"
"PKLE","185","SampleWeight","78.7","PKLE"
"PKLE","186","SampleWeight","*","PKLE"
"PKLE","187","SampleWeight","84.1","PKLE"
"PKLE","188","SampleWeight","80.2","PKLE"
"PKLE","189","SampleWeight","87.4","PKLE"
"PKLE","190","SampleWeight","*","PKLE"
"PKLE","191","SampleWeight","91.6","PKLE"
"PKLE","192","SampleWeight","*","PKLE"
"PKLE","193","SampleWeight","83.3","PKLE"
"PKLE","194","SampleWeight","90","PKLE"
"PKLE","195","SampleWeight","89.9","PKLE"
"PKLE","196","SampleWeight","*","PKLE"
"PKLE","197","SampleWeight","91.4","PKLE"
"PKLE","198","SampleWeight","81","PKLE"
"PKLE","199","SampleWeight","84.4","PKLE"
"PKLE","200","SampleWeight","84.6","PKLE"
"PKLE","201","SampleWeight","87.7","PKLE"
"PKLE","203","SampleWeight","86.4","PKLE"
"PKLE","204","SampleWeight","84.8","PKLE"
"PKLE","205","SampleWeight","78.5","PKLE"
"PKLE","207","SampleWeight","83.4","PKLE"
"PKLE","208","SampleWeight","86","PKLE"
"PKLE","209","SampleWeight","78","PKLE"
"PKLE","210","SampleWeight","85.1","PKLE"
"PKLE","211","SampleWeight","81.7","PKLE"
"PKLE","212","SampleWeight","*","PKLE"
"PKLE","213","SampleWeight","89.2","PKLE"
"PKLE","214","SampleWeight","79.5","PKLE"
"PKLE","215","SampleWeight","82.4","PKLE"
"PKLE","216","SampleWeight","88.2","PKLE"
"PKLE","217","SampleWeight","89.7","PKLE"
"PKLE","218","SampleWeight","83.8","PKLE"
"PKLE","219","SampleWeight","*","PKLE"
"PKLE","220","SampleWeight","95.7","PKLE"
"PKLE","221","SampleWeight","80.4","PKLE"
"PKLE","222","SampleWeight","87.2","PKLE"
"PKLE","223","SampleWeight","*","PKLE"
"PKLE","224","SampleWeight","87.9","PKLE"
"PKLE","225","SampleWeight","81.9","PKLE"
"PKLE","226","SampleWeight","85.9","PKLE"
"PKLE","227","SampleWeight","85.7","PKLE"
"PKLE","228","SampleWeight","82.8","PKLE"
"PKLE","229","SampleWeight","88.1","PKLE"
"PKLE","230","SampleWeight","90.9","PKLE"
"PKLE","231","SampleWeight","81.3","PKLE"
"PKLE","232","SampleWeight","85.6","PKLE"
"PKLE","233","SampleWeight","*","PKLE"
"PKLE","234","SampleWeight","81.3","PKLE"
"PKLE","235","SampleWeight","88.3","PKLE"
"PKLE","236","SampleWeight","84.4","PKLE"
"PKLE","237","SampleWeight","93.4","PKLE"
"PKLE","238","SampleWeight","*","PKLE"
"PKLE","239","SampleWeight","90.3","PKLE"
"PKLE","240","SampleWeight","*","PKLE"
"PKLE","241","SampleWeight","*","PKLE"
"PKLE","242","SampleWeight","87.2","PKLE"
"PKLE","243","SampleWeight","84.6","PKLE"
"PKLE","244","SampleWeight","78.6","PKLE"
"PKLE","245","SampleWeight","81","PKLE"
"PKLE","246","SampleWeight","94.3","PKLE"
"PKLE","247","SampleWeight","79.6","PKLE"
"PKLE","248","SampleWeight","87.1","PKLE"
"PKLE","249","SampleWeight","92.7","PKLE"
"PKLE","250","SampleWeight","81.7","PKLE"
"PKLE","251","SampleWeight","*","PKLE"
"PKLE","252","SampleWeight","93.1","PKLE"
"PKLE","253","SampleWeight","*","PKLE"
"PKLE","254","SampleWeight","94.4","PKLE"
"PKLE","255","SampleWeight","81.7","PKLE"
"PKLE","256","SampleWeight","85.4","PKLE"
"PKLE","257","SampleWeight","93.8","PKLE"
"PKLE","258","SampleWeight","*","PKLE"
"PKLE","259","SampleWeight","85.6","PKLE"
"PKLE","260","SampleWeight","78.9","PKLE"
"PKLE","261","SampleWeight","81.8","PKLE"
"PKLE","262","SampleWeight","*","PKLE"
"PKLE","263","SampleWeight","98.3","PKLE"
"PKLE","264","SampleWeight","81.1","PKLE"
"PKLE","265","SampleWeight","92.9","PKLE"
"PKLE","267","SampleWeight","77.6","PKLE"
"PKLE","268","SampleWeight","*","PKLE"
"PKLE","269","SampleWeight","*","PKLE"
"PKLE","270","SampleWeight","91","PKLE"
"PKLE","271","SampleWeight","*","PKLE"
"PKLE","272","SampleWeight","96.4","PKLE"
"PKLE","273","SampleWeight","80.5","PKLE"
"PKLE","274","SampleWeight","79.6","PKLE"
"PKLE","275","SampleWeight","84","PKLE"
"PKLE","276","SampleWeight","*","PKLE"
"PKLE","277","SampleWeight","91.2","PKLE"
"PKLE","278","SampleWeight","*","PKLE"
"PKLE","279","SampleWeight","88.5","PKLE"
"PKLE","281","SampleWeight","87","PKLE"
"PKLE","282","SampleWeight","*","PKLE"
"PKLE","283","SampleWeight","*","PKLE"
"PKLE","284","SampleWeight","90.6","PKLE"
"PKLE","285","SampleWeight","*","PKLE"
"PKLE","286","SampleWeight","89.2","PKLE"
"PKLE","287","SampleWeight","81.6","PKLE"
"PKLE","288","SampleWeight","*","PKLE"
"PKLE","289","SampleWeight","86.5","PKLE"
"PKLE","290","SampleWeight","*","PKLE"
"PKLE","292","SampleWeight","79.1","PKLE"
"PKLE","293","SampleWeight","80.1","PKLE"
"PKLE","294","SampleWeight","83.2","PKLE"
"PKLE","296","SampleWeight","99.5","PKLE"
"PKLE","297","SampleWeight","83.5","PKLE"
"PKLE","298","SampleWeight","*","PKLE"
"PKLE","299","SampleWeight","78","PKLE"
"PKLE","300","SampleWeight","80.2","PKLE"
"PKLE","301","SampleWeight","78.9","PKLE"
"PKLE","302","SampleWeight","98.2","PKLE"
"PKLE","303","SampleWeight","81.1","PKLE"
"PKLE","304","SampleWeight","84","PKLE"
"PKLE","305","SampleWeight","87.4","PKLE"
"PKLE","306","SampleWeight","78.8","PKLE"
"PKLE","307","SampleWeight","80.2","PKLE"
"PKLE","308","SampleWeight","79.9","PKLE"
"PKLE","310","SampleWeight","83.8","PKLE"
"PKLE","311","SampleWeight","95.5","PKLE"
"PKLE","312","SampleWeight","86.7","PKLE"
"PKLE","313","SampleWeight","79.5","PKLE"
"PKLE","314","SampleWeight","89.2","PKLE"
"PKLE","315","SampleWeight","81.7","PKLE"
"PKLE","317","SampleWeight","79","PKLE"
"PKLE","318","SampleWeight","89.2","PKLE"
"PKLE","319","SampleWeight","*","PKLE"
"PKLE","320","SampleWeight","78.2","PKLE"
"PKLE","322","SampleWeight","85.6","PKLE"
"PKLE","323","SampleWeight","87.4","PKLE"
"PKLE","324","SampleWeight","83.1","PKLE"
"PKLE","325","SampleWeight","85.9","PKLE"
"PKLE","326","SampleWeight","*","PKLE"
"PKLE","328","SampleWeight","80.4","PKLE"
"PKLE","330","SampleWeight","87.5","PKLE"
"PKLE","332","SampleWeight","80.5","PKLE"
"PKLE","333","SampleWeight","91.6","PKLE"
"PKLE","334","SampleWeight","82.1","PKLE"
"PKLE","335","SampleWeight","82.7","PKLE"
"PKLE","336","SampleWeight","88.3","PKLE"
"PKLE","337","SampleWeight","90.3","PKLE"
"PKLE","338","SampleWeight","81.6","PKLE"
"PKLE","339","SampleWeight","83.8","PKLE"
"PKLE","340","SampleWeight","78.1","PKLE"
"PKLE","341","SampleWeight","80.6","PKLE"
"PKLE","342","SampleWeight","91.6","PKLE"
"PKLE","343","SampleWeight","91.8","PKLE"
"PKLE","345","SampleWeight","78.9","PKLE"
"PKLE","346","SampleWeight","81.2","PKLE"
"PKLE","347","SampleWeight","82","PKLE"
"PKLE","349","SampleWeight","96.5","PKLE"
"PKLE","350","SampleWeight","87.7","PKLE"
"PKLE","352","SampleWeight","82.4","PKLE"
"PKLE","353","SampleWeight","90.5","PKLE"
"PKLE","354","SampleWeight","84.2","PKLE"
"PKLE","355","SampleWeight","*","PKLE"
"PKLE","356","SampleWeight","82.7","PKLE"
"PKLE","358","SampleWeight","81.8","PKLE"
"PKLE","359","SampleWeight","91.6","PKLE"
"PKLE","360","SampleWeight","82.5","PKLE"
"PKLE","361","SampleWeight","83.4","PKLE"
"PKLE","363","SampleWeight","94.2","PKLE"
"PKLE","364","SampleWeight","87.7","PKLE"
"PKLE","365","SampleWeight","81.5","PKLE"
"PKLE","366","SampleWeight","83.7","PKLE"
"PKLE","367","SampleWeight","78.7","PKLE"
"PKLE","368","SampleWeight","86.4","PKLE"
"PKLE","369","SampleWeight","88.2","PKLE"
"PKLE","370","SampleWeight","81.7","PKLE"
"PKLE","371","SampleWeight","82.1","PKLE"
"PKLE","372","SampleWeight","89.6","PKLE"
"PKLE","373","SampleWeight","83","PKLE"
"PKLE","374","SampleWeight","85.1","PKLE"
"PKLE","375","SampleWeight","79.8","PKLE"
"PKLE","377","SampleWeight","*","PKLE"
"PKLE","378","SampleWeight","79.5","PKLE"
"PKLE","379","SampleWeight","83.2","PKLE"
"PKLE","380","SampleWeight","81.1","PKLE"
"PKLE","381","SampleWeight","80.5","PKLE"
"PKLE","382","SampleWeight","92.1","PKLE"
"PKLE","383","SampleWeight","91.3","PKLE"
"PKLE","384","SampleWeight","90.8","PKLE"
"PKLE","386","SampleWeight","82.2","PKLE"
"PKLE","388","SampleWeight","88.8","PKLE"
"PKLE","389","SampleWeight","89.7","PKLE"
"PKLE","390","SampleWeight","87.3","PKLE"
"PKLE","391","SampleWeight","92.3","PKLE"
"PKLE","392","SampleWeight","84.6","PKLE"
"PKLE","393","SampleWeight","82.5","PKLE"
"PKLE","394","SampleWeight","*","PKLE"
"PKLE","395","SampleWeight","80.4","PKLE"
"PKLE","396","SampleWeight","91.2","PKLE"
"PKLE","397","SampleWeight","80.3","PKLE"
"PKLE","398","SampleWeight","*","PKLE"
"PKLE","399","SampleWeight","94.4","PKLE"
"PKLE","400","SampleWeight","89.8","PKLE"
"PKLE","402","SampleWeight","85.5","PKLE"
"PKLE","403","SampleWeight","*","PKLE"
"PKLE","404","SampleWeight","83.7","PKLE"
"PKLE","405","SampleWeight","86.6","PKLE"
"PKLE","406","SampleWeight","80.2","PKLE"
"PKLE","407","SampleWeight","92.2","PKLE"
"PKLE","408","SampleWeight","77.8","PKLE"
"PKLE","409","SampleWeight","78","PKLE"
"PKLE","410","SampleWeight","82.7","PKLE"
"PKLE","411","SampleWeight","88.9","PKLE"
"PKLE","412","SampleWeight","95.8","PKLE"
"PKLE","413","SampleWeight","82.6","PKLE"
"PKLE","414","SampleWeight","83.3","PKLE"
"PKLE","415","SampleWeight","80.9","PKLE"
"PKLE","416","SampleWeight","79.9","PKLE"
"PKLE","417","SampleWeight","94.6","PKLE"
"PKLE","418","SampleWeight","*","PKLE"
"PKLE","419","SampleWeight","*","PKLE"
"PKLE","420","SampleWeight","89.6","PKLE"
"PKLE","421","SampleWeight","*","PKLE"
"PKLE","422","SampleWeight","94.7","PKLE"
"PKLE","423","SampleWeight","87.8","PKLE"
"PKLE","424","SampleWeight","88.2","PKLE"
"PKLE","425","SampleWeight","87.7","PKLE"
"PKLE","426","SampleWeight","87.8","PKLE"
"PKLE","427","SampleWeight","*","PKLE"
"PKLE","428","SampleWeight","82.4","PKLE"
"PKLE","429","SampleWeight","88.7","PKLE"
"PKLE","431","SampleWeight","82","PKLE"
"PKLE","432","SampleWeight","81.1","PKLE"
"PKLE","433","SampleWeight","78.1","PKLE"
"PKLE","435","SampleWeight","81.6","PKLE"
"PKLE","436","SampleWeight","90.8","PKLE"
"PKLE","437","SampleWeight","87","PKLE"
"PKLE","438","SampleWeight","90.4","PKLE"
"PKLE","439","SampleWeight","91.2","PKLE"
"PKLE","440","SampleWeight","88.2","PKLE"
"PKLE","442","SampleWeight","89.3","PKLE"
"PKLE","443","SampleWeight","78.3","PKLE"
"PKLE","444","SampleWeight","93.2","PKLE"
"PKLE","445","SampleWeight","81.6","PKLE"
"PKLE","446","SampleWeight","84.9","PKLE"
"PKLE","447","SampleWeight","86.9","PKLE"
"PKLE","448","SampleWeight","87.8","PKLE"
"PKLE","449","SampleWeight","92.4","PKLE"
"PKLE","450","SampleWeight","91.2","PKLE"
"PKLE","451","SampleWeight","78.6","PKLE"
"PKLE","452","SampleWeight","86.2","PKLE"
"PKLE","453","SampleWeight","88.4","PKLE"
"PKLE","454","SampleWeight","*","PKLE"
"PKLE","455","SampleWeight","96","PKLE"
"PKLE","456","SampleWeight","84.2","PKLE"
"PKLE","458","SampleWeight","92.1","PKLE"
"PKLE","459","SampleWeight","79.7","PKLE"
"PKLE","460","SampleWeight","87.4","PKLE"
"PKLE","461","SampleWeight","94.3","PKLE"
"PKLE","462","SampleWeight","80.2","PKLE"
"PKLE","463","SampleWeight","95.6","PKLE"
"PKLE","464","SampleWeight","88.1","PKLE"
"PKLE","465","SampleWeight","86.5","PKLE"
"PKLE","466","SampleWeight","82.2","PKLE"
"PKLE","467","SampleWeight","82.5","PKLE"
"PKLE","468","SampleWeight","84.6","PKLE"
"PKLE","469","SampleWeight","89.6","PKLE"
"PKLE","470","SampleWeight","89.7","PKLE"
"PKLE","471","SampleWeight","81.8","PKLE"
"PKLE","472","SampleWeight","85.3","PKLE"
"PKLE","473","SampleWeight","85.3","PKLE"
"PKLE","474","SampleWeight","84.2","PKLE"
"PKLE","475","SampleWeight","90.4","PKLE"
"PKLE","476","SampleWeight","94.3","PKLE"
"PKLE","477","SampleWeight","95","PKLE"
"PKLE","479","SampleWeight","80.9","PKLE"
"PKLE","480","SampleWeight","88.8","PKLE"
"PKLE","482","SampleWeight","81.5","PKLE"
"PKLE","483","SampleWeight","87.4","PKLE"
"PKLE","484","SampleWeight","82.3","PKLE"
"PKLE","485","SampleWeight","81.7","PKLE"
"PKLE","486","SampleWeight","82.3","PKLE"
"PKLE","487","SampleWeight","82.8","PKLE"
"PKLE","488","SampleWeight","82.6","PKLE"
"PKLE","489","SampleWeight","78.5","PKLE"
"PKLE","491","SampleWeight","89.4","PKLE"
"PKLE","492","SampleWeight","90.3","PKLE"
"PKLE","493","SampleWeight","81.55","PKLE"
"PKLE","494","SampleWeight","87.1","PKLE"
"PKLE","495","SampleWeight","93","PKLE"
"PKLE","496","SampleWeight","83.8","PKLE"
"PKLE","497","SampleWeight","87.8","PKLE"
"PKLE","498","SampleWeight","83.5","PKLE"
"PKLE","499","SampleWeight","81.9","PKLE"
"PKLE","500","SampleWeight","82.6","PKLE"
"PKLE","501","SampleWeight","81","PKLE"
"PKLE","502","SampleWeight","79.3","PKLE"
"PKLE","503","SampleWeight","84.8","PKLE"
"PKLE","504","SampleWeight","92.3","PKLE"
"PKLE","505","SampleWeight","81.7","PKLE"
"PKLE","506","SampleWeight","83.1","PKLE"
"PKLE","507","SampleWeight","88.8","PKLE"
"PKLE","508","SampleWeight","82.1","PKLE"
"PKLE","511","SampleWeight","90.6","PKLE"
"PKLE","512","SampleWeight","82","PKLE"
"PKLE","513","SampleWeight","81","PKLE"
"PKLE","514","SampleWeight","77.9","PKLE"
"PKLE","515","SampleWeight","89.3","PKLE"
"PKLE","516","SampleWeight","86.2","PKLE"
"PKLE","518","SampleWeight","80.2","PKLE"
"PKLE","519","SampleWeight","*","PKLE"
"PKLE","520","SampleWeight","82.6","PKLE"
"PKLE","521","SampleWeight","79.6","PKLE"
"PKLE","522","SampleWeight","86.2","PKLE"
"PKLE","523","SampleWeight","83","PKLE"
"PKLE","524","SampleWeight","79.6","PKLE"
"PKLE","525","SampleWeight","84.7","PKLE"
"PKLE","526","SampleWeight","82.1","PKLE"
"PKLE","527","SampleWeight","92.4","PKLE"
"PKLE","529","SampleWeight","87.1","PKLE"
"PKLE","530","SampleWeight","90.9","PKLE"
"PKLE","531","SampleWeight","84.6","PKLE"
"PKLE","532","SampleWeight","86","PKLE"
"PKLE","533","SampleWeight","77.8","PKLE"
"PKLE","534","SampleWeight","82.2","PKLE"
"PKLE","535","SampleWeight","94.6","PKLE"
"PKLE","536","SampleWeight","98.2","PKLE"
"PKLE","537","SampleWeight","95.4","PKLE"
"PKLE","539","SampleWeight","79.2","PKLE"
"PKLE","540","SampleWeight","89.8","PKLE"
"PKLE","541","SampleWeight","81.7","PKLE"
"PKLE","542","SampleWeight","77.9","PKLE"
"PKLE","544","SampleWeight","93.2","PKLE"
"PKLE","545","SampleWeight","94","PKLE"
"PKLE","546","SampleWeight","87.8","PKLE"
"PKLE","547","SampleWeight","84.5","PKLE"
"PKLE","548","SampleWeight","86.4","PKLE"
"PKLE","549","SampleWeight","83.4","PKLE"
"PKLE","551","SampleWeight","77.3","PKLE"
"PKLE","552","SampleWeight","81.1","PKLE"
"PKLE","553","SampleWeight","79.7","PKLE"
"PKLE","555","SampleWeight","84.3","PKLE"
"PKLE","556","SampleWeight","80.4","PKLE"
"PKLE","557","SampleWeight","*","PKLE"
"PKLE","558","SampleWeight","77.4","PKLE"
"PKLE","559","SampleWeight","89.3","PKLE"
"PKLE","560","SampleWeight","86.8","PKLE"
"PKLE","562","SampleWeight","88.3","PKLE"
"PKLE","563","SampleWeight","86.5","PKLE"
"PKLE","564","SampleWeight","86.2","PKLE"
"PKLE","565","SampleWeight","90","PKLE"
"PKLE","566","SampleWeight","85.3","PKLE"
"PKLE","567","SampleWeight","96.4","PKLE"
"PKLE","569","SampleWeight","79.8","PKLE"
"PKLE","570","SampleWeight","82.4","PKLE"
"PKLE","571","SampleWeight","83.3","PKLE"
"PKLE","572","SampleWeight","78.4","PKLE"
"PKLE","573","SampleWeight","88.1","PKLE"
"PKLE","574","SampleWeight","88","PKLE"
"PKLE","576","SampleWeight","91.9","PKLE"
"PKLE","577","SampleWeight","92.6","PKLE"
"PKLE","578","SampleWeight","82.7","PKLE"
"PKLE","579","SampleWeight","*","PKLE"
"PKLE","580","SampleWeight","95.6","PKLE"
"PKLE","581","SampleWeight","84.6","PKLE"
"PKLE","583","SampleWeight","82.9","PKLE"
"PKLE","584","SampleWeight","88.8","PKLE"
"PKLE","585","SampleWeight","86.1","PKLE"
"PKLE","586","SampleWeight","84.8","PKLE"
"PKLE","588","SampleWeight","*","PKLE"
"PKLE","589","SampleWeight","85.4","PKLE"
"PKLE","592","SampleWeight","79.2","PKLE"
"PKLE","593","SampleWeight","80.9","PKLE"
"PKLE","594","SampleWeight","92.4","PKLE"
"PKLE","595","SampleWeight","82.7","PKLE"
"PKLE","596","SampleWeight","98.7","PKLE"
"PKLE","597","SampleWeight","*","PKLE"
"PKLE","598","SampleWeight","90","PKLE"
"PKLE","599","SampleWeight","81.9","PKLE"
"PKLE","600","SampleWeight","84.8","PKLE"
"PKLE","601","SampleWeight","89.5","PKLE"
"PKLE","602","SampleWeight","88","PKLE"
"PKLE","603","SampleWeight","87.8","PKLE"
"PKLE","604","SampleWeight","85.1","PKLE"
"PKLE","605","SampleWeight","84.5","PKLE"
"PKLE","606","SampleWeight","98.3","PKLE"
"PKLE","608","SampleWeight","84.2","PKLE"
"PKLE","609","SampleWeight","84.8","PKLE"
"PKLE","610","SampleWeight","84.8","PKLE"
"PKLE","611","SampleWeight","82.5","PKLE"
"PKLE","612","SampleWeight","83.9","PKLE"
"PKLE","613","SampleWeight","87.9","PKLE"
"PKLE","614","SampleWeight","85","PKLE"
"PKLE","618","SampleWeight","79.2","PKLE"
"PKLE","619","SampleWeight","78.4","PKLE"
"PKLE","620","SampleWeight","82.6","PKLE"
"PKLE","621","SampleWeight","87.6","PKLE"
"PKLE","622","SampleWeight","79.4","PKLE"
"PKLE","623","SampleWeight","*","PKLE"
"PKLE","624","SampleWeight","80.3","PKLE"
"PKLE","625","SampleWeight","*","PKLE"
"PKLE","627","SampleWeight","83.3","PKLE"
"PKLE","628","SampleWeight","90.4","PKLE"
"PKLE","629","SampleWeight","87","PKLE"
"PKLE","630","SampleWeight","*","PKLE"
"PKLE","632","SampleWeight","84.4","PKLE"
"PKLE","633","SampleWeight","79.8","PKLE"
"PKLE","634","SampleWeight","96.9","PKLE"
"PKLE","635","SampleWeight","86.4","PKLE"
"PKLE","636","SampleWeight","85.6","PKLE"
"PKLE","637","SampleWeight","79.5","PKLE"
"PKLE","638","SampleWeight","91.6","PKLE"
"PKLE","639","SampleWeight","88.8","PKLE"
"PKLE","640","SampleWeight","89.8","PKLE"
"PKLE","641","SampleWeight","88.4","PKLE"
"PKLE","642","SampleWeight","84.9","PKLE"
"PKLE","643","SampleWeight","96.5","PKLE"
"PKLE","644","SampleWeight","91.4","PKLE"
"PKLE","645","SampleWeight","*","PKLE"
"PKLE","647","SampleWeight","82.3","PKLE"
"PKLE","648","SampleWeight","94.35","PKLE"
"PKLE","649","SampleWeight","85.1","PKLE"
"PKLE","652","SampleWeight","*","PKLE"
"PKLE","654","SampleWeight","77.9","PKLE"
"PKLE","655","SampleWeight","91.4","PKLE"
"PKLE","656","SampleWeight","95.2","PKLE"
"PKLE","657","SampleWeight","83.3","PKLE"
"PKLE","658","SampleWeight","84.6","PKLE"
"PKLE","660","SampleWeight","85.8","PKLE"
"PKLE","661","SampleWeight","90.9","PKLE"
"PKLE","663","SampleWeight","85.1","PKLE"
"PKLE","664","SampleWeight","81.9","PKLE"
"PKLE","666","SampleWeight","76.5","PKLE"
"PKLE","667","SampleWeight","80","PKLE"
"PKLE","668","SampleWeight","84.6","PKLE"
"PKLE","669","SampleWeight","90.9","PKLE"
"PKLE","670","SampleWeight","88.8","PKLE"
"PKLE","671","SampleWeight","*","PKLE"
"PKLE","672","SampleWeight","89.7","PKLE"
"PKLE","673","SampleWeight","80.2","PKLE"
"PKLE","674","SampleWeight","92.1","PKLE"
"PKLE","675","SampleWeight","78.5","PKLE"
"PKLE","677","SampleWeight","81","PKLE"
"PKLE","679","SampleWeight","82","PKLE"
"PKLE","680","SampleWeight","87.6","PKLE"
"PKLE","681","SampleWeight","82.1","PKLE"
"PKLE","682","SampleWeight","86.4","PKLE"
"PKLE","683","SampleWeight","86.6","PKLE"
"PKLE","684","SampleWeight","80.9","PKLE"
"PKLE","685","SampleWeight","92.3","PKLE"
"PKLE","686","SampleWeight","77.8","PKLE"
"PKLE","689","SampleWeight","78.8","PKLE"
"PKLE","690","SampleWeight","88.5","PKLE"
"PKLE","691","SampleWeight","86.7","PKLE"
"PKLE","692","SampleWeight","95.7","PKLE"
"PKLE","693","SampleWeight","88.2","PKLE"
"PKLE","694","SampleWeight","88.3","PKLE"
"PKLE","695","SampleWeight","85.7","PKLE"
"PKLE","696","SampleWeight","86.8","PKLE"
"PKLE","697","SampleWeight","93","PKLE"
"PKLE","698","SampleWeight","76.6","PKLE"
"PKLE","699","SampleWeight","84.9","PKLE"
"PKLE","700","SampleWeight","*","PKLE"
"PKLE","702","SampleWeight","81.3","PKLE"
"PKLE","703","SampleWeight","89.6","PKLE"
"PKLE","704","SampleWeight","82.8","PKLE"
"PKLE","705","SampleWeight","86.1","PKLE"
"PKLE","706","SampleWeight","83.4","PKLE"
"PKLE","707","SampleWeight","*","PKLE"
"PKLE","708","SampleWeight","86.2","PKLE"
"PKLE","710","SampleWeight","82.9","PKLE"
"PKLE","711","SampleWeight","82.6","PKLE"
"PKLE","712","SampleWeight","90.7","PKLE"
"PKLE","713","SampleWeight","93.1","PKLE"
"PKLE","714","SampleWeight","93.2","PKLE"
"PKLE","715","SampleWeight","86.6","PKLE"
"PKLE","716","SampleWeight","83.4","PKLE"
"PKLE","718","SampleWeight","80.9","PKLE"
"PKLE","719","SampleWeight","84.5","PKLE"
"PKLE","720","SampleWeight","81.8","PKLE"
"PKLE","721","SampleWeight","79.1","PKLE"
"PKLE","722","SampleWeight","82.5","PKLE"
"PKLE","723","SampleWeight","89.2","PKLE"
"PKLE","724","SampleWeight","83.4","PKLE"
"PKLE","725","SampleWeight","82.9","PKLE"
"PKLE","726","SampleWeight","83.8","PKLE"
"PKLE","729","SampleWeight","93.7","PKLE"
"PKLE","730","SampleWeight","89.6","PKLE"
"PKLE","731","SampleWeight","89.6","PKLE"
"PKLE","732","SampleWeight","79.1","PKLE"
"PKLE","733","SampleWeight","93.4","PKLE"
"PKLE","734","SampleWeight","77.2","PKLE"
"PKLE","735","SampleWeight","87.9","PKLE"
"PKLE","736","SampleWeight","91","PKLE"
"PKLE","737","SampleWeight","80.5","PKLE"
"PKLE","738","SampleWeight","90.9","PKLE"
"PKLE","739","SampleWeight","87.6","PKLE"
"PKLE","740","SampleWeight","87.5","PKLE"
"PKLE","742","SampleWeight","85.4","PKLE"
"PKLE","743","SampleWeight","*","PKLE"
"PKLE","744","SampleWeight","*","PKLE"
"PKLE","745","SampleWeight","86.2","PKLE"
"PKLE","746","SampleWeight","83.3","PKLE"
"PKLE","748","SampleWeight","86.6","PKLE"
"PKLE","749","SampleWeight","81.5","PKLE"
"PKLE","750","SampleWeight","82.9","PKLE"
"PKLE","751","SampleWeight","84.7","PKLE"
"PKLE","752","SampleWeight","88.2","PKLE"
"PKLE","753","SampleWeight","86.2","PKLE"
"PKLE","755","SampleWeight","89.6","PKLE"
"PKLE","756","SampleWeight","89.9","PKLE"
"PKLE","757","SampleWeight","85.4","PKLE"
"PKLE","758","SampleWeight","84.2","PKLE"
"PKLE","759","SampleWeight","95.9","PKLE"
"PKLE","760","SampleWeight","*","PKLE"
"PKLE","761","SampleWeight","85.8","PKLE"
"PKLE","762","SampleWeight","81.1","PKLE"
"PKLE","763","SampleWeight","*","PKLE"
"PKLE","764","SampleWeight","84.1","PKLE"
"PKLE","765","SampleWeight","87.8","PKLE"
"PKLE","766","SampleWeight","87.3","PKLE"
"PKLE","767","SampleWeight","80.1","PKLE"
"PKLE","768","SampleWeight","82.4","PKLE"
"PKLE","769","SampleWeight","80.5","PKLE"
"PKLE","770","SampleWeight","88.8","PKLE"
"PKLE","771","SampleWeight","82.3","PKLE"
"PKLE","772","SampleWeight","90.1","PKLE"
"PKLE","773","SampleWeight","87.9","PKLE"
"PKLE","774","SampleWeight","88.7","PKLE"
"PKLE","775","SampleWeight","97.6","PKLE"
"PKLE","776","SampleWeight","89.3","PKLE"
"PKLE","777","SampleWeight","86.7","PKLE"
"PKLE","778","SampleWeight","87.5","PKLE"
"PKLE","779","SampleWeight","93.2","PKLE"
"PKLE","780","SampleWeight","79.3","PKLE"
"PKLE","781","SampleWeight","93.3","PKLE"
"PKLE","782","SampleWeight","92.4","PKLE"
"PKLE","783","SampleWeight","96.5","PKLE"
"PKLE","784","SampleWeight","87.2","PKLE"
"PKLE","785","SampleWeight","94.2","PKLE"
"PKLE","786","SampleWeight","83.3","PKLE"
"PKLE","787","SampleWeight","*","PKLE"
"PKLE","788","SampleWeight","91.7","PKLE"
"PKLE","789","SampleWeight","95.3","PKLE"
"PKLE","790","SampleWeight","89","PKLE"
"PKLE","792","SampleWeight","79.6","PKLE"
"PKLE","794","SampleWeight","88.4","PKLE"
"PKLE","795","SampleWeight","83.6","PKLE"
"PKLE","796","SampleWeight","82","PKLE"
"PKLE","797","SampleWeight","88","PKLE"
"PKLE","799","SampleWeight","93.7","PKLE"
"PKLE","800","SampleWeight","82.7","PKLE"
"PKLE","801","SampleWeight","90.1","PKLE"
"PKLE","802","SampleWeight","85.4","PKLE"
"PKLE","803","SampleWeight","93.6","PKLE"
"PKLE","804","SampleWeight","86.5","PKLE"
"PKLE","805","SampleWeight","82.1","PKLE"
"PKLE","806","SampleWeight","81.7","PKLE"
"PKLE","808","SampleWeight","88.8","PKLE"
"PKLE","809","SampleWeight","80.2","PKLE"
"PKLE","810","SampleWeight","98.8","PKLE"
"PKLE","811","SampleWeight","78","PKLE"
"PKLE","812","SampleWeight","*","PKLE"
"PKLE","813","SampleWeight","89.7","PKLE"
"PKLE","814","SampleWeight","83.8","PKLE"
"PKLE","815","SampleWeight","82.4","PKLE"
"PKLE","816","SampleWeight","89.8","PKLE"
"PKLE","817","SampleWeight","*","PKLE"
"PKLE","818","SampleWeight","89.3","PKLE"
"PKLE","819","SampleWeight","*","PKLE"
"PKLE","820","SampleWeight","*","PKLE"
"PKLE","821","SampleWeight","87.7","PKLE"
"PKLE","822","SampleWeight","90.5","PKLE"
"PKLE","823","SampleWeight","*","PKLE"
"PKLE","824","SampleWeight","83.4","PKLE"
"PKLE","825","SampleWeight","84.2","PKLE"
