"SITE","LINE","traits","P31","SITE2"
"CLMB","1","P31","554.752144","CLMB"
"CLMB","2","P31","725.8890125","CLMB"
"CLMB","3","P31","572.7812548","CLMB"
"CLMB","4","P31","622.2696081","CLMB"
"CLMB","5","P31","496.1799693","CLMB"
"CLMB","7","P31","457.4055779","CLMB"
"CLMB","8","P31","*","CLMB"
"CLMB","9","P31","503.71651","CLMB"
"CLMB","10","P31","*","CLMB"
"CLMB","11","P31","364.2211107","CLMB"
"CLMB","12","P31","616.9330391","CLMB"
"CLMB","13","P31","443.3419133","CLMB"
"CLMB","14","P31","*","CLMB"
"CLMB","15","P31","529.1514512","CLMB"
"CLMB","16","P31","*","CLMB"
"CLMB","17","P31","347.3714032","CLMB"
"CLMB","18","P31","*","CLMB"
"CLMB","19","P31","263.0483482","CLMB"
"CLMB","20","P31","434.7198285","CLMB"
"CLMB","21","P31","436.1018871","CLMB"
"CLMB","22","P31","*","CLMB"
"CLMB","23","P31","571.350546","CLMB"
"CLMB","24","P31","465.7255503","CLMB"
"CLMB","25","P31","863.021632","CLMB"
"CLMB","26","P31","496.2320869","CLMB"
"CLMB","27","P31","753.3268677","CLMB"
"CLMB","28","P31","553.8342852","CLMB"
"CLMB","29","P31","*","CLMB"
"CLMB","30","P31","418.4791969","CLMB"
"CLMB","31","P31","*","CLMB"
"CLMB","32","P31","499.727531","CLMB"
"CLMB","33","P31","467.8201334","CLMB"
"CLMB","34","P31","371.2257266","CLMB"
"CLMB","35","P31","502.9538747","CLMB"
"CLMB","36","P31","371.59504","CLMB"
"CLMB","37","P31","236.4884844","CLMB"
"CLMB","38","P31","242.1444451","CLMB"
"CLMB","39","P31","600.8925867","CLMB"
"CLMB","40","P31","495.4824266","CLMB"
"CLMB","41","P31","535.1177615","CLMB"
"CLMB","42","P31","*","CLMB"
"CLMB","43","P31","374.546803","CLMB"
"CLMB","44","P31","353.4735222","CLMB"
"CLMB","46","P31","756.3636634","CLMB"
"CLMB","48","P31","274.1177568","CLMB"
"CLMB","49","P31","471.1408988","CLMB"
"CLMB","50","P31","439.3555835","CLMB"
"CLMB","52","P31","252.1666943","CLMB"
"CLMB","53","P31","626.4194572","CLMB"
"CLMB","54","P31","380.0385054","CLMB"
"CLMB","55","P31","357.4376542","CLMB"
"CLMB","56","P31","*","CLMB"
"CLMB","57","P31","323.0157346","CLMB"
"CLMB","58","P31","*","CLMB"
"CLMB","59","P31","467.4962007","CLMB"
"CLMB","60","P31","329.2465828","CLMB"
"CLMB","61","P31","443.9159412","CLMB"
"CLMB","62","P31","692.7613059","CLMB"
"CLMB","63","P31","324.0390139","CLMB"
"CLMB","64","P31","*","CLMB"
"CLMB","65","P31","351.8606182","CLMB"
"CLMB","66","P31","345.9053523","CLMB"
"CLMB","67","P31","226.4198497","CLMB"
"CLMB","68","P31","342.9336189","CLMB"
"CLMB","69","P31","552.5209488","CLMB"
"CLMB","70","P31","*","CLMB"
"CLMB","71","P31","556.7326993","CLMB"
"CLMB","72","P31","490.1865599","CLMB"
"CLMB","73","P31","510.1402304","CLMB"
"CLMB","74","P31","742.3514192","CLMB"
"CLMB","75","P31","477.4615943","CLMB"
"CLMB","76","P31","376.6921196","CLMB"
"CLMB","77","P31","*","CLMB"
"CLMB","78","P31","372.7618148","CLMB"
"CLMB","79","P31","245.6672726","CLMB"
"CLMB","80","P31","405.4536","CLMB"
"CLMB","81","P31","*","CLMB"
"CLMB","83","P31","571.2834583","CLMB"
"CLMB","84","P31","*","CLMB"
"CLMB","85","P31","404.0681723","CLMB"
"CLMB","86","P31","401.8614015","CLMB"
"CLMB","87","P31","561.6381991","CLMB"
"CLMB","88","P31","475.294673","CLMB"
"CLMB","89","P31","341.9080421","CLMB"
"CLMB","90","P31","392.5161338","CLMB"
"CLMB","91","P31","538.8491172","CLMB"
"CLMB","93","P31","440.8729519","CLMB"
"CLMB","94","P31","344.0159043","CLMB"
"CLMB","95","P31","*","CLMB"
"CLMB","96","P31","*","CLMB"
"CLMB","97","P31","279.6927871","CLMB"
"CLMB","99","P31","481.5186213","CLMB"
"CLMB","100","P31","814.6190847","CLMB"
"CLMB","101","P31","*","CLMB"
"CLMB","102","P31","185.7283293","CLMB"
"CLMB","103","P31","439.9655103","CLMB"
"CLMB","104","P31","413.5469355","CLMB"
"CLMB","105","P31","496.6190593","CLMB"
"CLMB","106","P31","772.4711735","CLMB"
"CLMB","107","P31","374.1315596","CLMB"
"CLMB","110","P31","256.5007231","CLMB"
"CLMB","111","P31","487.3761725","CLMB"
"CLMB","112","P31","310.4666025","CLMB"
"CLMB","113","P31","*","CLMB"
"CLMB","114","P31","310.7673098","CLMB"
"CLMB","115","P31","*","CLMB"
"CLMB","116","P31","354.1257006","CLMB"
"CLMB","117","P31","567.3939938","CLMB"
"CLMB","118","P31","493.5143711","CLMB"
"CLMB","119","P31","479.230285","CLMB"
"CLMB","120","P31","241.1858022","CLMB"
"CLMB","122","P31","268.61405","CLMB"
"CLMB","123","P31","292.5589719","CLMB"
"CLMB","125","P31","650.0760622","CLMB"
"CLMB","126","P31","*","CLMB"
"CLMB","127","P31","*","CLMB"
"CLMB","128","P31","404.0714874","CLMB"
"CLMB","130","P31","542.6229309","CLMB"
"CLMB","131","P31","571.7928228","CLMB"
"CLMB","132","P31","458.5833272","CLMB"
"CLMB","134","P31","440.615425","CLMB"
"CLMB","135","P31","709.5346774","CLMB"
"CLMB","136","P31","*","CLMB"
"CLMB","137","P31","713.5814485","CLMB"
"CLMB","138","P31","*","CLMB"
"CLMB","139","P31","*","CLMB"
"CLMB","141","P31","344.2160605","CLMB"
"CLMB","142","P31","415.3046006","CLMB"
"CLMB","143","P31","722.4453578","CLMB"
"CLMB","144","P31","*","CLMB"
"CLMB","145","P31","166.2010631","CLMB"
"CLMB","146","P31","*","CLMB"
"CLMB","147","P31","417.4470758","CLMB"
"CLMB","148","P31","*","CLMB"
"CLMB","150","P31","406.3807785","CLMB"
"CLMB","151","P31","467.3910506","CLMB"
"CLMB","152","P31","*","CLMB"
"CLMB","153","P31","785.9947958","CLMB"
"CLMB","154","P31","347.5492768","CLMB"
"CLMB","155","P31","661.3254381","CLMB"
"CLMB","156","P31","559.3902191","CLMB"
"CLMB","157","P31","600.3363526","CLMB"
"CLMB","158","P31","587.2979201","CLMB"
"CLMB","159","P31","640.565992","CLMB"
"CLMB","161","P31","630.1866434","CLMB"
"CLMB","163","P31","527.1816731","CLMB"
"CLMB","164","P31","492.8672366","CLMB"
"CLMB","166","P31","252.5436778","CLMB"
"CLMB","167","P31","252.5806544","CLMB"
"CLMB","168","P31","464.6419865","CLMB"
"CLMB","169","P31","*","CLMB"
"CLMB","170","P31","570.6403849","CLMB"
"CLMB","171","P31","793.1549512","CLMB"
"CLMB","172","P31","497.7248685","CLMB"
"CLMB","173","P31","437.473923","CLMB"
"CLMB","174","P31","260.9235353","CLMB"
"CLMB","175","P31","767.7897361","CLMB"
"CLMB","176","P31","413.3677733","CLMB"
"CLMB","177","P31","723.8518156","CLMB"
"CLMB","178","P31","423.0983444","CLMB"
"CLMB","179","P31","241.479643","CLMB"
"CLMB","180","P31","296.9076455","CLMB"
"CLMB","181","P31","469.1179005","CLMB"
"CLMB","182","P31","484.5044164","CLMB"
"CLMB","184","P31","808.680812","CLMB"
"CLMB","185","P31","361.5354924","CLMB"
"CLMB","187","P31","266.4908953","CLMB"
"CLMB","188","P31","*","CLMB"
"CLMB","189","P31","*","CLMB"
"CLMB","190","P31","*","CLMB"
"CLMB","191","P31","201.4765053","CLMB"
"CLMB","192","P31","863.9532173","CLMB"
"CLMB","193","P31","422.2893884","CLMB"
"CLMB","194","P31","420.8665498","CLMB"
"CLMB","195","P31","360.9733343","CLMB"
"CLMB","196","P31","576.4509199","CLMB"
"CLMB","197","P31","661.1902802","CLMB"
"CLMB","198","P31","718.800695","CLMB"
"CLMB","199","P31","416.203017","CLMB"
"CLMB","200","P31","531.5295131","CLMB"
"CLMB","201","P31","*","CLMB"
"CLMB","203","P31","382.5728373","CLMB"
"CLMB","204","P31","358.7557247","CLMB"
"CLMB","205","P31","*","CLMB"
"CLMB","207","P31","322.2218224","CLMB"
"CLMB","208","P31","*","CLMB"
"CLMB","209","P31","269.4336989","CLMB"
"CLMB","210","P31","195.804884","CLMB"
"CLMB","211","P31","707.0884699","CLMB"
"CLMB","212","P31","436.9003527","CLMB"
"CLMB","213","P31","464.3876444","CLMB"
"CLMB","214","P31","*","CLMB"
"CLMB","215","P31","398.4921994","CLMB"
"CLMB","216","P31","357.0828043","CLMB"
"CLMB","217","P31","*","CLMB"
"CLMB","218","P31","630.1307478","CLMB"
"CLMB","219","P31","257.6001405","CLMB"
"CLMB","220","P31","*","CLMB"
"CLMB","221","P31","559.3295378","CLMB"
"CLMB","222","P31","292.7777252","CLMB"
"CLMB","223","P31","464.7987048","CLMB"
"CLMB","224","P31","643.9602949","CLMB"
"CLMB","225","P31","599.1155433","CLMB"
"CLMB","226","P31","500.9773219","CLMB"
"CLMB","227","P31","647.515584","CLMB"
"CLMB","228","P31","551.8523549","CLMB"
"CLMB","229","P31","317.628646","CLMB"
"CLMB","230","P31","*","CLMB"
"CLMB","231","P31","*","CLMB"
"CLMB","232","P31","322.8824071","CLMB"
"CLMB","233","P31","357.8462866","CLMB"
"CLMB","234","P31","280.0735919","CLMB"
"CLMB","235","P31","*","CLMB"
"CLMB","236","P31","536.3507194","CLMB"
"CLMB","237","P31","427.3241908","CLMB"
"CLMB","238","P31","571.7185837","CLMB"
"CLMB","239","P31","475.4550093","CLMB"
"CLMB","240","P31","441.2570228","CLMB"
"CLMB","241","P31","401.7762798","CLMB"
"CLMB","242","P31","32.86601976","CLMB"
"CLMB","243","P31","569.2568122","CLMB"
"CLMB","244","P31","304.9307791","CLMB"
"CLMB","245","P31","543.3254115","CLMB"
"CLMB","246","P31","287.5657227","CLMB"
"CLMB","247","P31","411.0196702","CLMB"
"CLMB","248","P31","399.5655951","CLMB"
"CLMB","249","P31","695.4509853","CLMB"
"CLMB","250","P31","719.8251177","CLMB"
"CLMB","251","P31","399.6060358","CLMB"
"CLMB","252","P31","*","CLMB"
"CLMB","253","P31","486.4008861","CLMB"
"CLMB","254","P31","322.878071","CLMB"
"CLMB","255","P31","209.2133198","CLMB"
"CLMB","256","P31","505.0290412","CLMB"
"CLMB","257","P31","421.3420959","CLMB"
"CLMB","258","P31","571.0823724","CLMB"
"CLMB","259","P31","*","CLMB"
"CLMB","260","P31","815.3383617","CLMB"
"CLMB","261","P31","793.5622171","CLMB"
"CLMB","262","P31","475.8430628","CLMB"
"CLMB","263","P31","862.3070202","CLMB"
"CLMB","264","P31","760.5532644","CLMB"
"CLMB","265","P31","580.3360334","CLMB"
"CLMB","267","P31","728.6067701","CLMB"
"CLMB","268","P31","*","CLMB"
"CLMB","269","P31","417.1534341","CLMB"
"CLMB","270","P31","495.3096584","CLMB"
"CLMB","271","P31","554.9901486","CLMB"
"CLMB","272","P31","669.0474136","CLMB"
"CLMB","273","P31","*","CLMB"
"CLMB","274","P31","749.1094991","CLMB"
"CLMB","275","P31","295.2149242","CLMB"
"CLMB","276","P31","*","CLMB"
"CLMB","277","P31","*","CLMB"
"CLMB","278","P31","360.710903","CLMB"
"CLMB","279","P31","312.8629038","CLMB"
"CLMB","281","P31","*","CLMB"
"CLMB","282","P31","323.1657941","CLMB"
"CLMB","283","P31","*","CLMB"
"CLMB","284","P31","342.9309223","CLMB"
"CLMB","285","P31","674.1150495","CLMB"
"CLMB","286","P31","392.3596817","CLMB"
"CLMB","287","P31","210.8225554","CLMB"
"CLMB","288","P31","449.4246249","CLMB"
"CLMB","289","P31","265.4041416","CLMB"
"CLMB","290","P31","532.129892","CLMB"
"CLMB","292","P31","331.6383785","CLMB"
"CLMB","293","P31","312.4787192","CLMB"
"CLMB","294","P31","484.4680773","CLMB"
"CLMB","296","P31","440.5544115","CLMB"
"CLMB","297","P31","184.4244148","CLMB"
"CLMB","298","P31","212.9543198","CLMB"
"CLMB","299","P31","428.4597946","CLMB"
"CLMB","300","P31","*","CLMB"
"CLMB","301","P31","733.2485154","CLMB"
"CLMB","302","P31","827.0285436","CLMB"
"CLMB","303","P31","228.350975","CLMB"
"CLMB","304","P31","693.6527629","CLMB"
"CLMB","305","P31","502.6858808","CLMB"
"CLMB","306","P31","*","CLMB"
"CLMB","307","P31","*","CLMB"
"CLMB","308","P31","351.7021024","CLMB"
"CLMB","310","P31","303.1349176","CLMB"
"CLMB","311","P31","412.1693462","CLMB"
"CLMB","312","P31","417.9564814","CLMB"
"CLMB","313","P31","472.2066288","CLMB"
"CLMB","314","P31","519.5162938","CLMB"
"CLMB","315","P31","616.8929491","CLMB"
"CLMB","317","P31","404.6749082","CLMB"
"CLMB","318","P31","553.9365314","CLMB"
"CLMB","319","P31","416.1824566","CLMB"
"CLMB","320","P31","341.1222413","CLMB"
"CLMB","322","P31","365.3840979","CLMB"
"CLMB","323","P31","467.0654919","CLMB"
"CLMB","324","P31","504.1001717","CLMB"
"CLMB","325","P31","682.291844","CLMB"
"CLMB","326","P31","335.3563829","CLMB"
"CLMB","328","P31","355.6072814","CLMB"
"CLMB","330","P31","*","CLMB"
"CLMB","332","P31","286.2165584","CLMB"
"CLMB","333","P31","157.4003545","CLMB"
"CLMB","334","P31","594.3158164","CLMB"
"CLMB","335","P31","*","CLMB"
"CLMB","336","P31","462.3187048","CLMB"
"CLMB","337","P31","490.2789717","CLMB"
"CLMB","338","P31","276.5440563","CLMB"
"CLMB","339","P31","386.3473708","CLMB"
"CLMB","340","P31","*","CLMB"
"CLMB","341","P31","460.787395","CLMB"
"CLMB","342","P31","470.4505648","CLMB"
"CLMB","343","P31","560.3397229","CLMB"
"CLMB","345","P31","694.9411085","CLMB"
"CLMB","346","P31","*","CLMB"
"CLMB","347","P31","230.6988403","CLMB"
"CLMB","349","P31","*","CLMB"
"CLMB","350","P31","187.5120794","CLMB"
"CLMB","352","P31","589.2230984","CLMB"
"CLMB","353","P31","793.6318134","CLMB"
"CLMB","354","P31","178.1702925","CLMB"
"CLMB","355","P31","467.6397746","CLMB"
"CLMB","356","P31","713.1272148","CLMB"
"CLMB","358","P31","499.909689","CLMB"
"CLMB","359","P31","370.2614433","CLMB"
"CLMB","360","P31","829.1296398","CLMB"
"CLMB","361","P31","241.2826504","CLMB"
"CLMB","363","P31","*","CLMB"
"CLMB","364","P31","566.4965503","CLMB"
"CLMB","365","P31","472.5439532","CLMB"
"CLMB","366","P31","444.9077119","CLMB"
"CLMB","367","P31","*","CLMB"
"CLMB","368","P31","583.281799","CLMB"
"CLMB","369","P31","*","CLMB"
"CLMB","370","P31","800.6219924","CLMB"
"CLMB","371","P31","302.0427275","CLMB"
"CLMB","372","P31","*","CLMB"
"CLMB","373","P31","707.6771617","CLMB"
"CLMB","374","P31","229.2457941","CLMB"
"CLMB","375","P31","381.6243811","CLMB"
"CLMB","377","P31","284.3941967","CLMB"
"CLMB","378","P31","572.9080392","CLMB"
"CLMB","379","P31","447.4257106","CLMB"
"CLMB","380","P31","245.5551536","CLMB"
"CLMB","381","P31","723.5405532","CLMB"
"CLMB","382","P31","494.6955752","CLMB"
"CLMB","383","P31","749.4789979","CLMB"
"CLMB","384","P31","*","CLMB"
"CLMB","386","P31","271.5366285","CLMB"
"CLMB","388","P31","576.2874733","CLMB"
"CLMB","389","P31","856.5389948","CLMB"
"CLMB","390","P31","400.0116274","CLMB"
"CLMB","391","P31","*","CLMB"
"CLMB","392","P31","320.028235","CLMB"
"CLMB","393","P31","251.626861","CLMB"
"CLMB","394","P31","*","CLMB"
"CLMB","395","P31","318.2033917","CLMB"
"CLMB","396","P31","654.6797591","CLMB"
"CLMB","397","P31","821.8832336","CLMB"
"CLMB","398","P31","238.4023035","CLMB"
"CLMB","399","P31","300.3292332","CLMB"
"CLMB","400","P31","390.1669318","CLMB"
"CLMB","402","P31","647.5270147","CLMB"
"CLMB","403","P31","646.5652277","CLMB"
"CLMB","404","P31","416.1483467","CLMB"
"CLMB","405","P31","407.1853988","CLMB"
"CLMB","406","P31","293.4472204","CLMB"
"CLMB","407","P31","524.8285724","CLMB"
"CLMB","408","P31","686.9431885","CLMB"
"CLMB","409","P31","864.1543","CLMB"
"CLMB","410","P31","336.1922573","CLMB"
"CLMB","411","P31","579.6819533","CLMB"
"CLMB","412","P31","530.5566104","CLMB"
"CLMB","413","P31","222.9193625","CLMB"
"CLMB","414","P31","440.9148132","CLMB"
"CLMB","415","P31","622.480518","CLMB"
"CLMB","416","P31","*","CLMB"
"CLMB","417","P31","332.1612109","CLMB"
"CLMB","418","P31","417.1876407","CLMB"
"CLMB","419","P31","*","CLMB"
"CLMB","420","P31","364.8211395","CLMB"
"CLMB","421","P31","*","CLMB"
"CLMB","422","P31","478.3492322","CLMB"
"CLMB","423","P31","368.2810132","CLMB"
"CLMB","424","P31","340.8117393","CLMB"
"CLMB","425","P31","429.9063229","CLMB"
"CLMB","426","P31","622.9233291","CLMB"
"CLMB","427","P31","*","CLMB"
"CLMB","428","P31","591.1084182","CLMB"
"CLMB","429","P31","564.2394586","CLMB"
"CLMB","431","P31","400.9861722","CLMB"
"CLMB","432","P31","531.5615762","CLMB"
"CLMB","433","P31","438.7815574","CLMB"
"CLMB","435","P31","457.8491204","CLMB"
"CLMB","436","P31","315.5779346","CLMB"
"CLMB","437","P31","470.2262925","CLMB"
"CLMB","438","P31","250.754146","CLMB"
"CLMB","439","P31","238.5988619","CLMB"
"CLMB","440","P31","*","CLMB"
"CLMB","442","P31","761.9886989","CLMB"
"CLMB","443","P31","524.3012306","CLMB"
"CLMB","444","P31","486.2062438","CLMB"
"CLMB","445","P31","434.2725185","CLMB"
"CLMB","446","P31","616.0367393","CLMB"
"CLMB","447","P31","785.3452582","CLMB"
"CLMB","448","P31","360.9264704","CLMB"
"CLMB","449","P31","537.2650905","CLMB"
"CLMB","450","P31","657.7891978","CLMB"
"CLMB","451","P31","326.7364458","CLMB"
"CLMB","452","P31","326.9629692","CLMB"
"CLMB","453","P31","527.9831369","CLMB"
"CLMB","454","P31","128.4910556","CLMB"
"CLMB","455","P31","509.8755878","CLMB"
"CLMB","456","P31","545.4910959","CLMB"
"CLMB","458","P31","389.4752516","CLMB"
"CLMB","459","P31","553.5402773","CLMB"
"CLMB","460","P31","506.8972766","CLMB"
"CLMB","461","P31","310.3516212","CLMB"
"CLMB","462","P31","547.1148625","CLMB"
"CLMB","463","P31","616.909059","CLMB"
"CLMB","464","P31","249.7800214","CLMB"
"CLMB","465","P31","481.5249865","CLMB"
"CLMB","466","P31","554.0677263","CLMB"
"CLMB","467","P31","*","CLMB"
"CLMB","468","P31","678.3226535","CLMB"
"CLMB","469","P31","*","CLMB"
"CLMB","470","P31","538.2092435","CLMB"
"CLMB","471","P31","311.1727437","CLMB"
"CLMB","472","P31","266.4146575","CLMB"
"CLMB","473","P31","418.3179226","CLMB"
"CLMB","474","P31","728.8354226","CLMB"
"CLMB","475","P31","559.0799844","CLMB"
"CLMB","476","P31","388.4591943","CLMB"
"CLMB","477","P31","494.4621353","CLMB"
"CLMB","479","P31","469.906423","CLMB"
"CLMB","480","P31","184.0363883","CLMB"
"CLMB","482","P31","375.1232787","CLMB"
"CLMB","483","P31","*","CLMB"
"CLMB","484","P31","327.5656448","CLMB"
"CLMB","485","P31","357.0597235","CLMB"
"CLMB","486","P31","642.5240826","CLMB"
"CLMB","487","P31","*","CLMB"
"CLMB","488","P31","*","CLMB"
"CLMB","489","P31","276.2630338","CLMB"
"CLMB","491","P31","598.0809187","CLMB"
"CLMB","492","P31","317.6971008","CLMB"
"CLMB","493","P31","*","CLMB"
"CLMB","494","P31","672.0505968","CLMB"
"CLMB","495","P31","*","CLMB"
"CLMB","496","P31","339.4481079","CLMB"
"CLMB","497","P31","168.5554089","CLMB"
"CLMB","498","P31","715.0579386","CLMB"
"CLMB","499","P31","367.7121291","CLMB"
"CLMB","500","P31","828.3586648","CLMB"
"CLMB","501","P31","637.2084479","CLMB"
"CLMB","502","P31","738.8973787","CLMB"
"CLMB","503","P31","402.5809568","CLMB"
"CLMB","504","P31","*","CLMB"
"CLMB","505","P31","221.9682503","CLMB"
"CLMB","506","P31","619.9539042","CLMB"
"CLMB","507","P31","425.7307969","CLMB"
"CLMB","508","P31","304.055958","CLMB"
"CLMB","511","P31","231.444984","CLMB"
"CLMB","512","P31","338.5473038","CLMB"
"CLMB","513","P31","*","CLMB"
"CLMB","514","P31","313.6040768","CLMB"
"CLMB","515","P31","408.8343134","CLMB"
"CLMB","516","P31","625.8702978","CLMB"
"CLMB","518","P31","*","CLMB"
"CLMB","519","P31","738.2026818","CLMB"
"CLMB","520","P31","*","CLMB"
"CLMB","521","P31","490.9908637","CLMB"
"CLMB","522","P31","510.6576829","CLMB"
"CLMB","523","P31","240.1626759","CLMB"
"CLMB","524","P31","356.5590173","CLMB"
"CLMB","525","P31","366.4341638","CLMB"
"CLMB","526","P31","772.7623488","CLMB"
"CLMB","527","P31","381.4227393","CLMB"
"CLMB","529","P31","216.8228967","CLMB"
"CLMB","530","P31","256.5581552","CLMB"
"CLMB","531","P31","415.4508685","CLMB"
"CLMB","532","P31","416.7012965","CLMB"
"CLMB","533","P31","552.8790175","CLMB"
"CLMB","534","P31","142.9075516","CLMB"
"CLMB","535","P31","517.021985","CLMB"
"CLMB","536","P31","536.445926","CLMB"
"CLMB","537","P31","665.5912357","CLMB"
"CLMB","539","P31","293.6308073","CLMB"
"CLMB","540","P31","*","CLMB"
"CLMB","541","P31","359.2489005","CLMB"
"CLMB","542","P31","436.782706","CLMB"
"CLMB","544","P31","527.6519011","CLMB"
"CLMB","545","P31","714.5089002","CLMB"
"CLMB","546","P31","454.3618336","CLMB"
"CLMB","547","P31","536.178361","CLMB"
"CLMB","548","P31","363.8618498","CLMB"
"CLMB","549","P31","559.6280601","CLMB"
"CLMB","551","P31","*","CLMB"
"CLMB","552","P31","458.1617422","CLMB"
"CLMB","553","P31","572.830553","CLMB"
"CLMB","555","P31","388.2097579","CLMB"
"CLMB","556","P31","*","CLMB"
"CLMB","557","P31","*","CLMB"
"CLMB","558","P31","383.0257654","CLMB"
"CLMB","559","P31","417.067847","CLMB"
"CLMB","560","P31","*","CLMB"
"CLMB","562","P31","229.9960785","CLMB"
"CLMB","563","P31","350.1757915","CLMB"
"CLMB","564","P31","421.1102793","CLMB"
"CLMB","565","P31","154.3628171","CLMB"
"CLMB","566","P31","433.8863121","CLMB"
"CLMB","567","P31","448.939813","CLMB"
"CLMB","569","P31","604.4955078","CLMB"
"CLMB","570","P31","526.6213772","CLMB"
"CLMB","571","P31","759.5927836","CLMB"
"CLMB","572","P31","641.8061328","CLMB"
"CLMB","573","P31","305.5743194","CLMB"
"CLMB","574","P31","634.7111697","CLMB"
"CLMB","576","P31","394.2405861","CLMB"
"CLMB","577","P31","*","CLMB"
"CLMB","578","P31","590.6359582","CLMB"
"CLMB","579","P31","512.3778768","CLMB"
"CLMB","580","P31","*","CLMB"
"CLMB","581","P31","474.4330553","CLMB"
"CLMB","583","P31","616.8096456","CLMB"
"CLMB","584","P31","681.1762819","CLMB"
"CLMB","585","P31","287.4577378","CLMB"
"CLMB","586","P31","485.9716077","CLMB"
"CLMB","588","P31","314.7241424","CLMB"
"CLMB","589","P31","583.6889642","CLMB"
"CLMB","592","P31","805.823863","CLMB"
"CLMB","593","P31","533.5411046","CLMB"
"CLMB","594","P31","417.6565996","CLMB"
"CLMB","595","P31","511.8612514","CLMB"
"CLMB","596","P31","412.3810855","CLMB"
"CLMB","597","P31","*","CLMB"
"CLMB","598","P31","*","CLMB"
"CLMB","599","P31","513.5130978","CLMB"
"CLMB","600","P31","377.1692246","CLMB"
"CLMB","601","P31","*","CLMB"
"CLMB","602","P31","357.3186395","CLMB"
"CLMB","603","P31","*","CLMB"
"CLMB","604","P31","*","CLMB"
"CLMB","605","P31","550.4852704","CLMB"
"CLMB","606","P31","678.7706862","CLMB"
"CLMB","608","P31","439.3478974","CLMB"
"CLMB","609","P31","238.352549","CLMB"
"CLMB","610","P31","269.4507744","CLMB"
"CLMB","611","P31","367.9837401","CLMB"
"CLMB","612","P31","192.534263","CLMB"
"CLMB","613","P31","637.5622112","CLMB"
"CLMB","614","P31","234.3722046","CLMB"
"CLMB","618","P31","779.8088283","CLMB"
"CLMB","619","P31","820.2058511","CLMB"
"CLMB","620","P31","345.8520283","CLMB"
"CLMB","621","P31","393.7528933","CLMB"
"CLMB","622","P31","406.6361916","CLMB"
"CLMB","623","P31","636.0510396","CLMB"
"CLMB","624","P31","428.1272743","CLMB"
"CLMB","625","P31","480.5177501","CLMB"
"CLMB","627","P31","561.0199944","CLMB"
"CLMB","628","P31","*","CLMB"
"CLMB","629","P31","332.4120509","CLMB"
"CLMB","630","P31","*","CLMB"
"CLMB","632","P31","398.5598246","CLMB"
"CLMB","633","P31","382.6917294","CLMB"
"CLMB","634","P31","228.39177","CLMB"
"CLMB","635","P31","534.663916","CLMB"
"CLMB","636","P31","440.853042","CLMB"
"CLMB","637","P31","847.2287859","CLMB"
"CLMB","638","P31","508.9056353","CLMB"
"CLMB","639","P31","667.742851","CLMB"
"CLMB","640","P31","310.8237831","CLMB"
"CLMB","641","P31","255.2372576","CLMB"
"CLMB","642","P31","280.272693","CLMB"
"CLMB","643","P31","866.1242424","CLMB"
"CLMB","644","P31","*","CLMB"
"CLMB","645","P31","311.5490134","CLMB"
"CLMB","647","P31","161.0986789","CLMB"
"CLMB","648","P31","*","CLMB"
"CLMB","649","P31","737.0904624","CLMB"
"CLMB","652","P31","282.1187654","CLMB"
"CLMB","654","P31","439.2584667","CLMB"
"CLMB","655","P31","702.3836178","CLMB"
"CLMB","656","P31","527.702633","CLMB"
"CLMB","657","P31","837.0818524","CLMB"
"CLMB","658","P31","352.2801984","CLMB"
"CLMB","660","P31","545.0492941","CLMB"
"CLMB","661","P31","436.5277532","CLMB"
"CLMB","663","P31","675.7559764","CLMB"
"CLMB","664","P31","542.4181906","CLMB"
"CLMB","666","P31","492.2306713","CLMB"
"CLMB","667","P31","422.822179","CLMB"
"CLMB","668","P31","291.7659699","CLMB"
"CLMB","669","P31","745.4737764","CLMB"
"CLMB","670","P31","*","CLMB"
"CLMB","671","P31","631.094715","CLMB"
"CLMB","672","P31","414.3693042","CLMB"
"CLMB","673","P31","371.9027184","CLMB"
"CLMB","674","P31","438.2623836","CLMB"
"CLMB","675","P31","526.5693942","CLMB"
"CLMB","677","P31","348.1982835","CLMB"
"CLMB","679","P31","*","CLMB"
"CLMB","680","P31","717.2747215","CLMB"
"CLMB","681","P31","534.4120876","CLMB"
"CLMB","682","P31","368.1666578","CLMB"
"CLMB","683","P31","*","CLMB"
"CLMB","684","P31","685.2323484","CLMB"
"CLMB","685","P31","829.9286028","CLMB"
"CLMB","686","P31","313.5061649","CLMB"
"CLMB","689","P31","276.8947492","CLMB"
"CLMB","690","P31","178.6195921","CLMB"
"CLMB","691","P31","690.4765713","CLMB"
"CLMB","692","P31","400.3074196","CLMB"
"CLMB","693","P31","416.9636844","CLMB"
"CLMB","694","P31","318.4490116","CLMB"
"CLMB","695","P31","493.6387935","CLMB"
"CLMB","696","P31","466.3190858","CLMB"
"CLMB","697","P31","771.7865173","CLMB"
"CLMB","698","P31","212.5388681","CLMB"
"CLMB","699","P31","668.7538839","CLMB"
"CLMB","700","P31","520.3875469","CLMB"
"CLMB","702","P31","194.2015995","CLMB"
"CLMB","703","P31","343.4737091","CLMB"
"CLMB","704","P31","578.7472115","CLMB"
"CLMB","705","P31","691.4958871","CLMB"
"CLMB","706","P31","316.3697055","CLMB"
"CLMB","707","P31","557.6692301","CLMB"
"CLMB","708","P31","*","CLMB"
"CLMB","710","P31","595.0986647","CLMB"
"CLMB","711","P31","776.9421474","CLMB"
"CLMB","712","P31","319.2199548","CLMB"
"CLMB","713","P31","281.1601373","CLMB"
"CLMB","714","P31","365.4269791","CLMB"
"CLMB","715","P31","375.6044102","CLMB"
"CLMB","716","P31","426.478072","CLMB"
"CLMB","718","P31","529.22987","CLMB"
"CLMB","719","P31","279.581156","CLMB"
"CLMB","720","P31","574.2385084","CLMB"
"CLMB","721","P31","*","CLMB"
"CLMB","722","P31","482.8066391","CLMB"
"CLMB","723","P31","*","CLMB"
"CLMB","724","P31","450.6903687","CLMB"
"CLMB","725","P31","322.4880127","CLMB"
"CLMB","726","P31","383.0537933","CLMB"
"CLMB","729","P31","234.696239","CLMB"
"CLMB","730","P31","164.2722546","CLMB"
"CLMB","731","P31","574.1246681","CLMB"
"CLMB","732","P31","*","CLMB"
"CLMB","733","P31","420.234294","CLMB"
"CLMB","734","P31","536.8039063","CLMB"
"CLMB","735","P31","440.7803258","CLMB"
"CLMB","736","P31","746.1880396","CLMB"
"CLMB","737","P31","408.9649117","CLMB"
"CLMB","738","P31","305.5791916","CLMB"
"CLMB","739","P31","475.3949447","CLMB"
"CLMB","740","P31","594.3450033","CLMB"
"CLMB","742","P31","743.8034414","CLMB"
"CLMB","743","P31","534.3683453","CLMB"
"CLMB","744","P31","361.0155633","CLMB"
"CLMB","745","P31","515.2326324","CLMB"
"CLMB","746","P31","601.5264055","CLMB"
"CLMB","748","P31","774.3669475","CLMB"
"CLMB","749","P31","278.0986289","CLMB"
"CLMB","750","P31","411.6565446","CLMB"
"CLMB","751","P31","828.2136098","CLMB"
"CLMB","752","P31","*","CLMB"
"CLMB","753","P31","470.3910913","CLMB"
"CLMB","755","P31","540.7584205","CLMB"
"CLMB","756","P31","368.6782186","CLMB"
"CLMB","757","P31","547.2878149","CLMB"
"CLMB","758","P31","736.4842706","CLMB"
"CLMB","759","P31","483.7320691","CLMB"
"CLMB","760","P31","*","CLMB"
"CLMB","761","P31","482.5751523","CLMB"
"CLMB","762","P31","663.3813522","CLMB"
"CLMB","763","P31","822.2812853","CLMB"
"CLMB","764","P31","381.0886812","CLMB"
"CLMB","765","P31","593.4774431","CLMB"
"CLMB","766","P31","480.6222325","CLMB"
"CLMB","767","P31","399.5294976","CLMB"
"CLMB","768","P31","737.3568465","CLMB"
"CLMB","769","P31","*","CLMB"
"CLMB","770","P31","770.5449999","CLMB"
"CLMB","771","P31","505.8244957","CLMB"
"CLMB","772","P31","431.8294729","CLMB"
"CLMB","773","P31","574.9150168","CLMB"
"CLMB","774","P31","369.1653134","CLMB"
"CLMB","775","P31","554.5831867","CLMB"
"CLMB","776","P31","333.1315222","CLMB"
"CLMB","777","P31","435.6861855","CLMB"
"CLMB","778","P31","746.1867251","CLMB"
"CLMB","779","P31","280.195517","CLMB"
"CLMB","780","P31","576.293633","CLMB"
"CLMB","781","P31","353.0852018","CLMB"
"CLMB","782","P31","723.8393789","CLMB"
"CLMB","783","P31","130.6643228","CLMB"
"CLMB","784","P31","642.7770509","CLMB"
"CLMB","785","P31","356.8404788","CLMB"
"CLMB","786","P31","354.5502682","CLMB"
"CLMB","787","P31","468.6295652","CLMB"
"CLMB","788","P31","699.4956292","CLMB"
"CLMB","789","P31","465.461205","CLMB"
"CLMB","790","P31","601.8271336","CLMB"
"CLMB","792","P31","*","CLMB"
"CLMB","794","P31","548.6486668","CLMB"
"CLMB","795","P31","373.6728821","CLMB"
"CLMB","796","P31","530.1682205","CLMB"
"CLMB","797","P31","284.0944645","CLMB"
"CLMB","799","P31","563.667128","CLMB"
"CLMB","800","P31","465.6670622","CLMB"
"CLMB","801","P31","370.6122299","CLMB"
"CLMB","802","P31","401.8191983","CLMB"
"CLMB","803","P31","*","CLMB"
"CLMB","804","P31","553.241432","CLMB"
"CLMB","805","P31","292.1636829","CLMB"
"CLMB","806","P31","276.7587592","CLMB"
"CLMB","808","P31","729.4242269","CLMB"
"CLMB","809","P31","334.66502","CLMB"
"CLMB","810","P31","421.1007079","CLMB"
"CLMB","811","P31","308.4661519","CLMB"
"CLMB","812","P31","640.0913744","CLMB"
"CLMB","813","P31","*","CLMB"
"CLMB","814","P31","*","CLMB"
"CLMB","815","P31","559.006518","CLMB"
"CLMB","816","P31","494.960444","CLMB"
"CLMB","817","P31","449.7830319","CLMB"
"CLMB","818","P31","241.1201596","CLMB"
"CLMB","819","P31","653.999051","CLMB"
"CLMB","820","P31","665.9972176","CLMB"
"CLMB","821","P31","544.1246852","CLMB"
"CLMB","822","P31","350.5145684","CLMB"
"CLMB","823","P31","*","CLMB"
"CLMB","824","P31","458.6855643","CLMB"
"CLMB","825","P31","*","CLMB"
"KBSM","1","P31","313.476029","KBSM"
"KBSM","2","P31","441.7102485","KBSM"
"KBSM","3","P31","308.0241789","KBSM"
"KBSM","4","P31","505.6829016","KBSM"
"KBSM","5","P31","259.4379947","KBSM"
"KBSM","7","P31","314.4390829","KBSM"
"KBSM","8","P31","154.0178626","KBSM"
"KBSM","9","P31","277.7000607","KBSM"
"KBSM","10","P31","261.2917097","KBSM"
"KBSM","11","P31","311.085422","KBSM"
"KBSM","12","P31","286.2204468","KBSM"
"KBSM","13","P31","*","KBSM"
"KBSM","14","P31","351.787623","KBSM"
"KBSM","15","P31","239.012473","KBSM"
"KBSM","16","P31","*","KBSM"
"KBSM","17","P31","172.6442614","KBSM"
"KBSM","18","P31","151.964891","KBSM"
"KBSM","19","P31","323.1637675","KBSM"
"KBSM","20","P31","237.7623859","KBSM"
"KBSM","21","P31","*","KBSM"
"KBSM","22","P31","357.9652141","KBSM"
"KBSM","23","P31","239.9512918","KBSM"
"KBSM","24","P31","*","KBSM"
"KBSM","25","P31","520.178313","KBSM"
"KBSM","26","P31","213.0825594","KBSM"
"KBSM","27","P31","*","KBSM"
"KBSM","28","P31","269.3814121","KBSM"
"KBSM","29","P31","252.2274264","KBSM"
"KBSM","30","P31","155.9829854","KBSM"
"KBSM","31","P31","237.6234077","KBSM"
"KBSM","32","P31","220.4466682","KBSM"
"KBSM","33","P31","310.3099404","KBSM"
"KBSM","34","P31","201.9683136","KBSM"
"KBSM","35","P31","304.6708993","KBSM"
"KBSM","36","P31","208.9489097","KBSM"
"KBSM","37","P31","424.4690166","KBSM"
"KBSM","38","P31","217.609933","KBSM"
"KBSM","39","P31","326.9650999","KBSM"
"KBSM","40","P31","432.50995","KBSM"
"KBSM","41","P31","339.7494231","KBSM"
"KBSM","42","P31","584.8628527","KBSM"
"KBSM","43","P31","236.5554959","KBSM"
"KBSM","44","P31","307.1631879","KBSM"
"KBSM","46","P31","319.335382","KBSM"
"KBSM","48","P31","224.8423125","KBSM"
"KBSM","49","P31","*","KBSM"
"KBSM","50","P31","*","KBSM"
"KBSM","52","P31","201.2742499","KBSM"
"KBSM","53","P31","326.653562","KBSM"
"KBSM","54","P31","341.8289055","KBSM"
"KBSM","55","P31","289.60502","KBSM"
"KBSM","56","P31","258.5666561","KBSM"
"KBSM","57","P31","173.3476935","KBSM"
"KBSM","58","P31","*","KBSM"
"KBSM","59","P31","*","KBSM"
"KBSM","60","P31","*","KBSM"
"KBSM","61","P31","222.7418759","KBSM"
"KBSM","62","P31","455.6076867","KBSM"
"KBSM","63","P31","*","KBSM"
"KBSM","64","P31","234.2931623","KBSM"
"KBSM","65","P31","258.6752442","KBSM"
"KBSM","66","P31","122.9972559","KBSM"
"KBSM","67","P31","195.5539761","KBSM"
"KBSM","68","P31","234.9651898","KBSM"
"KBSM","69","P31","371.9348605","KBSM"
"KBSM","70","P31","295.7042662","KBSM"
"KBSM","71","P31","*","KBSM"
"KBSM","72","P31","311.3422662","KBSM"
"KBSM","73","P31","393.3844618","KBSM"
"KBSM","74","P31","518.0541938","KBSM"
"KBSM","75","P31","*","KBSM"
"KBSM","76","P31","*","KBSM"
"KBSM","77","P31","*","KBSM"
"KBSM","78","P31","246.3693169","KBSM"
"KBSM","79","P31","311.7312202","KBSM"
"KBSM","80","P31","352.3726554","KBSM"
"KBSM","81","P31","249.6583935","KBSM"
"KBSM","83","P31","433.8567838","KBSM"
"KBSM","84","P31","*","KBSM"
"KBSM","85","P31","318.9786939","KBSM"
"KBSM","86","P31","379.5339322","KBSM"
"KBSM","87","P31","213.6020346","KBSM"
"KBSM","88","P31","290.5008729","KBSM"
"KBSM","89","P31","355.3062108","KBSM"
"KBSM","90","P31","368.8968314","KBSM"
"KBSM","91","P31","419.1625827","KBSM"
"KBSM","93","P31","425.3632247","KBSM"
"KBSM","94","P31","267.7907676","KBSM"
"KBSM","95","P31","323.6055554","KBSM"
"KBSM","96","P31","436.1605153","KBSM"
"KBSM","97","P31","180.938923","KBSM"
"KBSM","99","P31","363.1426661","KBSM"
"KBSM","100","P31","238.3319994","KBSM"
"KBSM","101","P31","324.4066124","KBSM"
"KBSM","102","P31","*","KBSM"
"KBSM","103","P31","248.5700171","KBSM"
"KBSM","104","P31","188.6433228","KBSM"
"KBSM","105","P31","428.2301726","KBSM"
"KBSM","106","P31","408.5320582","KBSM"
"KBSM","107","P31","229.9084002","KBSM"
"KBSM","110","P31","312.4674955","KBSM"
"KBSM","111","P31","217.772891","KBSM"
"KBSM","112","P31","219.4884922","KBSM"
"KBSM","113","P31","*","KBSM"
"KBSM","114","P31","192.1975005","KBSM"
"KBSM","115","P31","176.2970453","KBSM"
"KBSM","116","P31","273.0972101","KBSM"
"KBSM","117","P31","320.0168946","KBSM"
"KBSM","118","P31","180.5924881","KBSM"
"KBSM","119","P31","310.7883835","KBSM"
"KBSM","120","P31","*","KBSM"
"KBSM","122","P31","379.0781877","KBSM"
"KBSM","123","P31","306.2535677","KBSM"
"KBSM","125","P31","292.9207003","KBSM"
"KBSM","126","P31","271.1998931","KBSM"
"KBSM","127","P31","192.8011845","KBSM"
"KBSM","128","P31","247.1799342","KBSM"
"KBSM","130","P31","231.3552499","KBSM"
"KBSM","131","P31","332.6119745","KBSM"
"KBSM","132","P31","214.7489205","KBSM"
"KBSM","134","P31","238.398778","KBSM"
"KBSM","135","P31","232.9139716","KBSM"
"KBSM","136","P31","287.2534339","KBSM"
"KBSM","137","P31","193.3562654","KBSM"
"KBSM","138","P31","*","KBSM"
"KBSM","139","P31","262.9393628","KBSM"
"KBSM","141","P31","*","KBSM"
"KBSM","142","P31","170.4622176","KBSM"
"KBSM","143","P31","237.6507846","KBSM"
"KBSM","144","P31","200.1852369","KBSM"
"KBSM","145","P31","312.0747754","KBSM"
"KBSM","146","P31","*","KBSM"
"KBSM","147","P31","258.3295127","KBSM"
"KBSM","148","P31","317.7941743","KBSM"
"KBSM","150","P31","195.7320115","KBSM"
"KBSM","151","P31","240.7320934","KBSM"
"KBSM","152","P31","311.6184463","KBSM"
"KBSM","153","P31","298.5908068","KBSM"
"KBSM","154","P31","419.71171","KBSM"
"KBSM","155","P31","241.0865281","KBSM"
"KBSM","156","P31","272.0562991","KBSM"
"KBSM","157","P31","362.1289983","KBSM"
"KBSM","158","P31","373.1457002","KBSM"
"KBSM","159","P31","448.4009952","KBSM"
"KBSM","161","P31","328.403433","KBSM"
"KBSM","163","P31","249.2038487","KBSM"
"KBSM","164","P31","234.1532897","KBSM"
"KBSM","166","P31","255.4635168","KBSM"
"KBSM","167","P31","281.4742411","KBSM"
"KBSM","168","P31","346.2715319","KBSM"
"KBSM","169","P31","*","KBSM"
"KBSM","170","P31","338.1152039","KBSM"
"KBSM","171","P31","375.5945011","KBSM"
"KBSM","172","P31","264.0279333","KBSM"
"KBSM","173","P31","154.8548436","KBSM"
"KBSM","174","P31","291.7372902","KBSM"
"KBSM","175","P31","358.6668109","KBSM"
"KBSM","176","P31","183.2543927","KBSM"
"KBSM","177","P31","273.0079694","KBSM"
"KBSM","178","P31","253.3776403","KBSM"
"KBSM","179","P31","*","KBSM"
"KBSM","180","P31","*","KBSM"
"KBSM","181","P31","*","KBSM"
"KBSM","182","P31","207.2778367","KBSM"
"KBSM","184","P31","231.7087014","KBSM"
"KBSM","185","P31","216.5962795","KBSM"
"KBSM","187","P31","366.2616564","KBSM"
"KBSM","188","P31","396.974717","KBSM"
"KBSM","189","P31","275.6493074","KBSM"
"KBSM","190","P31","170.7572754","KBSM"
"KBSM","191","P31","143.6272181","KBSM"
"KBSM","192","P31","*","KBSM"
"KBSM","193","P31","182.5571821","KBSM"
"KBSM","194","P31","237.2403307","KBSM"
"KBSM","195","P31","256.7267642","KBSM"
"KBSM","196","P31","234.4510904","KBSM"
"KBSM","197","P31","247.666146","KBSM"
"KBSM","198","P31","296.2277674","KBSM"
"KBSM","199","P31","390.267513","KBSM"
"KBSM","200","P31","247.6472907","KBSM"
"KBSM","201","P31","211.338257","KBSM"
"KBSM","203","P31","299.2143082","KBSM"
"KBSM","204","P31","439.5915783","KBSM"
"KBSM","205","P31","274.064886","KBSM"
"KBSM","207","P31","368.9298056","KBSM"
"KBSM","208","P31","457.410365","KBSM"
"KBSM","209","P31","*","KBSM"
"KBSM","210","P31","356.0138919","KBSM"
"KBSM","211","P31","*","KBSM"
"KBSM","212","P31","*","KBSM"
"KBSM","213","P31","206.1092193","KBSM"
"KBSM","214","P31","205.5865933","KBSM"
"KBSM","215","P31","271.3287341","KBSM"
"KBSM","216","P31","279.1242357","KBSM"
"KBSM","217","P31","289.9405272","KBSM"
"KBSM","218","P31","299.7980759","KBSM"
"KBSM","219","P31","*","KBSM"
"KBSM","220","P31","*","KBSM"
"KBSM","221","P31","282.5950757","KBSM"
"KBSM","222","P31","159.5318406","KBSM"
"KBSM","223","P31","253.4671185","KBSM"
"KBSM","224","P31","150.7344321","KBSM"
"KBSM","225","P31","*","KBSM"
"KBSM","226","P31","230.0007428","KBSM"
"KBSM","227","P31","342.1153702","KBSM"
"KBSM","228","P31","300.8566136","KBSM"
"KBSM","229","P31","229.5845097","KBSM"
"KBSM","230","P31","202.6582606","KBSM"
"KBSM","231","P31","*","KBSM"
"KBSM","232","P31","398.5749691","KBSM"
"KBSM","233","P31","*","KBSM"
"KBSM","234","P31","346.0763112","KBSM"
"KBSM","235","P31","326.9152219","KBSM"
"KBSM","236","P31","266.055481","KBSM"
"KBSM","237","P31","205.4950901","KBSM"
"KBSM","238","P31","*","KBSM"
"KBSM","239","P31","161.0669487","KBSM"
"KBSM","240","P31","*","KBSM"
"KBSM","241","P31","*","KBSM"
"KBSM","242","P31","235.0799628","KBSM"
"KBSM","243","P31","398.8020551","KBSM"
"KBSM","244","P31","214.219099","KBSM"
"KBSM","245","P31","206.9490881","KBSM"
"KBSM","246","P31","286.1362686","KBSM"
"KBSM","247","P31","300.5046383","KBSM"
"KBSM","248","P31","337.7857983","KBSM"
"KBSM","249","P31","178.5682864","KBSM"
"KBSM","250","P31","205.4613064","KBSM"
"KBSM","251","P31","272.1523152","KBSM"
"KBSM","252","P31","292.1444506","KBSM"
"KBSM","253","P31","*","KBSM"
"KBSM","254","P31","203.444723","KBSM"
"KBSM","255","P31","325.4113249","KBSM"
"KBSM","256","P31","336.617879","KBSM"
"KBSM","257","P31","261.5490378","KBSM"
"KBSM","258","P31","433.3200894","KBSM"
"KBSM","259","P31","527.6520338","KBSM"
"KBSM","260","P31","291.25997","KBSM"
"KBSM","261","P31","*","KBSM"
"KBSM","262","P31","*","KBSM"
"KBSM","263","P31","326.2879624","KBSM"
"KBSM","264","P31","395.3573855","KBSM"
"KBSM","265","P31","267.8456085","KBSM"
"KBSM","267","P31","317.2921156","KBSM"
"KBSM","268","P31","215.8371606","KBSM"
"KBSM","269","P31","*","KBSM"
"KBSM","270","P31","262.3332725","KBSM"
"KBSM","271","P31","*","KBSM"
"KBSM","272","P31","424.3016933","KBSM"
"KBSM","273","P31","307.0320188","KBSM"
"KBSM","274","P31","304.6493958","KBSM"
"KBSM","275","P31","250.2856438","KBSM"
"KBSM","276","P31","428.2396909","KBSM"
"KBSM","277","P31","569.4509388","KBSM"
"KBSM","278","P31","*","KBSM"
"KBSM","279","P31","203.7193965","KBSM"
"KBSM","281","P31","356.2548374","KBSM"
"KBSM","282","P31","*","KBSM"
"KBSM","283","P31","211.9286515","KBSM"
"KBSM","284","P31","231.4303877","KBSM"
"KBSM","285","P31","219.2074549","KBSM"
"KBSM","286","P31","246.8125224","KBSM"
"KBSM","287","P31","441.2763588","KBSM"
"KBSM","288","P31","*","KBSM"
"KBSM","289","P31","182.4227981","KBSM"
"KBSM","290","P31","*","KBSM"
"KBSM","292","P31","412.9422231","KBSM"
"KBSM","293","P31","382.5473186","KBSM"
"KBSM","294","P31","300.9270392","KBSM"
"KBSM","296","P31","222.1789653","KBSM"
"KBSM","297","P31","338.793984","KBSM"
"KBSM","298","P31","420.9882944","KBSM"
"KBSM","299","P31","325.3315967","KBSM"
"KBSM","300","P31","200.7307196","KBSM"
"KBSM","301","P31","247.6064636","KBSM"
"KBSM","302","P31","292.76282","KBSM"
"KBSM","303","P31","252.3347631","KBSM"
"KBSM","304","P31","267.5356115","KBSM"
"KBSM","305","P31","223.0277643","KBSM"
"KBSM","306","P31","278.5289845","KBSM"
"KBSM","307","P31","539.7167716","KBSM"
"KBSM","308","P31","320.9655734","KBSM"
"KBSM","310","P31","340.8463408","KBSM"
"KBSM","311","P31","*","KBSM"
"KBSM","312","P31","237.8336694","KBSM"
"KBSM","313","P31","192.4196474","KBSM"
"KBSM","314","P31","339.0748048","KBSM"
"KBSM","315","P31","565.8274706","KBSM"
"KBSM","317","P31","278.00324505","KBSM"
"KBSM","318","P31","635.5866559","KBSM"
"KBSM","319","P31","*","KBSM"
"KBSM","320","P31","188.3916086","KBSM"
"KBSM","322","P31","349.6369862","KBSM"
"KBSM","323","P31","401.4696596","KBSM"
"KBSM","324","P31","485.1699079","KBSM"
"KBSM","325","P31","387.4584396","KBSM"
"KBSM","326","P31","367.5242557","KBSM"
"KBSM","328","P31","252.3812691","KBSM"
"KBSM","330","P31","355.238721","KBSM"
"KBSM","332","P31","390.0844094","KBSM"
"KBSM","333","P31","166.9182381","KBSM"
"KBSM","334","P31","249.256962","KBSM"
"KBSM","335","P31","219.0968652","KBSM"
"KBSM","336","P31","296.1436982","KBSM"
"KBSM","337","P31","296.3136933","KBSM"
"KBSM","338","P31","214.2341878","KBSM"
"KBSM","339","P31","427.8572238","KBSM"
"KBSM","340","P31","*","KBSM"
"KBSM","341","P31","288.5773687","KBSM"
"KBSM","342","P31","166.2191639","KBSM"
"KBSM","343","P31","233.6580951","KBSM"
"KBSM","345","P31","403.0978695","KBSM"
"KBSM","346","P31","255.2278333","KBSM"
"KBSM","347","P31","171.4609563","KBSM"
"KBSM","349","P31","451.188554","KBSM"
"KBSM","350","P31","376.2591046","KBSM"
"KBSM","352","P31","315.7572728","KBSM"
"KBSM","353","P31","467.5802806","KBSM"
"KBSM","354","P31","441.6685328","KBSM"
"KBSM","355","P31","*","KBSM"
"KBSM","356","P31","320.3329656","KBSM"
"KBSM","358","P31","294.4230315","KBSM"
"KBSM","359","P31","282.0623985","KBSM"
"KBSM","360","P31","173.8701248","KBSM"
"KBSM","361","P31","208.7253061","KBSM"
"KBSM","363","P31","294.2741926","KBSM"
"KBSM","364","P31","217.8122566","KBSM"
"KBSM","365","P31","211.8898564","KBSM"
"KBSM","366","P31","224.0149815","KBSM"
"KBSM","367","P31","661.2313866","KBSM"
"KBSM","368","P31","*","KBSM"
"KBSM","369","P31","172.0292031","KBSM"
"KBSM","370","P31","331.2836663","KBSM"
"KBSM","371","P31","230.1138502","KBSM"
"KBSM","372","P31","206.3347164","KBSM"
"KBSM","373","P31","312.9149572","KBSM"
"KBSM","374","P31","306.2321567","KBSM"
"KBSM","375","P31","403.5386749","KBSM"
"KBSM","377","P31","*","KBSM"
"KBSM","378","P31","219.5180694","KBSM"
"KBSM","379","P31","305.4179683","KBSM"
"KBSM","380","P31","453.3753634","KBSM"
"KBSM","381","P31","402.2068765","KBSM"
"KBSM","382","P31","401.6555014","KBSM"
"KBSM","383","P31","380.5785047","KBSM"
"KBSM","384","P31","369.7199541","KBSM"
"KBSM","386","P31","231.2975718","KBSM"
"KBSM","388","P31","347.6172848","KBSM"
"KBSM","389","P31","186.6862724","KBSM"
"KBSM","390","P31","158.3932843","KBSM"
"KBSM","391","P31","384.9169836","KBSM"
"KBSM","392","P31","346.0679092","KBSM"
"KBSM","393","P31","174.9844539","KBSM"
"KBSM","394","P31","192.6473666","KBSM"
"KBSM","395","P31","201.0152779","KBSM"
"KBSM","396","P31","219.5782599","KBSM"
"KBSM","397","P31","305.7016223","KBSM"
"KBSM","398","P31","202.2954982","KBSM"
"KBSM","399","P31","173.0734291","KBSM"
"KBSM","400","P31","349.9999157","KBSM"
"KBSM","402","P31","297.2706938","KBSM"
"KBSM","403","P31","263.6872281","KBSM"
"KBSM","404","P31","265.6657752","KBSM"
"KBSM","405","P31","305.0286609","KBSM"
"KBSM","406","P31","266.0122475","KBSM"
"KBSM","407","P31","255.4751238","KBSM"
"KBSM","408","P31","301.1368404","KBSM"
"KBSM","409","P31","445.5869868","KBSM"
"KBSM","410","P31","281.71956","KBSM"
"KBSM","411","P31","280.5899039","KBSM"
"KBSM","412","P31","227.3327857","KBSM"
"KBSM","413","P31","*","KBSM"
"KBSM","414","P31","290.9646875","KBSM"
"KBSM","415","P31","254.9176566","KBSM"
"KBSM","416","P31","*","KBSM"
"KBSM","417","P31","277.1077316","KBSM"
"KBSM","418","P31","284.2735891","KBSM"
"KBSM","419","P31","417.2269517","KBSM"
"KBSM","420","P31","348.3739633","KBSM"
"KBSM","421","P31","298.8320794","KBSM"
"KBSM","422","P31","411.8775068","KBSM"
"KBSM","423","P31","262.3269555","KBSM"
"KBSM","424","P31","227.3808541","KBSM"
"KBSM","425","P31","259.3238682","KBSM"
"KBSM","426","P31","358.2404618","KBSM"
"KBSM","427","P31","254.810358","KBSM"
"KBSM","428","P31","277.3028421","KBSM"
"KBSM","429","P31","232.0830288","KBSM"
"KBSM","431","P31","226.8640854","KBSM"
"KBSM","432","P31","208.2665889","KBSM"
"KBSM","433","P31","423.8728213","KBSM"
"KBSM","435","P31","292.7043247","KBSM"
"KBSM","436","P31","241.0260432","KBSM"
"KBSM","437","P31","*","KBSM"
"KBSM","438","P31","*","KBSM"
"KBSM","439","P31","216.8011799","KBSM"
"KBSM","440","P31","182.007096","KBSM"
"KBSM","442","P31","280.9734792","KBSM"
"KBSM","443","P31","259.6778745","KBSM"
"KBSM","444","P31","285.2395905","KBSM"
"KBSM","445","P31","359.804834","KBSM"
"KBSM","446","P31","270.6495005","KBSM"
"KBSM","447","P31","351.7776837","KBSM"
"KBSM","448","P31","232.432051","KBSM"
"KBSM","449","P31","655.6663742","KBSM"
"KBSM","450","P31","235.984498","KBSM"
"KBSM","451","P31","251.2843174","KBSM"
"KBSM","452","P31","240.7392968","KBSM"
"KBSM","453","P31","222.1305181","KBSM"
"KBSM","454","P31","*","KBSM"
"KBSM","455","P31","190.1630034","KBSM"
"KBSM","456","P31","194.9892408","KBSM"
"KBSM","458","P31","301.6440064","KBSM"
"KBSM","459","P31","368.6165015","KBSM"
"KBSM","460","P31","187.1201946","KBSM"
"KBSM","461","P31","186.744482","KBSM"
"KBSM","462","P31","257.2515343","KBSM"
"KBSM","463","P31","252.2741157","KBSM"
"KBSM","464","P31","213.9637209","KBSM"
"KBSM","465","P31","258.93634415","KBSM"
"KBSM","466","P31","274.0312185","KBSM"
"KBSM","467","P31","187.3557372","KBSM"
"KBSM","468","P31","312.1896001","KBSM"
"KBSM","469","P31","206.810294","KBSM"
"KBSM","470","P31","220.3511814","KBSM"
"KBSM","471","P31","235.1178377","KBSM"
"KBSM","472","P31","203.3189361","KBSM"
"KBSM","473","P31","440.3052622","KBSM"
"KBSM","474","P31","*","KBSM"
"KBSM","475","P31","480.5807682","KBSM"
"KBSM","476","P31","426.3361158","KBSM"
"KBSM","477","P31","521.8750829","KBSM"
"KBSM","479","P31","269.548738","KBSM"
"KBSM","480","P31","213.0677447","KBSM"
"KBSM","482","P31","*","KBSM"
"KBSM","483","P31","290.0411101","KBSM"
"KBSM","484","P31","342.635626","KBSM"
"KBSM","485","P31","322.6305014","KBSM"
"KBSM","486","P31","*","KBSM"
"KBSM","487","P31","429.6142892","KBSM"
"KBSM","488","P31","330.7302517","KBSM"
"KBSM","489","P31","282.9585937","KBSM"
"KBSM","491","P31","274.8140762","KBSM"
"KBSM","492","P31","276.2106358","KBSM"
"KBSM","493","P31","373.4247416","KBSM"
"KBSM","494","P31","513.5197293","KBSM"
"KBSM","495","P31","171.5490518","KBSM"
"KBSM","496","P31","410.5118213","KBSM"
"KBSM","497","P31","270.0973607","KBSM"
"KBSM","498","P31","438.0311849","KBSM"
"KBSM","499","P31","*","KBSM"
"KBSM","500","P31","334.7459362","KBSM"
"KBSM","501","P31","182.2831913","KBSM"
"KBSM","502","P31","249.3509327","KBSM"
"KBSM","503","P31","237.4569354","KBSM"
"KBSM","504","P31","*","KBSM"
"KBSM","505","P31","169.0901547","KBSM"
"KBSM","506","P31","212.932967","KBSM"
"KBSM","507","P31","319.1448426","KBSM"
"KBSM","508","P31","343.0044428","KBSM"
"KBSM","511","P31","304.6845648","KBSM"
"KBSM","512","P31","311.3923941","KBSM"
"KBSM","513","P31","218.5283535","KBSM"
"KBSM","514","P31","*","KBSM"
"KBSM","515","P31","188.7100144","KBSM"
"KBSM","516","P31","451.7813733","KBSM"
"KBSM","518","P31","*","KBSM"
"KBSM","519","P31","*","KBSM"
"KBSM","520","P31","337.4733655","KBSM"
"KBSM","521","P31","281.9797263","KBSM"
"KBSM","522","P31","285.7005389","KBSM"
"KBSM","523","P31","243.5434137","KBSM"
"KBSM","524","P31","237.6728121","KBSM"
"KBSM","525","P31","280.0215966","KBSM"
"KBSM","526","P31","314.5564047","KBSM"
"KBSM","527","P31","305.4174422","KBSM"
"KBSM","529","P31","*","KBSM"
"KBSM","530","P31","248.0313746","KBSM"
"KBSM","531","P31","301.2844243","KBSM"
"KBSM","532","P31","493.1042018","KBSM"
"KBSM","533","P31","351.2668281","KBSM"
"KBSM","534","P31","535.4629738","KBSM"
"KBSM","535","P31","222.5099973","KBSM"
"KBSM","536","P31","247.2981121","KBSM"
"KBSM","537","P31","282.7928799","KBSM"
"KBSM","539","P31","298.4323974","KBSM"
"KBSM","540","P31","255.138884","KBSM"
"KBSM","541","P31","349.2725377","KBSM"
"KBSM","542","P31","303.7522516","KBSM"
"KBSM","544","P31","142.2513174","KBSM"
"KBSM","545","P31","283.3572482","KBSM"
"KBSM","546","P31","224.1934967","KBSM"
"KBSM","547","P31","333.9804905","KBSM"
"KBSM","548","P31","270.5844462","KBSM"
"KBSM","549","P31","423.6004878","KBSM"
"KBSM","551","P31","*","KBSM"
"KBSM","552","P31","305.6893525","KBSM"
"KBSM","553","P31","275.457145","KBSM"
"KBSM","555","P31","205.607951","KBSM"
"KBSM","556","P31","*","KBSM"
"KBSM","557","P31","298.5543568","KBSM"
"KBSM","558","P31","226.3918794","KBSM"
"KBSM","559","P31","229.9367457","KBSM"
"KBSM","560","P31","388.461122","KBSM"
"KBSM","562","P31","309.5659414","KBSM"
"KBSM","563","P31","247.4955023","KBSM"
"KBSM","564","P31","*","KBSM"
"KBSM","565","P31","472.9837659","KBSM"
"KBSM","566","P31","262.2444221","KBSM"
"KBSM","567","P31","337.6788341","KBSM"
"KBSM","569","P31","306.864697","KBSM"
"KBSM","570","P31","269.7380037","KBSM"
"KBSM","571","P31","228.8562056","KBSM"
"KBSM","572","P31","287.313211","KBSM"
"KBSM","573","P31","229.4195851","KBSM"
"KBSM","574","P31","453.6843862","KBSM"
"KBSM","576","P31","197.5500553","KBSM"
"KBSM","577","P31","292.234432","KBSM"
"KBSM","578","P31","209.3058504","KBSM"
"KBSM","579","P31","236.5749106","KBSM"
"KBSM","580","P31","318.4352528","KBSM"
"KBSM","581","P31","236.4421447","KBSM"
"KBSM","583","P31","298.5406726","KBSM"
"KBSM","584","P31","236.7800667","KBSM"
"KBSM","585","P31","274.8455252","KBSM"
"KBSM","586","P31","211.278783","KBSM"
"KBSM","588","P31","201.0462517","KBSM"
"KBSM","589","P31","407.6343446","KBSM"
"KBSM","592","P31","304.9955119","KBSM"
"KBSM","593","P31","206.8549196","KBSM"
"KBSM","594","P31","215.0865683","KBSM"
"KBSM","595","P31","272.5274008","KBSM"
"KBSM","596","P31","251.364423","KBSM"
"KBSM","597","P31","231.2811558","KBSM"
"KBSM","598","P31","310.486307","KBSM"
"KBSM","599","P31","*","KBSM"
"KBSM","600","P31","241.3757622","KBSM"
"KBSM","601","P31","295.7307386","KBSM"
"KBSM","602","P31","*","KBSM"
"KBSM","603","P31","*","KBSM"
"KBSM","604","P31","*","KBSM"
"KBSM","605","P31","423.2624088","KBSM"
"KBSM","606","P31","232.0202393","KBSM"
"KBSM","608","P31","351.4929706","KBSM"
"KBSM","609","P31","235.5390965","KBSM"
"KBSM","610","P31","325.8408486","KBSM"
"KBSM","611","P31","259.1481236","KBSM"
"KBSM","612","P31","175.4330066","KBSM"
"KBSM","613","P31","200.1349108","KBSM"
"KBSM","614","P31","214.3666945","KBSM"
"KBSM","618","P31","273.7360628","KBSM"
"KBSM","619","P31","259.8989324","KBSM"
"KBSM","620","P31","218.9987946","KBSM"
"KBSM","621","P31","279.7290934","KBSM"
"KBSM","622","P31","225.2789852","KBSM"
"KBSM","623","P31","*","KBSM"
"KBSM","624","P31","*","KBSM"
"KBSM","625","P31","221.7187899","KBSM"
"KBSM","627","P31","431.0509407","KBSM"
"KBSM","628","P31","389.4460595","KBSM"
"KBSM","629","P31","205.1333035","KBSM"
"KBSM","630","P31","456.0949051","KBSM"
"KBSM","632","P31","485.7140925","KBSM"
"KBSM","633","P31","178.1205708","KBSM"
"KBSM","634","P31","406.3611781","KBSM"
"KBSM","635","P31","390.6239858","KBSM"
"KBSM","636","P31","320.6933416","KBSM"
"KBSM","637","P31","294.6722652","KBSM"
"KBSM","638","P31","363.3744681","KBSM"
"KBSM","639","P31","203.5298145","KBSM"
"KBSM","640","P31","197.0091432","KBSM"
"KBSM","641","P31","265.3118306","KBSM"
"KBSM","642","P31","269.4668004","KBSM"
"KBSM","643","P31","346.1301406","KBSM"
"KBSM","644","P31","427.8818724","KBSM"
"KBSM","645","P31","*","KBSM"
"KBSM","647","P31","*","KBSM"
"KBSM","648","P31","218.9365609","KBSM"
"KBSM","649","P31","394.7808645","KBSM"
"KBSM","652","P31","217.324273","KBSM"
"KBSM","654","P31","248.3248525","KBSM"
"KBSM","655","P31","365.6369395","KBSM"
"KBSM","656","P31","216.2736843","KBSM"
"KBSM","657","P31","271.9324799","KBSM"
"KBSM","658","P31","195.6632598","KBSM"
"KBSM","660","P31","582.889393","KBSM"
"KBSM","661","P31","175.2369128","KBSM"
"KBSM","663","P31","492.8898933","KBSM"
"KBSM","664","P31","292.3437987","KBSM"
"KBSM","666","P31","531.568132","KBSM"
"KBSM","667","P31","199.708753","KBSM"
"KBSM","668","P31","209.4383816","KBSM"
"KBSM","669","P31","379.0444783","KBSM"
"KBSM","670","P31","277.2897523","KBSM"
"KBSM","671","P31","*","KBSM"
"KBSM","672","P31","397.8239874","KBSM"
"KBSM","673","P31","231.7980945","KBSM"
"KBSM","674","P31","262.0244751","KBSM"
"KBSM","675","P31","260.4899336","KBSM"
"KBSM","677","P31","*","KBSM"
"KBSM","679","P31","284.4720806","KBSM"
"KBSM","680","P31","235.1044765","KBSM"
"KBSM","681","P31","333.828534","KBSM"
"KBSM","682","P31","242.9741149","KBSM"
"KBSM","683","P31","285.269622","KBSM"
"KBSM","684","P31","312.6075848","KBSM"
"KBSM","685","P31","295.4493238","KBSM"
"KBSM","686","P31","409.6778741","KBSM"
"KBSM","689","P31","*","KBSM"
"KBSM","690","P31","246.2561679","KBSM"
"KBSM","691","P31","305.0454633","KBSM"
"KBSM","692","P31","358.4284667","KBSM"
"KBSM","693","P31","263.9274998","KBSM"
"KBSM","694","P31","252.1030081","KBSM"
"KBSM","695","P31","360.1929956","KBSM"
"KBSM","696","P31","248.439678","KBSM"
"KBSM","697","P31","404.5706682","KBSM"
"KBSM","698","P31","181.9731699","KBSM"
"KBSM","699","P31","286.2047475","KBSM"
"KBSM","700","P31","202.4920789","KBSM"
"KBSM","702","P31","*","KBSM"
"KBSM","703","P31","201.6046903","KBSM"
"KBSM","704","P31","307.7567878","KBSM"
"KBSM","705","P31","273.1060676","KBSM"
"KBSM","706","P31","303.9817294","KBSM"
"KBSM","707","P31","*","KBSM"
"KBSM","708","P31","*","KBSM"
"KBSM","710","P31","394.8657144","KBSM"
"KBSM","711","P31","289.825401","KBSM"
"KBSM","712","P31","272.9582035","KBSM"
"KBSM","713","P31","438.6602384","KBSM"
"KBSM","714","P31","*","KBSM"
"KBSM","715","P31","334.4712364","KBSM"
"KBSM","716","P31","346.3967048","KBSM"
"KBSM","718","P31","*","KBSM"
"KBSM","719","P31","180.4799474","KBSM"
"KBSM","720","P31","326.1254295","KBSM"
"KBSM","721","P31","346.6753384","KBSM"
"KBSM","722","P31","251.6397313","KBSM"
"KBSM","723","P31","*","KBSM"
"KBSM","724","P31","352.3934405","KBSM"
"KBSM","725","P31","288.7399795","KBSM"
"KBSM","726","P31","224.9452466","KBSM"
"KBSM","729","P31","232.4606429","KBSM"
"KBSM","730","P31","219.0911625","KBSM"
"KBSM","731","P31","478.9220304","KBSM"
"KBSM","732","P31","309.2418803","KBSM"
"KBSM","733","P31","323.3347856","KBSM"
"KBSM","734","P31","270.5602658","KBSM"
"KBSM","735","P31","285.4935951","KBSM"
"KBSM","736","P31","381.572805","KBSM"
"KBSM","737","P31","289.5523441","KBSM"
"KBSM","738","P31","261.8689042","KBSM"
"KBSM","739","P31","458.1864751","KBSM"
"KBSM","740","P31","186.1985968","KBSM"
"KBSM","742","P31","579.1229183","KBSM"
"KBSM","743","P31","321.1495174","KBSM"
"KBSM","744","P31","315.6879695","KBSM"
"KBSM","745","P31","384.3938246","KBSM"
"KBSM","746","P31","216.6745227","KBSM"
"KBSM","748","P31","239.6932151","KBSM"
"KBSM","749","P31","294.6443262","KBSM"
"KBSM","750","P31","238.9560589","KBSM"
"KBSM","751","P31","333.5927974","KBSM"
"KBSM","752","P31","378.7361385","KBSM"
"KBSM","753","P31","251.4281847","KBSM"
"KBSM","755","P31","439.5138538","KBSM"
"KBSM","756","P31","361.8030499","KBSM"
"KBSM","757","P31","316.6501824","KBSM"
"KBSM","758","P31","480.9779706","KBSM"
"KBSM","759","P31","347.0782593","KBSM"
"KBSM","760","P31","285.9875012","KBSM"
"KBSM","761","P31","289.1445263","KBSM"
"KBSM","762","P31","172.5818413","KBSM"
"KBSM","763","P31","221.5962127","KBSM"
"KBSM","764","P31","303.7046738","KBSM"
"KBSM","765","P31","197.7845221","KBSM"
"KBSM","766","P31","325.7969598","KBSM"
"KBSM","767","P31","369.9115757","KBSM"
"KBSM","768","P31","282.7904526","KBSM"
"KBSM","769","P31","*","KBSM"
"KBSM","770","P31","313.3042029","KBSM"
"KBSM","771","P31","246.7529558","KBSM"
"KBSM","772","P31","171.9052671","KBSM"
"KBSM","773","P31","301.5266154","KBSM"
"KBSM","774","P31","504.3390762","KBSM"
"KBSM","775","P31","358.4781076","KBSM"
"KBSM","776","P31","237.2210182","KBSM"
"KBSM","777","P31","357.7633415","KBSM"
"KBSM","778","P31","265.831338","KBSM"
"KBSM","779","P31","219.2354928","KBSM"
"KBSM","780","P31","378.024925","KBSM"
"KBSM","781","P31","*","KBSM"
"KBSM","782","P31","186.8214007","KBSM"
"KBSM","783","P31","285.8205117","KBSM"
"KBSM","784","P31","402.7212247","KBSM"
"KBSM","785","P31","297.7568999","KBSM"
"KBSM","786","P31","150.9569552","KBSM"
"KBSM","787","P31","336.3243933","KBSM"
"KBSM","788","P31","515.8652746","KBSM"
"KBSM","789","P31","261.01756","KBSM"
"KBSM","790","P31","343.4606117","KBSM"
"KBSM","792","P31","471.0641555","KBSM"
"KBSM","794","P31","208.1955391","KBSM"
"KBSM","795","P31","220.4859658","KBSM"
"KBSM","796","P31","*","KBSM"
"KBSM","797","P31","153.135455","KBSM"
"KBSM","799","P31","*","KBSM"
"KBSM","800","P31","478.0414001","KBSM"
"KBSM","801","P31","278.0980074","KBSM"
"KBSM","802","P31","559.2322716","KBSM"
"KBSM","803","P31","421.5461773","KBSM"
"KBSM","804","P31","295.1913961","KBSM"
"KBSM","805","P31","210.0328835","KBSM"
"KBSM","806","P31","267.235946","KBSM"
"KBSM","808","P31","551.6201068","KBSM"
"KBSM","809","P31","316.5832848","KBSM"
"KBSM","810","P31","313.8547848","KBSM"
"KBSM","811","P31","274.0740106","KBSM"
"KBSM","812","P31","461.0343329","KBSM"
"KBSM","813","P31","203.6027341","KBSM"
"KBSM","814","P31","357.9160309","KBSM"
"KBSM","815","P31","301.5301716","KBSM"
"KBSM","816","P31","182.2028616","KBSM"
"KBSM","817","P31","*","KBSM"
"KBSM","818","P31","277.087843","KBSM"
"KBSM","819","P31","370.9669823","KBSM"
"KBSM","820","P31","263.31528","KBSM"
"KBSM","821","P31","305.1237436","KBSM"
"KBSM","822","P31","340.2091922","KBSM"
"KBSM","823","P31","327.4427172","KBSM"
"KBSM","824","P31","439.41645105","KBSM"
"KBSM","825","P31","368.9367553","KBSM"
"PKLE","1","P31","605.6950702","PKLE"
"PKLE","2","P31","406.2379961","PKLE"
"PKLE","3","P31","564.526272","PKLE"
"PKLE","4","P31","*","PKLE"
"PKLE","5","P31","294.2457075","PKLE"
"PKLE","7","P31","660.3350093","PKLE"
"PKLE","8","P31","343.2597391","PKLE"
"PKLE","9","P31","296.6773368","PKLE"
"PKLE","10","P31","360.3209772","PKLE"
"PKLE","11","P31","344.4519826","PKLE"
"PKLE","12","P31","654.8945252","PKLE"
"PKLE","13","P31","441.5647881","PKLE"
"PKLE","14","P31","507.0425712","PKLE"
"PKLE","15","P31","423.617146","PKLE"
"PKLE","16","P31","344.690206","PKLE"
"PKLE","17","P31","256.1505732","PKLE"
"PKLE","18","P31","388.8457238","PKLE"
"PKLE","19","P31","475.4501466","PKLE"
"PKLE","20","P31","319.4383034","PKLE"
"PKLE","21","P31","*","PKLE"
"PKLE","22","P31","*","PKLE"
"PKLE","23","P31","361.1444022","PKLE"
"PKLE","24","P31","*","PKLE"
"PKLE","25","P31","412.6224962","PKLE"
"PKLE","26","P31","558.2211347","PKLE"
"PKLE","27","P31","*","PKLE"
"PKLE","28","P31","356.6288925","PKLE"
"PKLE","29","P31","601.3742101","PKLE"
"PKLE","30","P31","378.70899","PKLE"
"PKLE","31","P31","323.0118705","PKLE"
"PKLE","32","P31","364.5227445","PKLE"
"PKLE","33","P31","452.8268148","PKLE"
"PKLE","34","P31","377.3102312","PKLE"
"PKLE","35","P31","508.4379333","PKLE"
"PKLE","36","P31","357.1929882","PKLE"
"PKLE","37","P31","550.3436263","PKLE"
"PKLE","38","P31","419.9947941","PKLE"
"PKLE","39","P31","529.8708425","PKLE"
"PKLE","40","P31","508.8689123","PKLE"
"PKLE","41","P31","482.1248984","PKLE"
"PKLE","42","P31","568.5748061","PKLE"
"PKLE","43","P31","639.6503664","PKLE"
"PKLE","44","P31","406.3149406","PKLE"
"PKLE","46","P31","554.212644","PKLE"
"PKLE","48","P31","396.0780308","PKLE"
"PKLE","49","P31","*","PKLE"
"PKLE","50","P31","*","PKLE"
"PKLE","52","P31","343.7754415","PKLE"
"PKLE","53","P31","464.2679197","PKLE"
"PKLE","54","P31","497.6229257","PKLE"
"PKLE","55","P31","506.6972387","PKLE"
"PKLE","56","P31","362.5477894","PKLE"
"PKLE","57","P31","*","PKLE"
"PKLE","58","P31","421.7184222","PKLE"
"PKLE","59","P31","*","PKLE"
"PKLE","60","P31","*","PKLE"
"PKLE","61","P31","362.394679","PKLE"
"PKLE","62","P31","503.8757938","PKLE"
"PKLE","63","P31","251.4343235","PKLE"
"PKLE","64","P31","*","PKLE"
"PKLE","65","P31","291.7655916","PKLE"
"PKLE","66","P31","243.0033837","PKLE"
"PKLE","67","P31","349.4304562","PKLE"
"PKLE","68","P31","409.956398","PKLE"
"PKLE","69","P31","268.0088254","PKLE"
"PKLE","70","P31","306.3510612","PKLE"
"PKLE","71","P31","*","PKLE"
"PKLE","72","P31","531.9442311","PKLE"
"PKLE","73","P31","327.1584434","PKLE"
"PKLE","74","P31","330.3561732","PKLE"
"PKLE","75","P31","*","PKLE"
"PKLE","76","P31","481.8157166","PKLE"
"PKLE","77","P31","357.1278296","PKLE"
"PKLE","78","P31","319.1653224","PKLE"
"PKLE","79","P31","340.0246855","PKLE"
"PKLE","80","P31","704.0095255","PKLE"
"PKLE","81","P31","521.5410679","PKLE"
"PKLE","83","P31","338.9089848","PKLE"
"PKLE","84","P31","306.9021673","PKLE"
"PKLE","85","P31","313.7516539","PKLE"
"PKLE","86","P31","382.9736494","PKLE"
"PKLE","87","P31","503.705133","PKLE"
"PKLE","88","P31","*","PKLE"
"PKLE","89","P31","522.8329335","PKLE"
"PKLE","90","P31","436.6130529","PKLE"
"PKLE","91","P31","312.778243","PKLE"
"PKLE","93","P31","538.2008576","PKLE"
"PKLE","94","P31","*","PKLE"
"PKLE","95","P31","436.4951666","PKLE"
"PKLE","96","P31","*","PKLE"
"PKLE","97","P31","336.0832119","PKLE"
"PKLE","99","P31","873.5947747","PKLE"
"PKLE","100","P31","398.584187","PKLE"
"PKLE","101","P31","441.6821629","PKLE"
"PKLE","102","P31","*","PKLE"
"PKLE","103","P31","*","PKLE"
"PKLE","104","P31","447.7764576","PKLE"
"PKLE","105","P31","534.4472435","PKLE"
"PKLE","106","P31","439.4215779","PKLE"
"PKLE","107","P31","398.6094223","PKLE"
"PKLE","110","P31","545.9421652","PKLE"
"PKLE","111","P31","354.8721505","PKLE"
"PKLE","112","P31","372.0152686","PKLE"
"PKLE","113","P31","361.2160888","PKLE"
"PKLE","114","P31","528.8768774","PKLE"
"PKLE","115","P31","413.6256347","PKLE"
"PKLE","116","P31","*","PKLE"
"PKLE","117","P31","757.7710108","PKLE"
"PKLE","118","P31","229.5664797","PKLE"
"PKLE","119","P31","410.6093364","PKLE"
"PKLE","120","P31","*","PKLE"
"PKLE","122","P31","353.3097795","PKLE"
"PKLE","123","P31","372.7038973","PKLE"
"PKLE","125","P31","565.2968081","PKLE"
"PKLE","126","P31","590.8399137","PKLE"
"PKLE","127","P31","460.2092263","PKLE"
"PKLE","128","P31","623.1284587","PKLE"
"PKLE","130","P31","284.8039114","PKLE"
"PKLE","131","P31","404.665528","PKLE"
"PKLE","132","P31","*","PKLE"
"PKLE","134","P31","375.7375504","PKLE"
"PKLE","135","P31","406.1826476","PKLE"
"PKLE","136","P31","*","PKLE"
"PKLE","137","P31","358.4608714","PKLE"
"PKLE","138","P31","677.480098","PKLE"
"PKLE","139","P31","355.943393","PKLE"
"PKLE","141","P31","*","PKLE"
"PKLE","142","P31","336.5837595","PKLE"
"PKLE","143","P31","543.3575641","PKLE"
"PKLE","144","P31","323.9648802","PKLE"
"PKLE","145","P31","324.5066957","PKLE"
"PKLE","146","P31","479.2182852","PKLE"
"PKLE","147","P31","*","PKLE"
"PKLE","148","P31","665.0628922","PKLE"
"PKLE","150","P31","359.8399957","PKLE"
"PKLE","151","P31","397.663172","PKLE"
"PKLE","152","P31","*","PKLE"
"PKLE","153","P31","712.2772051","PKLE"
"PKLE","154","P31","301.932618","PKLE"
"PKLE","155","P31","463.9658563","PKLE"
"PKLE","156","P31","366.982207","PKLE"
"PKLE","157","P31","561.5151994","PKLE"
"PKLE","158","P31","488.4954202","PKLE"
"PKLE","159","P31","*","PKLE"
"PKLE","161","P31","278.6573025","PKLE"
"PKLE","163","P31","*","PKLE"
"PKLE","164","P31","506.8012534","PKLE"
"PKLE","166","P31","300.5542725","PKLE"
"PKLE","167","P31","384.5466668","PKLE"
"PKLE","168","P31","704.5334878","PKLE"
"PKLE","169","P31","278.7006202","PKLE"
"PKLE","170","P31","364.235287","PKLE"
"PKLE","171","P31","707.0581409","PKLE"
"PKLE","172","P31","455.3081688","PKLE"
"PKLE","173","P31","332.327198","PKLE"
"PKLE","174","P31","405.6361745","PKLE"
"PKLE","175","P31","446.9483524","PKLE"
"PKLE","176","P31","502.4985663","PKLE"
"PKLE","177","P31","510.8403801","PKLE"
"PKLE","178","P31","310.3503329","PKLE"
"PKLE","179","P31","*","PKLE"
"PKLE","180","P31","*","PKLE"
"PKLE","181","P31","*","PKLE"
"PKLE","182","P31","362.1601565","PKLE"
"PKLE","184","P31","354.128197","PKLE"
"PKLE","185","P31","384.8463965","PKLE"
"PKLE","187","P31","501.0767678","PKLE"
"PKLE","188","P31","432.2202338","PKLE"
"PKLE","189","P31","375.4884538","PKLE"
"PKLE","190","P31","*","PKLE"
"PKLE","191","P31","562.3133163","PKLE"
"PKLE","192","P31","*","PKLE"
"PKLE","193","P31","367.627219","PKLE"
"PKLE","194","P31","321.0445389","PKLE"
"PKLE","195","P31","594.6989054","PKLE"
"PKLE","196","P31","*","PKLE"
"PKLE","197","P31","410.6488614","PKLE"
"PKLE","198","P31","493.077931","PKLE"
"PKLE","199","P31","336.2047216","PKLE"
"PKLE","200","P31","230.7379553","PKLE"
"PKLE","201","P31","407.3933128","PKLE"
"PKLE","203","P31","551.8182448","PKLE"
"PKLE","204","P31","510.0757575","PKLE"
"PKLE","205","P31","263.6994558","PKLE"
"PKLE","207","P31","780.4539124","PKLE"
"PKLE","208","P31","313.9363429","PKLE"
"PKLE","209","P31","352.265728","PKLE"
"PKLE","210","P31","362.9854729","PKLE"
"PKLE","211","P31","451.2768516","PKLE"
"PKLE","212","P31","*","PKLE"
"PKLE","213","P31","290.4613475","PKLE"
"PKLE","214","P31","312.3891009","PKLE"
"PKLE","215","P31","371.540297","PKLE"
"PKLE","216","P31","406.7799998","PKLE"
"PKLE","217","P31","573.4997192","PKLE"
"PKLE","218","P31","333.4208258","PKLE"
"PKLE","219","P31","*","PKLE"
"PKLE","220","P31","493.2540646","PKLE"
"PKLE","221","P31","417.3704778","PKLE"
"PKLE","222","P31","278.3271648","PKLE"
"PKLE","223","P31","*","PKLE"
"PKLE","224","P31","294.7678248","PKLE"
"PKLE","225","P31","231.6683643","PKLE"
"PKLE","226","P31","550.4788502","PKLE"
"PKLE","227","P31","461.6452239","PKLE"
"PKLE","228","P31","449.6818941","PKLE"
"PKLE","229","P31","457.5556834","PKLE"
"PKLE","230","P31","492.6744633","PKLE"
"PKLE","231","P31","551.3476048","PKLE"
"PKLE","232","P31","503.0831008","PKLE"
"PKLE","233","P31","*","PKLE"
"PKLE","234","P31","378.3596715","PKLE"
"PKLE","235","P31","788.9797441","PKLE"
"PKLE","236","P31","773.3570735","PKLE"
"PKLE","237","P31","483.645311","PKLE"
"PKLE","238","P31","*","PKLE"
"PKLE","239","P31","367.069415","PKLE"
"PKLE","240","P31","*","PKLE"
"PKLE","241","P31","*","PKLE"
"PKLE","242","P31","244.140292","PKLE"
"PKLE","243","P31","337.5038047","PKLE"
"PKLE","244","P31","309.9879518","PKLE"
"PKLE","245","P31","387.658676","PKLE"
"PKLE","246","P31","350.1966375","PKLE"
"PKLE","247","P31","452.2218656","PKLE"
"PKLE","248","P31","423.6158686","PKLE"
"PKLE","249","P31","439.2579477","PKLE"
"PKLE","250","P31","449.2544608","PKLE"
"PKLE","251","P31","*","PKLE"
"PKLE","252","P31","400.5001649","PKLE"
"PKLE","253","P31","*","PKLE"
"PKLE","254","P31","694.6974522","PKLE"
"PKLE","255","P31","212.2271105","PKLE"
"PKLE","256","P31","405.3476956","PKLE"
"PKLE","257","P31","457.8422743","PKLE"
"PKLE","258","P31","*","PKLE"
"PKLE","259","P31","497.1078504","PKLE"
"PKLE","260","P31","457.4123975","PKLE"
"PKLE","261","P31","430.4971447","PKLE"
"PKLE","262","P31","*","PKLE"
"PKLE","263","P31","588.2136618","PKLE"
"PKLE","264","P31","686.603454","PKLE"
"PKLE","265","P31","421.0896102","PKLE"
"PKLE","267","P31","310.6356069","PKLE"
"PKLE","268","P31","*","PKLE"
"PKLE","269","P31","*","PKLE"
"PKLE","270","P31","234.820968","PKLE"
"PKLE","271","P31","*","PKLE"
"PKLE","272","P31","351.3788811","PKLE"
"PKLE","273","P31","227.5418969","PKLE"
"PKLE","274","P31","313.5899258","PKLE"
"PKLE","275","P31","405.7144038","PKLE"
"PKLE","276","P31","*","PKLE"
"PKLE","277","P31","393.3078759","PKLE"
"PKLE","278","P31","*","PKLE"
"PKLE","279","P31","211.2672134","PKLE"
"PKLE","281","P31","604.334854","PKLE"
"PKLE","282","P31","*","PKLE"
"PKLE","283","P31","*","PKLE"
"PKLE","284","P31","249.9810299","PKLE"
"PKLE","285","P31","*","PKLE"
"PKLE","286","P31","412.9032839","PKLE"
"PKLE","287","P31","520.9630554","PKLE"
"PKLE","288","P31","*","PKLE"
"PKLE","289","P31","451.8894464","PKLE"
"PKLE","290","P31","*","PKLE"
"PKLE","292","P31","357.7770539","PKLE"
"PKLE","293","P31","490.2917272","PKLE"
"PKLE","294","P31","334.2215325","PKLE"
"PKLE","296","P31","457.7712837","PKLE"
"PKLE","297","P31","540.1273799","PKLE"
"PKLE","298","P31","*","PKLE"
"PKLE","299","P31","431.53665","PKLE"
"PKLE","300","P31","314.272448","PKLE"
"PKLE","301","P31","405.4433926","PKLE"
"PKLE","302","P31","359.8947808","PKLE"
"PKLE","303","P31","311.3663621","PKLE"
"PKLE","304","P31","409.9008021","PKLE"
"PKLE","305","P31","596.8809498","PKLE"
"PKLE","306","P31","280.8640784","PKLE"
"PKLE","307","P31","466.2709996","PKLE"
"PKLE","308","P31","353.7789922","PKLE"
"PKLE","310","P31","548.5448829","PKLE"
"PKLE","311","P31","429.224914","PKLE"
"PKLE","312","P31","270.1751019","PKLE"
"PKLE","313","P31","377.7199943","PKLE"
"PKLE","314","P31","425.4282237","PKLE"
"PKLE","315","P31","670.1955156","PKLE"
"PKLE","317","P31","295.6292932","PKLE"
"PKLE","318","P31","365.9930161","PKLE"
"PKLE","319","P31","*","PKLE"
"PKLE","320","P31","561.256192","PKLE"
"PKLE","322","P31","282.8498717","PKLE"
"PKLE","323","P31","408.9253013","PKLE"
"PKLE","324","P31","424.2259842","PKLE"
"PKLE","325","P31","354.9331953","PKLE"
"PKLE","326","P31","*","PKLE"
"PKLE","328","P31","319.2475269","PKLE"
"PKLE","330","P31","476.6032668","PKLE"
"PKLE","332","P31","522.6347373","PKLE"
"PKLE","333","P31","300.3102369","PKLE"
"PKLE","334","P31","329.0314424","PKLE"
"PKLE","335","P31","534.2695799","PKLE"
"PKLE","336","P31","441.6047721","PKLE"
"PKLE","337","P31","659.7799889","PKLE"
"PKLE","338","P31","335.7394948","PKLE"
"PKLE","339","P31","327.3159124","PKLE"
"PKLE","340","P31","464.8115084","PKLE"
"PKLE","341","P31","584.2598354","PKLE"
"PKLE","342","P31","612.6759337","PKLE"
"PKLE","343","P31","349.4467023","PKLE"
"PKLE","345","P31","374.127105","PKLE"
"PKLE","346","P31","401.6384878","PKLE"
"PKLE","347","P31","196.3171762","PKLE"
"PKLE","349","P31","446.4643729","PKLE"
"PKLE","350","P31","344.7964567","PKLE"
"PKLE","352","P31","408.0393101","PKLE"
"PKLE","353","P31","332.5969856","PKLE"
"PKLE","354","P31","402.3228014","PKLE"
"PKLE","355","P31","*","PKLE"
"PKLE","356","P31","450.5293152","PKLE"
"PKLE","358","P31","523.4356002","PKLE"
"PKLE","359","P31","392.5967703","PKLE"
"PKLE","360","P31","525.0569253","PKLE"
"PKLE","361","P31","401.8360493","PKLE"
"PKLE","363","P31","481.99388","PKLE"
"PKLE","364","P31","366.4329632","PKLE"
"PKLE","365","P31","397.3137961","PKLE"
"PKLE","366","P31","520.9400374","PKLE"
"PKLE","367","P31","286.4617874","PKLE"
"PKLE","368","P31","453.3407945","PKLE"
"PKLE","369","P31","451.8045131","PKLE"
"PKLE","370","P31","551.9752251","PKLE"
"PKLE","371","P31","565.2065871","PKLE"
"PKLE","372","P31","381.8615577","PKLE"
"PKLE","373","P31","546.5740809","PKLE"
"PKLE","374","P31","542.4206228","PKLE"
"PKLE","375","P31","314.507673","PKLE"
"PKLE","377","P31","*","PKLE"
"PKLE","378","P31","433.3001148","PKLE"
"PKLE","379","P31","574.6282571","PKLE"
"PKLE","380","P31","485.6367318","PKLE"
"PKLE","381","P31","321.0985942","PKLE"
"PKLE","382","P31","369.980399","PKLE"
"PKLE","383","P31","475.6417717","PKLE"
"PKLE","384","P31","528.9493783","PKLE"
"PKLE","386","P31","381.147021","PKLE"
"PKLE","388","P31","364.1600724","PKLE"
"PKLE","389","P31","380.3075976","PKLE"
"PKLE","390","P31","274.3927926","PKLE"
"PKLE","391","P31","635.3363662","PKLE"
"PKLE","392","P31","272.4408555","PKLE"
"PKLE","393","P31","424.4795045","PKLE"
"PKLE","394","P31","*","PKLE"
"PKLE","395","P31","336.7216464","PKLE"
"PKLE","396","P31","470.9581726","PKLE"
"PKLE","397","P31","461.6932776","PKLE"
"PKLE","398","P31","*","PKLE"
"PKLE","399","P31","648.7688165","PKLE"
"PKLE","400","P31","750.1344742","PKLE"
"PKLE","402","P31","502.8036953","PKLE"
"PKLE","403","P31","*","PKLE"
"PKLE","404","P31","369.3341783","PKLE"
"PKLE","405","P31","441.8471423","PKLE"
"PKLE","406","P31","545.4178012","PKLE"
"PKLE","407","P31","266.5959851","PKLE"
"PKLE","408","P31","519.7951917","PKLE"
"PKLE","409","P31","569.5912125","PKLE"
"PKLE","410","P31","404.1826487","PKLE"
"PKLE","411","P31","601.2700312","PKLE"
"PKLE","412","P31","224.0024665","PKLE"
"PKLE","413","P31","383.0886038","PKLE"
"PKLE","414","P31","466.1267068","PKLE"
"PKLE","415","P31","394.0908311","PKLE"
"PKLE","416","P31","601.4892587","PKLE"
"PKLE","417","P31","489.2249004","PKLE"
"PKLE","418","P31","*","PKLE"
"PKLE","419","P31","*","PKLE"
"PKLE","420","P31","388.2549379","PKLE"
"PKLE","421","P31","*","PKLE"
"PKLE","422","P31","656.1772352","PKLE"
"PKLE","423","P31","416.1909306","PKLE"
"PKLE","424","P31","456.110946","PKLE"
"PKLE","425","P31","570.5456037","PKLE"
"PKLE","426","P31","620.9831493","PKLE"
"PKLE","427","P31","*","PKLE"
"PKLE","428","P31","568.8129468","PKLE"
"PKLE","429","P31","402.3646052","PKLE"
"PKLE","431","P31","432.6285662","PKLE"
"PKLE","432","P31","387.3391728","PKLE"
"PKLE","433","P31","585.322148","PKLE"
"PKLE","435","P31","345.9756706","PKLE"
"PKLE","436","P31","318.706003","PKLE"
"PKLE","437","P31","433.7461861","PKLE"
"PKLE","438","P31","495.6025996","PKLE"
"PKLE","439","P31","336.1432862","PKLE"
"PKLE","440","P31","307.0793508","PKLE"
"PKLE","442","P31","429.0685434","PKLE"
"PKLE","443","P31","258.2353928","PKLE"
"PKLE","444","P31","280.4092912","PKLE"
"PKLE","445","P31","297.1334083","PKLE"
"PKLE","446","P31","374.7479673","PKLE"
"PKLE","447","P31","393.2418328","PKLE"
"PKLE","448","P31","420.8579152","PKLE"
"PKLE","449","P31","395.3626132","PKLE"
"PKLE","450","P31","504.9777421","PKLE"
"PKLE","451","P31","383.2440277","PKLE"
"PKLE","452","P31","364.394953","PKLE"
"PKLE","453","P31","531.0511744","PKLE"
"PKLE","454","P31","*","PKLE"
"PKLE","455","P31","509.3486235","PKLE"
"PKLE","456","P31","365.1715827","PKLE"
"PKLE","458","P31","528.7385623","PKLE"
"PKLE","459","P31","429.4196468","PKLE"
"PKLE","460","P31","395.8359603","PKLE"
"PKLE","461","P31","350.7765934","PKLE"
"PKLE","462","P31","327.5947348","PKLE"
"PKLE","463","P31","385.7905114","PKLE"
"PKLE","464","P31","345.3845342","PKLE"
"PKLE","465","P31","306.9942317","PKLE"
"PKLE","466","P31","377.4701302","PKLE"
"PKLE","467","P31","478.0125185","PKLE"
"PKLE","468","P31","398.2607234","PKLE"
"PKLE","469","P31","408.7761988","PKLE"
"PKLE","470","P31","339.5855438","PKLE"
"PKLE","471","P31","362.2012513","PKLE"
"PKLE","472","P31","397.2877166","PKLE"
"PKLE","473","P31","437.9050618","PKLE"
"PKLE","474","P31","653.8916016","PKLE"
"PKLE","475","P31","356.0973514","PKLE"
"PKLE","476","P31","380.3421846","PKLE"
"PKLE","477","P31","754.8571901","PKLE"
"PKLE","479","P31","430.8704244","PKLE"
"PKLE","480","P31","404.4746529","PKLE"
"PKLE","482","P31","367.0642054","PKLE"
"PKLE","483","P31","427.1836207","PKLE"
"PKLE","484","P31","269.6187574","PKLE"
"PKLE","485","P31","442.1104323","PKLE"
"PKLE","486","P31","585.6930021","PKLE"
"PKLE","487","P31","393.83429745","PKLE"
"PKLE","488","P31","590.3166134","PKLE"
"PKLE","489","P31","344.0792097","PKLE"
"PKLE","491","P31","326.5209238","PKLE"
"PKLE","492","P31","485.0650495","PKLE"
"PKLE","493","P31","500.04252315","PKLE"
"PKLE","494","P31","523.8102323","PKLE"
"PKLE","495","P31","536.4539125","PKLE"
"PKLE","496","P31","378.4665121","PKLE"
"PKLE","497","P31","307.7477329","PKLE"
"PKLE","498","P31","480.3553743","PKLE"
"PKLE","499","P31","260.8247602","PKLE"
"PKLE","500","P31","271.8045229","PKLE"
"PKLE","501","P31","518.7219264","PKLE"
"PKLE","502","P31","313.6314926","PKLE"
"PKLE","503","P31","521.1054192","PKLE"
"PKLE","504","P31","362.7038922","PKLE"
"PKLE","505","P31","346.1792884","PKLE"
"PKLE","506","P31","545.5282199","PKLE"
"PKLE","507","P31","428.1215256","PKLE"
"PKLE","508","P31","605.7917481","PKLE"
"PKLE","511","P31","184.042079","PKLE"
"PKLE","512","P31","361.8813353","PKLE"
"PKLE","513","P31","434.3616031","PKLE"
"PKLE","514","P31","285.8107746","PKLE"
"PKLE","515","P31","376.2440957","PKLE"
"PKLE","516","P31","302.1272679","PKLE"
"PKLE","518","P31","464.9370417","PKLE"
"PKLE","519","P31","*","PKLE"
"PKLE","520","P31","328.6565387","PKLE"
"PKLE","521","P31","300.1172157","PKLE"
"PKLE","522","P31","263.1417814","PKLE"
"PKLE","523","P31","266.7980992","PKLE"
"PKLE","524","P31","581.9383837","PKLE"
"PKLE","525","P31","360.8287036","PKLE"
"PKLE","526","P31","527.4524396","PKLE"
"PKLE","527","P31","404.889432","PKLE"
"PKLE","529","P31","260.0319798","PKLE"
"PKLE","530","P31","404.3729642","PKLE"
"PKLE","531","P31","523.6455632","PKLE"
"PKLE","532","P31","634.1105403","PKLE"
"PKLE","533","P31","457.470009","PKLE"
"PKLE","534","P31","346.9480084","PKLE"
"PKLE","535","P31","307.6078389","PKLE"
"PKLE","536","P31","468.9874254","PKLE"
"PKLE","537","P31","466.956763","PKLE"
"PKLE","539","P31","246.5645166","PKLE"
"PKLE","540","P31","598.9609331","PKLE"
"PKLE","541","P31","373.9009917","PKLE"
"PKLE","542","P31","386.808131","PKLE"
"PKLE","544","P31","280.2117663","PKLE"
"PKLE","545","P31","467.1857552","PKLE"
"PKLE","546","P31","541.1210206","PKLE"
"PKLE","547","P31","642.523027","PKLE"
"PKLE","548","P31","509.2126439","PKLE"
"PKLE","549","P31","397.1411741","PKLE"
"PKLE","551","P31","305.2016495","PKLE"
"PKLE","552","P31","454.7669862","PKLE"
"PKLE","553","P31","433.0494986","PKLE"
"PKLE","555","P31","363.1185731","PKLE"
"PKLE","556","P31","514.9766037","PKLE"
"PKLE","557","P31","*","PKLE"
"PKLE","558","P31","351.05499","PKLE"
"PKLE","559","P31","421.5801813","PKLE"
"PKLE","560","P31","304.0525578","PKLE"
"PKLE","562","P31","388.4326604","PKLE"
"PKLE","563","P31","396.546596","PKLE"
"PKLE","564","P31","340.3373991","PKLE"
"PKLE","565","P31","288.9296858","PKLE"
"PKLE","566","P31","472.8696308","PKLE"
"PKLE","567","P31","437.874965","PKLE"
"PKLE","569","P31","425.4908817","PKLE"
"PKLE","570","P31","521.407941","PKLE"
"PKLE","571","P31","384.0563933","PKLE"
"PKLE","572","P31","460.6394368","PKLE"
"PKLE","573","P31","468.7399896","PKLE"
"PKLE","574","P31","316.8335763","PKLE"
"PKLE","576","P31","386.7898214","PKLE"
"PKLE","577","P31","551.0169646","PKLE"
"PKLE","578","P31","305.9694526","PKLE"
"PKLE","579","P31","*","PKLE"
"PKLE","580","P31","363.6551106","PKLE"
"PKLE","581","P31","333.3179321","PKLE"
"PKLE","583","P31","426.5304107","PKLE"
"PKLE","584","P31","266.9144359","PKLE"
"PKLE","585","P31","530.0164861","PKLE"
"PKLE","586","P31","428.8313953","PKLE"
"PKLE","588","P31","*","PKLE"
"PKLE","589","P31","390.345536","PKLE"
"PKLE","592","P31","388.9149902","PKLE"
"PKLE","593","P31","405.8867637","PKLE"
"PKLE","594","P31","373.0010087","PKLE"
"PKLE","595","P31","325.739072","PKLE"
"PKLE","596","P31","280.6573523","PKLE"
"PKLE","597","P31","*","PKLE"
"PKLE","598","P31","261.4629792","PKLE"
"PKLE","599","P31","379.20076605","PKLE"
"PKLE","600","P31","324.6863467","PKLE"
"PKLE","601","P31","589.1365223","PKLE"
"PKLE","602","P31","324.1146238","PKLE"
"PKLE","603","P31","566.3647757","PKLE"
"PKLE","604","P31","346.3898213","PKLE"
"PKLE","605","P31","476.7799622","PKLE"
"PKLE","606","P31","325.1298342","PKLE"
"PKLE","608","P31","326.719116","PKLE"
"PKLE","609","P31","358.2551193","PKLE"
"PKLE","610","P31","303.0051691","PKLE"
"PKLE","611","P31","424.7191758","PKLE"
"PKLE","612","P31","594.0316969","PKLE"
"PKLE","613","P31","401.7992481","PKLE"
"PKLE","614","P31","472.5577802","PKLE"
"PKLE","618","P31","337.0888506","PKLE"
"PKLE","619","P31","445.5725249","PKLE"
"PKLE","620","P31","315.7930871","PKLE"
"PKLE","621","P31","383.0551488","PKLE"
"PKLE","622","P31","394.3290839","PKLE"
"PKLE","623","P31","*","PKLE"
"PKLE","624","P31","345.9050873","PKLE"
"PKLE","625","P31","*","PKLE"
"PKLE","627","P31","529.4645416","PKLE"
"PKLE","628","P31","634.317416","PKLE"
"PKLE","629","P31","439.0758509","PKLE"
"PKLE","630","P31","*","PKLE"
"PKLE","632","P31","407.9161736","PKLE"
"PKLE","633","P31","404.6646669","PKLE"
"PKLE","634","P31","380.3547831","PKLE"
"PKLE","635","P31","588.7675101","PKLE"
"PKLE","636","P31","302.8188596","PKLE"
"PKLE","637","P31","516.2202842","PKLE"
"PKLE","638","P31","403.0833213","PKLE"
"PKLE","639","P31","286.9404663","PKLE"
"PKLE","640","P31","322.2566571","PKLE"
"PKLE","641","P31","323.3540049","PKLE"
"PKLE","642","P31","362.301262","PKLE"
"PKLE","643","P31","387.9590582","PKLE"
"PKLE","644","P31","471.8290139","PKLE"
"PKLE","645","P31","*","PKLE"
"PKLE","647","P31","284.6788926","PKLE"
"PKLE","648","P31","493.6778168","PKLE"
"PKLE","649","P31","407.6017062","PKLE"
"PKLE","652","P31","*","PKLE"
"PKLE","654","P31","360.2840052","PKLE"
"PKLE","655","P31","380.043053","PKLE"
"PKLE","656","P31","281.9166928","PKLE"
"PKLE","657","P31","606.6604026","PKLE"
"PKLE","658","P31","328.8471671","PKLE"
"PKLE","660","P31","401.6905587","PKLE"
"PKLE","661","P31","409.0820636","PKLE"
"PKLE","663","P31","469.393025","PKLE"
"PKLE","664","P31","333.402012","PKLE"
"PKLE","666","P31","353.4714997","PKLE"
"PKLE","667","P31","303.518744","PKLE"
"PKLE","668","P31","343.4323833","PKLE"
"PKLE","669","P31","579.5910199","PKLE"
"PKLE","670","P31","456.555672","PKLE"
"PKLE","671","P31","*","PKLE"
"PKLE","672","P31","389.4773103","PKLE"
"PKLE","673","P31","464.6372335","PKLE"
"PKLE","674","P31","431.7493131","PKLE"
"PKLE","675","P31","833.0278404","PKLE"
"PKLE","677","P31","555.3112943","PKLE"
"PKLE","679","P31","378.3866548","PKLE"
"PKLE","680","P31","748.3455795","PKLE"
"PKLE","681","P31","430.5749676","PKLE"
"PKLE","682","P31","519.893219","PKLE"
"PKLE","683","P31","471.3058029","PKLE"
"PKLE","684","P31","412.3763722","PKLE"
"PKLE","685","P31","522.7522173","PKLE"
"PKLE","686","P31","439.2322837","PKLE"
"PKLE","689","P31","384.283405","PKLE"
"PKLE","690","P31","315.3402231","PKLE"
"PKLE","691","P31","441.163175","PKLE"
"PKLE","692","P31","380.9860726","PKLE"
"PKLE","693","P31","329.8762568","PKLE"
"PKLE","694","P31","398.6979675","PKLE"
"PKLE","695","P31","382.097867","PKLE"
"PKLE","696","P31","451.5054897","PKLE"
"PKLE","697","P31","470.302304","PKLE"
"PKLE","698","P31","399.0874836","PKLE"
"PKLE","699","P31","471.0899354","PKLE"
"PKLE","700","P31","*","PKLE"
"PKLE","702","P31","464.4416115","PKLE"
"PKLE","703","P31","369.8687025","PKLE"
"PKLE","704","P31","410.9582005","PKLE"
"PKLE","705","P31","376.0809246","PKLE"
"PKLE","706","P31","530.7156375","PKLE"
"PKLE","707","P31","*","PKLE"
"PKLE","708","P31","364.9766035","PKLE"
"PKLE","710","P31","390.9348276","PKLE"
"PKLE","711","P31","529.1291467","PKLE"
"PKLE","712","P31","302.7496889","PKLE"
"PKLE","713","P31","396.9828679","PKLE"
"PKLE","714","P31","290.2739204","PKLE"
"PKLE","715","P31","499.8444732","PKLE"
"PKLE","716","P31","368.3064475","PKLE"
"PKLE","718","P31","430.95613015","PKLE"
"PKLE","719","P31","278.2371288","PKLE"
"PKLE","720","P31","400.0608687","PKLE"
"PKLE","721","P31","495.3402542","PKLE"
"PKLE","722","P31","372.9402927","PKLE"
"PKLE","723","P31","399.5357724","PKLE"
"PKLE","724","P31","448.3353279","PKLE"
"PKLE","725","P31","292.1886719","PKLE"
"PKLE","726","P31","326.4916392","PKLE"
"PKLE","729","P31","356.7031868","PKLE"
"PKLE","730","P31","540.2324889","PKLE"
"PKLE","731","P31","358.5456272","PKLE"
"PKLE","732","P31","505.919804","PKLE"
"PKLE","733","P31","408.8485598","PKLE"
"PKLE","734","P31","338.7290312","PKLE"
"PKLE","735","P31","374.036203","PKLE"
"PKLE","736","P31","421.7457715","PKLE"
"PKLE","737","P31","314.1384816","PKLE"
"PKLE","738","P31","444.0004204","PKLE"
"PKLE","739","P31","364.9915866","PKLE"
"PKLE","740","P31","326.5789708","PKLE"
"PKLE","742","P31","*","PKLE"
"PKLE","743","P31","*","PKLE"
"PKLE","744","P31","*","PKLE"
"PKLE","745","P31","342.7976276","PKLE"
"PKLE","746","P31","519.2618994","PKLE"
"PKLE","748","P31","489.2246494","PKLE"
"PKLE","749","P31","397.2877158","PKLE"
"PKLE","750","P31","487.8871865","PKLE"
"PKLE","751","P31","469.9978588","PKLE"
"PKLE","752","P31","390.4456757","PKLE"
"PKLE","753","P31","400.0380187","PKLE"
"PKLE","755","P31","308.5318649","PKLE"
"PKLE","756","P31","336.5094985","PKLE"
"PKLE","757","P31","422.1311227","PKLE"
"PKLE","758","P31","338.0266873","PKLE"
"PKLE","759","P31","378.8280465","PKLE"
"PKLE","760","P31","*","PKLE"
"PKLE","761","P31","495.1089992","PKLE"
"PKLE","762","P31","378.5841245","PKLE"
"PKLE","763","P31","*","PKLE"
"PKLE","764","P31","560.7185755","PKLE"
"PKLE","765","P31","526.5719194","PKLE"
"PKLE","766","P31","807.4571274","PKLE"
"PKLE","767","P31","599.8349768","PKLE"
"PKLE","768","P31","486.8016816","PKLE"
"PKLE","769","P31","381.3014102","PKLE"
"PKLE","770","P31","360.6284043","PKLE"
"PKLE","771","P31","336.9646411","PKLE"
"PKLE","772","P31","444.769627","PKLE"
"PKLE","773","P31","430.1668375","PKLE"
"PKLE","774","P31","450.0648458","PKLE"
"PKLE","775","P31","468.375929","PKLE"
"PKLE","776","P31","424.656664","PKLE"
"PKLE","777","P31","398.6171768","PKLE"
"PKLE","778","P31","704.028164","PKLE"
"PKLE","779","P31","338.7119374","PKLE"
"PKLE","780","P31","319.7227276","PKLE"
"PKLE","781","P31","407.1086637","PKLE"
"PKLE","782","P31","528.6398696","PKLE"
"PKLE","783","P31","573.6345408","PKLE"
"PKLE","784","P31","405.2171407","PKLE"
"PKLE","785","P31","375.6712094","PKLE"
"PKLE","786","P31","509.9331584","PKLE"
"PKLE","787","P31","*","PKLE"
"PKLE","788","P31","409.1980826","PKLE"
"PKLE","789","P31","454.3560447","PKLE"
"PKLE","790","P31","431.8281386","PKLE"
"PKLE","792","P31","324.0862767","PKLE"
"PKLE","794","P31","310.3197473","PKLE"
"PKLE","795","P31","332.676677","PKLE"
"PKLE","796","P31","480.8666316","PKLE"
"PKLE","797","P31","487.79776","PKLE"
"PKLE","799","P31","379.7393735","PKLE"
"PKLE","800","P31","417.3496901","PKLE"
"PKLE","801","P31","524.364776","PKLE"
"PKLE","802","P31","439.2074182","PKLE"
"PKLE","803","P31","521.604387","PKLE"
"PKLE","804","P31","352.477319","PKLE"
"PKLE","805","P31","455.358865","PKLE"
"PKLE","806","P31","496.7234271","PKLE"
"PKLE","808","P31","431.3424518","PKLE"
"PKLE","809","P31","475.8509079","PKLE"
"PKLE","810","P31","302.5344758","PKLE"
"PKLE","811","P31","260.0601025","PKLE"
"PKLE","812","P31","*","PKLE"
"PKLE","813","P31","494.911873","PKLE"
"PKLE","814","P31","327.6616056","PKLE"
"PKLE","815","P31","445.1322445","PKLE"
"PKLE","816","P31","384.5827136","PKLE"
"PKLE","817","P31","*","PKLE"
"PKLE","818","P31","299.2224628","PKLE"
"PKLE","819","P31","*","PKLE"
"PKLE","820","P31","*","PKLE"
"PKLE","821","P31","386.2210771","PKLE"
"PKLE","822","P31","356.9273518","PKLE"
"PKLE","823","P31","*","PKLE"
"PKLE","824","P31","472.8265295","PKLE"
"PKLE","825","P31","365.8343005","PKLE"
