"SITE","LINE","traits","Zn66","SITE2"
"CLMB","1","Zn66","11.17846706","CLMB"
"CLMB","2","Zn66","8.663768446","CLMB"
"CLMB","3","Zn66","11.70558792","CLMB"
"CLMB","4","Zn66","14.55147224","CLMB"
"CLMB","5","Zn66","18.18431635","CLMB"
"CLMB","7","Zn66","8.885696685","CLMB"
"CLMB","8","Zn66","*","CLMB"
"CLMB","9","Zn66","8.708513838","CLMB"
"CLMB","10","Zn66","*","CLMB"
"CLMB","11","Zn66","18.28668546","CLMB"
"CLMB","12","Zn66","16.83704183","CLMB"
"CLMB","13","Zn66","7.66307022","CLMB"
"CLMB","14","Zn66","*","CLMB"
"CLMB","15","Zn66","7.41440996","CLMB"
"CLMB","16","Zn66","*","CLMB"
"CLMB","17","Zn66","9.419502263","CLMB"
"CLMB","19","Zn66","6.069941874","CLMB"
"CLMB","20","Zn66","9.567431616","CLMB"
"CLMB","21","Zn66","9.179256804","CLMB"
"CLMB","22","Zn66","*","CLMB"
"CLMB","23","Zn66","14.29734437","CLMB"
"CLMB","24","Zn66","8.630002006","CLMB"
"CLMB","25","Zn66","13.34843801","CLMB"
"CLMB","26","Zn66","13.10539504","CLMB"
"CLMB","27","Zn66","8.026650089","CLMB"
"CLMB","28","Zn66","6.2465359","CLMB"
"CLMB","29","Zn66","*","CLMB"
"CLMB","30","Zn66","13.61610499","CLMB"
"CLMB","31","Zn66","*","CLMB"
"CLMB","32","Zn66","9.588218875","CLMB"
"CLMB","33","Zn66","12.65629259","CLMB"
"CLMB","34","Zn66","14.33281138","CLMB"
"CLMB","35","Zn66","6.560391202","CLMB"
"CLMB","36","Zn66","9.086545586","CLMB"
"CLMB","37","Zn66","7.060234105","CLMB"
"CLMB","38","Zn66","5.21206229","CLMB"
"CLMB","39","Zn66","14.86296016","CLMB"
"CLMB","40","Zn66","11.87211907","CLMB"
"CLMB","41","Zn66","*","CLMB"
"CLMB","42","Zn66","*","CLMB"
"CLMB","43","Zn66","9.641080303","CLMB"
"CLMB","44","Zn66","11.46786747","CLMB"
"CLMB","46","Zn66","25.74918948","CLMB"
"CLMB","48","Zn66","13.87998517","CLMB"
"CLMB","49","Zn66","7.061266151","CLMB"
"CLMB","50","Zn66","11.02004622","CLMB"
"CLMB","52","Zn66","9.473349141","CLMB"
"CLMB","53","Zn66","8.982494235","CLMB"
"CLMB","54","Zn66","6.944313133","CLMB"
"CLMB","55","Zn66","13.0455649","CLMB"
"CLMB","56","Zn66","*","CLMB"
"CLMB","57","Zn66","12.27382801","CLMB"
"CLMB","59","Zn66","9.701680788","CLMB"
"CLMB","60","Zn66","11.84303785","CLMB"
"CLMB","61","Zn66","5.891137895","CLMB"
"CLMB","62","Zn66","11.41903498","CLMB"
"CLMB","63","Zn66","21.1188504","CLMB"
"CLMB","64","Zn66","*","CLMB"
"CLMB","65","Zn66","9.382277443","CLMB"
"CLMB","66","Zn66","6.245975215","CLMB"
"CLMB","67","Zn66","6.337773784","CLMB"
"CLMB","68","Zn66","9.115284684","CLMB"
"CLMB","69","Zn66","9.950509699","CLMB"
"CLMB","70","Zn66","*","CLMB"
"CLMB","71","Zn66","23.71074863","CLMB"
"CLMB","72","Zn66","12.6924361","CLMB"
"CLMB","73","Zn66","20.03399291","CLMB"
"CLMB","74","Zn66","11.09754607","CLMB"
"CLMB","75","Zn66","36.65904839","CLMB"
"CLMB","76","Zn66","8.050898495","CLMB"
"CLMB","77","Zn66","*","CLMB"
"CLMB","78","Zn66","11.00136494","CLMB"
"CLMB","79","Zn66","9.108075182","CLMB"
"CLMB","80","Zn66","14.08820315","CLMB"
"CLMB","81","Zn66","*","CLMB"
"CLMB","83","Zn66","14.56851615","CLMB"
"CLMB","84","Zn66","*","CLMB"
"CLMB","85","Zn66","8.558115681","CLMB"
"CLMB","86","Zn66","12.20739529","CLMB"
"CLMB","87","Zn66","11.53675678","CLMB"
"CLMB","88","Zn66","11.10212439","CLMB"
"CLMB","89","Zn66","6.800163261","CLMB"
"CLMB","90","Zn66","17.05159891","CLMB"
"CLMB","91","Zn66","10.27369281","CLMB"
"CLMB","93","Zn66","9.125457187","CLMB"
"CLMB","94","Zn66","6.332458727","CLMB"
"CLMB","95","Zn66","*","CLMB"
"CLMB","96","Zn66","*","CLMB"
"CLMB","97","Zn66","6.403812981","CLMB"
"CLMB","99","Zn66","8.725493208","CLMB"
"CLMB","100","Zn66","13.52982698","CLMB"
"CLMB","101","Zn66","*","CLMB"
"CLMB","102","Zn66","12.39206242","CLMB"
"CLMB","103","Zn66","15.49194611","CLMB"
"CLMB","104","Zn66","13.85220618","CLMB"
"CLMB","105","Zn66","6.654506728","CLMB"
"CLMB","106","Zn66","15.21812797","CLMB"
"CLMB","107","Zn66","*","CLMB"
"CLMB","110","Zn66","8.070589309","CLMB"
"CLMB","111","Zn66","15.06278866","CLMB"
"CLMB","112","Zn66","13.3959369","CLMB"
"CLMB","114","Zn66","5.326107845","CLMB"
"CLMB","115","Zn66","*","CLMB"
"CLMB","116","Zn66","10.30224118","CLMB"
"CLMB","117","Zn66","14.46168909","CLMB"
"CLMB","118","Zn66","*","CLMB"
"CLMB","119","Zn66","15.78040651","CLMB"
"CLMB","120","Zn66","8.289891427","CLMB"
"CLMB","122","Zn66","20.78263432","CLMB"
"CLMB","123","Zn66","9.857633796","CLMB"
"CLMB","125","Zn66","9.352950037","CLMB"
"CLMB","126","Zn66","*","CLMB"
"CLMB","127","Zn66","*","CLMB"
"CLMB","128","Zn66","7.026501446","CLMB"
"CLMB","130","Zn66","13.75975031","CLMB"
"CLMB","131","Zn66","12.72935523","CLMB"
"CLMB","132","Zn66","*","CLMB"
"CLMB","134","Zn66","10.26401504","CLMB"
"CLMB","135","Zn66","12.57680724","CLMB"
"CLMB","136","Zn66","*","CLMB"
"CLMB","137","Zn66","9.511871019","CLMB"
"CLMB","138","Zn66","*","CLMB"
"CLMB","139","Zn66","*","CLMB"
"CLMB","141","Zn66","13.5558196","CLMB"
"CLMB","142","Zn66","13.72963064","CLMB"
"CLMB","143","Zn66","15.91318731","CLMB"
"CLMB","144","Zn66","*","CLMB"
"CLMB","145","Zn66","7.68730254","CLMB"
"CLMB","146","Zn66","*","CLMB"
"CLMB","147","Zn66","10.29396571","CLMB"
"CLMB","148","Zn66","*","CLMB"
"CLMB","150","Zn66","14.51588755","CLMB"
"CLMB","151","Zn66","15.05743548","CLMB"
"CLMB","152","Zn66","*","CLMB"
"CLMB","153","Zn66","8.947933106","CLMB"
"CLMB","154","Zn66","7.335448638","CLMB"
"CLMB","155","Zn66","13.27506307","CLMB"
"CLMB","156","Zn66","18.47784467","CLMB"
"CLMB","157","Zn66","12.35469302","CLMB"
"CLMB","158","Zn66","7.334703919","CLMB"
"CLMB","159","Zn66","8.73112666","CLMB"
"CLMB","161","Zn66","10.01528405","CLMB"
"CLMB","163","Zn66","11.21367955","CLMB"
"CLMB","164","Zn66","8.926582455","CLMB"
"CLMB","166","Zn66","8.955834826","CLMB"
"CLMB","167","Zn66","9.059267668","CLMB"
"CLMB","168","Zn66","35.12363822","CLMB"
"CLMB","169","Zn66","*","CLMB"
"CLMB","170","Zn66","14.29168774","CLMB"
"CLMB","171","Zn66","6.342276458","CLMB"
"CLMB","172","Zn66","11.24856115","CLMB"
"CLMB","173","Zn66","9.247302358","CLMB"
"CLMB","174","Zn66","8.553000108","CLMB"
"CLMB","175","Zn66","14.18922644","CLMB"
"CLMB","176","Zn66","9.489830653","CLMB"
"CLMB","177","Zn66","15.25010628","CLMB"
"CLMB","178","Zn66","11.04823543","CLMB"
"CLMB","179","Zn66","20.81898592","CLMB"
"CLMB","180","Zn66","8.744510601","CLMB"
"CLMB","181","Zn66","8.534900485","CLMB"
"CLMB","182","Zn66","7.345684016","CLMB"
"CLMB","184","Zn66","19.50343191","CLMB"
"CLMB","185","Zn66","9.015214382","CLMB"
"CLMB","186","Zn66","27.49659537","CLMB"
"CLMB","187","Zn66","11.02663141","CLMB"
"CLMB","188","Zn66","17.4025268","CLMB"
"CLMB","189","Zn66","*","CLMB"
"CLMB","190","Zn66","*","CLMB"
"CLMB","191","Zn66","11.92256923","CLMB"
"CLMB","192","Zn66","20.04529435","CLMB"
"CLMB","193","Zn66","11.62123366","CLMB"
"CLMB","194","Zn66","11.27664749","CLMB"
"CLMB","195","Zn66","9.197537458","CLMB"
"CLMB","196","Zn66","13.20272774","CLMB"
"CLMB","197","Zn66","9.927836708","CLMB"
"CLMB","198","Zn66","20.49019976","CLMB"
"CLMB","199","Zn66","10.90051666","CLMB"
"CLMB","200","Zn66","11.34839711","CLMB"
"CLMB","201","Zn66","*","CLMB"
"CLMB","203","Zn66","8.562643177","CLMB"
"CLMB","204","Zn66","7.134341229","CLMB"
"CLMB","205","Zn66","*","CLMB"
"CLMB","207","Zn66","7.4395869","CLMB"
"CLMB","208","Zn66","*","CLMB"
"CLMB","209","Zn66","7.749991144","CLMB"
"CLMB","210","Zn66","10.04676155","CLMB"
"CLMB","211","Zn66","12.87919683","CLMB"
"CLMB","212","Zn66","9.886794931","CLMB"
"CLMB","213","Zn66","13.18360511","CLMB"
"CLMB","214","Zn66","*","CLMB"
"CLMB","215","Zn66","7.228455074","CLMB"
"CLMB","216","Zn66","9.031834136","CLMB"
"CLMB","217","Zn66","*","CLMB"
"CLMB","218","Zn66","19.94940046","CLMB"
"CLMB","219","Zn66","7.307561381","CLMB"
"CLMB","220","Zn66","*","CLMB"
"CLMB","221","Zn66","11.47700247","CLMB"
"CLMB","222","Zn66","8.464297521","CLMB"
"CLMB","223","Zn66","9.296462454","CLMB"
"CLMB","224","Zn66","*","CLMB"
"CLMB","225","Zn66","11.33552138","CLMB"
"CLMB","226","Zn66","14.14583407","CLMB"
"CLMB","227","Zn66","29.03809573","CLMB"
"CLMB","228","Zn66","7.599192719","CLMB"
"CLMB","229","Zn66","14.45918362","CLMB"
"CLMB","230","Zn66","*","CLMB"
"CLMB","231","Zn66","9.407854237","CLMB"
"CLMB","232","Zn66","9.630035011","CLMB"
"CLMB","233","Zn66","5.690743279","CLMB"
"CLMB","234","Zn66","13.02705482","CLMB"
"CLMB","235","Zn66","7.3967176505","CLMB"
"CLMB","236","Zn66","6.781154489","CLMB"
"CLMB","237","Zn66","10.5554668","CLMB"
"CLMB","238","Zn66","9.853641118","CLMB"
"CLMB","239","Zn66","15.13396378","CLMB"
"CLMB","240","Zn66","10.61350878","CLMB"
"CLMB","241","Zn66","10.05346248","CLMB"
"CLMB","242","Zn66","10.08174052","CLMB"
"CLMB","243","Zn66","19.604026","CLMB"
"CLMB","244","Zn66","7.831201563","CLMB"
"CLMB","245","Zn66","6.233170843","CLMB"
"CLMB","246","Zn66","7.471101479","CLMB"
"CLMB","247","Zn66","14.77587173","CLMB"
"CLMB","248","Zn66","14.97732634","CLMB"
"CLMB","249","Zn66","8.057003003","CLMB"
"CLMB","250","Zn66","12.9081885","CLMB"
"CLMB","251","Zn66","11.40745615","CLMB"
"CLMB","252","Zn66","14.31696004","CLMB"
"CLMB","253","Zn66","8.71456207","CLMB"
"CLMB","254","Zn66","11.78476283","CLMB"
"CLMB","255","Zn66","8.692730282","CLMB"
"CLMB","256","Zn66","14.12761162","CLMB"
"CLMB","257","Zn66","10.66029295","CLMB"
"CLMB","258","Zn66","14.27180308","CLMB"
"CLMB","259","Zn66","*","CLMB"
"CLMB","260","Zn66","10.79865345","CLMB"
"CLMB","261","Zn66","10.20348169","CLMB"
"CLMB","262","Zn66","15.82366453","CLMB"
"CLMB","263","Zn66","18.82703818","CLMB"
"CLMB","264","Zn66","10.08210345","CLMB"
"CLMB","265","Zn66","9.545190485","CLMB"
"CLMB","267","Zn66","12.38599441","CLMB"
"CLMB","268","Zn66","*","CLMB"
"CLMB","269","Zn66","10.7041485","CLMB"
"CLMB","270","Zn66","29.43809944","CLMB"
"CLMB","271","Zn66","8.49990135","CLMB"
"CLMB","272","Zn66","*","CLMB"
"CLMB","273","Zn66","*","CLMB"
"CLMB","274","Zn66","8.109114729","CLMB"
"CLMB","275","Zn66","6.714120463","CLMB"
"CLMB","276","Zn66","*","CLMB"
"CLMB","277","Zn66","6.476915987","CLMB"
"CLMB","278","Zn66","6.015343124","CLMB"
"CLMB","279","Zn66","6.044112586","CLMB"
"CLMB","281","Zn66","*","CLMB"
"CLMB","282","Zn66","8.5552474915","CLMB"
"CLMB","283","Zn66","*","CLMB"
"CLMB","284","Zn66","10.80101381","CLMB"
"CLMB","285","Zn66","15.19516174","CLMB"
"CLMB","286","Zn66","12.21588808","CLMB"
"CLMB","287","Zn66","9.144533745","CLMB"
"CLMB","288","Zn66","6.729520761","CLMB"
"CLMB","289","Zn66","6.694619988","CLMB"
"CLMB","290","Zn66","12.22805646","CLMB"
"CLMB","292","Zn66","9.680000291","CLMB"
"CLMB","293","Zn66","14.45125087","CLMB"
"CLMB","294","Zn66","6.232323476","CLMB"
"CLMB","296","Zn66","11.00985559","CLMB"
"CLMB","297","Zn66","6.00018214","CLMB"
"CLMB","298","Zn66","9.647808514","CLMB"
"CLMB","299","Zn66","13.76527843","CLMB"
"CLMB","300","Zn66","*","CLMB"
"CLMB","301","Zn66","10.169958","CLMB"
"CLMB","302","Zn66","8.747018772","CLMB"
"CLMB","303","Zn66","6.785973695","CLMB"
"CLMB","304","Zn66","9.507532258","CLMB"
"CLMB","305","Zn66","13.90103153","CLMB"
"CLMB","306","Zn66","*","CLMB"
"CLMB","307","Zn66","11.29293984","CLMB"
"CLMB","308","Zn66","36.55738761","CLMB"
"CLMB","310","Zn66","12.55339167","CLMB"
"CLMB","311","Zn66","*","CLMB"
"CLMB","312","Zn66","8.826349176","CLMB"
"CLMB","313","Zn66","13.02713804","CLMB"
"CLMB","314","Zn66","13.07496676","CLMB"
"CLMB","315","Zn66","9.385906518","CLMB"
"CLMB","317","Zn66","25.47378931","CLMB"
"CLMB","318","Zn66","9.488172855","CLMB"
"CLMB","319","Zn66","12.45447847","CLMB"
"CLMB","320","Zn66","8.146811069","CLMB"
"CLMB","322","Zn66","11.24888844","CLMB"
"CLMB","323","Zn66","7.591106574","CLMB"
"CLMB","324","Zn66","12.24313123","CLMB"
"CLMB","325","Zn66","8.393704546","CLMB"
"CLMB","326","Zn66","5.794879","CLMB"
"CLMB","328","Zn66","8.875659821","CLMB"
"CLMB","330","Zn66","33.71634835","CLMB"
"CLMB","332","Zn66","7.058031897","CLMB"
"CLMB","333","Zn66","9.161170365","CLMB"
"CLMB","334","Zn66","19.57684211","CLMB"
"CLMB","335","Zn66","*","CLMB"
"CLMB","336","Zn66","10.39912459","CLMB"
"CLMB","337","Zn66","10.53565503","CLMB"
"CLMB","338","Zn66","8.200671797","CLMB"
"CLMB","339","Zn66","11.25714075","CLMB"
"CLMB","341","Zn66","13.89112209","CLMB"
"CLMB","342","Zn66","8.334906659","CLMB"
"CLMB","343","Zn66","8.821902797","CLMB"
"CLMB","345","Zn66","15.4282574","CLMB"
"CLMB","346","Zn66","*","CLMB"
"CLMB","347","Zn66","7.136954791","CLMB"
"CLMB","349","Zn66","*","CLMB"
"CLMB","350","Zn66","12.16442416","CLMB"
"CLMB","352","Zn66","14.93135339","CLMB"
"CLMB","353","Zn66","12.43992769","CLMB"
"CLMB","354","Zn66","11.49860714","CLMB"
"CLMB","355","Zn66","13.12549845","CLMB"
"CLMB","356","Zn66","8.413652631","CLMB"
"CLMB","358","Zn66","10.92062738","CLMB"
"CLMB","359","Zn66","12.54800614","CLMB"
"CLMB","360","Zn66","12.22490362","CLMB"
"CLMB","361","Zn66","6.37047138","CLMB"
"CLMB","363","Zn66","*","CLMB"
"CLMB","364","Zn66","25.51483719","CLMB"
"CLMB","365","Zn66","21.44539417","CLMB"
"CLMB","366","Zn66","12.31209949","CLMB"
"CLMB","367","Zn66","17.65010507","CLMB"
"CLMB","368","Zn66","8.19660742","CLMB"
"CLMB","369","Zn66","*","CLMB"
"CLMB","370","Zn66","22.11016752","CLMB"
"CLMB","371","Zn66","13.58929092","CLMB"
"CLMB","372","Zn66","*","CLMB"
"CLMB","373","Zn66","8.484962763","CLMB"
"CLMB","374","Zn66","9.98366497","CLMB"
"CLMB","375","Zn66","*","CLMB"
"CLMB","377","Zn66","5.824651659","CLMB"
"CLMB","378","Zn66","10.06539219","CLMB"
"CLMB","379","Zn66","6.884993855","CLMB"
"CLMB","380","Zn66","7.833401541","CLMB"
"CLMB","381","Zn66","10.85418917","CLMB"
"CLMB","382","Zn66","9.998883765","CLMB"
"CLMB","383","Zn66","13.79371019","CLMB"
"CLMB","384","Zn66","*","CLMB"
"CLMB","386","Zn66","7.726246657","CLMB"
"CLMB","388","Zn66","9.412575221","CLMB"
"CLMB","389","Zn66","15.74327458","CLMB"
"CLMB","390","Zn66","14.19158321","CLMB"
"CLMB","391","Zn66","*","CLMB"
"CLMB","392","Zn66","8.89310787","CLMB"
"CLMB","393","Zn66","9.741934914","CLMB"
"CLMB","394","Zn66","*","CLMB"
"CLMB","395","Zn66","9.582943845","CLMB"
"CLMB","396","Zn66","9.121150888","CLMB"
"CLMB","397","Zn66","10.31713007","CLMB"
"CLMB","398","Zn66","5.746421737","CLMB"
"CLMB","399","Zn66","*","CLMB"
"CLMB","400","Zn66","9.952153433","CLMB"
"CLMB","402","Zn66","17.03437351","CLMB"
"CLMB","403","Zn66","19.46020046","CLMB"
"CLMB","404","Zn66","10.31825134","CLMB"
"CLMB","405","Zn66","6.425230477","CLMB"
"CLMB","406","Zn66","7.906841172","CLMB"
"CLMB","407","Zn66","10.1506302","CLMB"
"CLMB","408","Zn66","13.89840024","CLMB"
"CLMB","409","Zn66","16.5061049","CLMB"
"CLMB","410","Zn66","7.081270463","CLMB"
"CLMB","411","Zn66","10.46830358","CLMB"
"CLMB","412","Zn66","6.920046729","CLMB"
"CLMB","413","Zn66","6.78204832","CLMB"
"CLMB","414","Zn66","7.320484677","CLMB"
"CLMB","415","Zn66","12.4212234","CLMB"
"CLMB","416","Zn66","*","CLMB"
"CLMB","417","Zn66","5.884747787","CLMB"
"CLMB","418","Zn66","17.74017984","CLMB"
"CLMB","419","Zn66","13.93474814","CLMB"
"CLMB","420","Zn66","11.2080752","CLMB"
"CLMB","421","Zn66","16.62724043","CLMB"
"CLMB","422","Zn66","9.511238104","CLMB"
"CLMB","423","Zn66","12.23796268","CLMB"
"CLMB","424","Zn66","9.736440337","CLMB"
"CLMB","425","Zn66","15.74542739","CLMB"
"CLMB","426","Zn66","*","CLMB"
"CLMB","427","Zn66","*","CLMB"
"CLMB","428","Zn66","*","CLMB"
"CLMB","429","Zn66","9.635523695","CLMB"
"CLMB","431","Zn66","9.827803449","CLMB"
"CLMB","432","Zn66","15.0404596","CLMB"
"CLMB","433","Zn66","12.34278945","CLMB"
"CLMB","435","Zn66","11.20166264","CLMB"
"CLMB","436","Zn66","7.83980058","CLMB"
"CLMB","437","Zn66","36.48531812","CLMB"
"CLMB","438","Zn66","13.95378346","CLMB"
"CLMB","439","Zn66","7.029524249","CLMB"
"CLMB","440","Zn66","*","CLMB"
"CLMB","442","Zn66","35.06597483","CLMB"
"CLMB","443","Zn66","7.138099264","CLMB"
"CLMB","444","Zn66","9.887996108","CLMB"
"CLMB","445","Zn66","10.04374102","CLMB"
"CLMB","446","Zn66","9.034737666","CLMB"
"CLMB","447","Zn66","21.74781462","CLMB"
"CLMB","448","Zn66","6.725600259","CLMB"
"CLMB","449","Zn66","15.91444247","CLMB"
"CLMB","450","Zn66","12.07003469","CLMB"
"CLMB","451","Zn66","11.57555286","CLMB"
"CLMB","452","Zn66","11.66228383","CLMB"
"CLMB","453","Zn66","12.1660991","CLMB"
"CLMB","454","Zn66","9.174668886","CLMB"
"CLMB","455","Zn66","6.245020669","CLMB"
"CLMB","456","Zn66","*","CLMB"
"CLMB","458","Zn66","18.85651651","CLMB"
"CLMB","459","Zn66","12.32731516","CLMB"
"CLMB","460","Zn66","7.9769998","CLMB"
"CLMB","461","Zn66","6.198319129","CLMB"
"CLMB","462","Zn66","17.04537374","CLMB"
"CLMB","463","Zn66","6.633988391","CLMB"
"CLMB","464","Zn66","11.89348125","CLMB"
"CLMB","465","Zn66","14.01744804","CLMB"
"CLMB","466","Zn66","*","CLMB"
"CLMB","467","Zn66","*","CLMB"
"CLMB","468","Zn66","6.868855801","CLMB"
"CLMB","469","Zn66","*","CLMB"
"CLMB","470","Zn66","24.30674579","CLMB"
"CLMB","471","Zn66","10.14514917","CLMB"
"CLMB","472","Zn66","6.409183134","CLMB"
"CLMB","473","Zn66","11.39589557","CLMB"
"CLMB","474","Zn66","11.37664551","CLMB"
"CLMB","475","Zn66","14.44981972","CLMB"
"CLMB","476","Zn66","14.04307858","CLMB"
"CLMB","477","Zn66","6.933533706","CLMB"
"CLMB","479","Zn66","13.24993552","CLMB"
"CLMB","480","Zn66","7.52486034","CLMB"
"CLMB","482","Zn66","7.3444917","CLMB"
"CLMB","483","Zn66","9.669866733","CLMB"
"CLMB","484","Zn66","8.780877599","CLMB"
"CLMB","485","Zn66","6.104176182","CLMB"
"CLMB","486","Zn66","8.270504708","CLMB"
"CLMB","487","Zn66","28.47115839","CLMB"
"CLMB","488","Zn66","19.49618357","CLMB"
"CLMB","489","Zn66","9.575630433","CLMB"
"CLMB","491","Zn66","16.72441865","CLMB"
"CLMB","492","Zn66","10.3644128","CLMB"
"CLMB","493","Zn66","*","CLMB"
"CLMB","494","Zn66","11.57416667","CLMB"
"CLMB","495","Zn66","*","CLMB"
"CLMB","496","Zn66","14.46376808","CLMB"
"CLMB","497","Zn66","6.926789324","CLMB"
"CLMB","498","Zn66","8.969641575","CLMB"
"CLMB","499","Zn66","*","CLMB"
"CLMB","500","Zn66","12.21239646","CLMB"
"CLMB","501","Zn66","17.09018067","CLMB"
"CLMB","502","Zn66","*","CLMB"
"CLMB","503","Zn66","*","CLMB"
"CLMB","504","Zn66","*","CLMB"
"CLMB","505","Zn66","11.28363868","CLMB"
"CLMB","506","Zn66","18.20473899","CLMB"
"CLMB","507","Zn66","11.57616183","CLMB"
"CLMB","508","Zn66","6.36446237","CLMB"
"CLMB","511","Zn66","6.258992984","CLMB"
"CLMB","512","Zn66","7.239121071","CLMB"
"CLMB","513","Zn66","*","CLMB"
"CLMB","514","Zn66","6.073804166","CLMB"
"CLMB","515","Zn66","13.89976576","CLMB"
"CLMB","516","Zn66","8.886877621","CLMB"
"CLMB","518","Zn66","*","CLMB"
"CLMB","519","Zn66","9.844563082","CLMB"
"CLMB","520","Zn66","*","CLMB"
"CLMB","521","Zn66","10.51958663","CLMB"
"CLMB","522","Zn66","8.393155094","CLMB"
"CLMB","523","Zn66","9.91136374","CLMB"
"CLMB","524","Zn66","6.777067356","CLMB"
"CLMB","525","Zn66","12.91682515","CLMB"
"CLMB","526","Zn66","15.23350136","CLMB"
"CLMB","527","Zn66","13.78898566","CLMB"
"CLMB","529","Zn66","8.860971976","CLMB"
"CLMB","530","Zn66","10.10023552","CLMB"
"CLMB","531","Zn66","6.994683294","CLMB"
"CLMB","532","Zn66","10.64030625","CLMB"
"CLMB","533","Zn66","8.419303249","CLMB"
"CLMB","534","Zn66","9.152094522","CLMB"
"CLMB","535","Zn66","7.075650307","CLMB"
"CLMB","536","Zn66","8.969358213","CLMB"
"CLMB","537","Zn66","8.647397421","CLMB"
"CLMB","539","Zn66","5.485100268","CLMB"
"CLMB","540","Zn66","9.138069364","CLMB"
"CLMB","541","Zn66","11.1849761","CLMB"
"CLMB","542","Zn66","8.373193232","CLMB"
"CLMB","544","Zn66","13.45809452","CLMB"
"CLMB","545","Zn66","13.63734419","CLMB"
"CLMB","546","Zn66","10.69596527","CLMB"
"CLMB","547","Zn66","9.615683397","CLMB"
"CLMB","548","Zn66","15.79861154","CLMB"
"CLMB","549","Zn66","19.4743414","CLMB"
"CLMB","551","Zn66","*","CLMB"
"CLMB","552","Zn66","10.32416681","CLMB"
"CLMB","553","Zn66","12.89869187","CLMB"
"CLMB","555","Zn66","*","CLMB"
"CLMB","556","Zn66","*","CLMB"
"CLMB","557","Zn66","*","CLMB"
"CLMB","558","Zn66","13.64796186","CLMB"
"CLMB","559","Zn66","13.83297756","CLMB"
"CLMB","560","Zn66","*","CLMB"
"CLMB","562","Zn66","7.995205782","CLMB"
"CLMB","563","Zn66","14.69932555","CLMB"
"CLMB","564","Zn66","15.41427342","CLMB"
"CLMB","565","Zn66","5.835786872","CLMB"
"CLMB","566","Zn66","8.974821534","CLMB"
"CLMB","567","Zn66","9.856149248","CLMB"
"CLMB","569","Zn66","12.224733","CLMB"
"CLMB","570","Zn66","15.58939051","CLMB"
"CLMB","571","Zn66","11.16452408","CLMB"
"CLMB","572","Zn66","10.53405309","CLMB"
"CLMB","573","Zn66","8.50890936","CLMB"
"CLMB","574","Zn66","6.42798834","CLMB"
"CLMB","576","Zn66","12.95470158","CLMB"
"CLMB","577","Zn66","*","CLMB"
"CLMB","578","Zn66","8.828350179","CLMB"
"CLMB","579","Zn66","9.722923857","CLMB"
"CLMB","580","Zn66","*","CLMB"
"CLMB","581","Zn66","14.37978161","CLMB"
"CLMB","583","Zn66","9.519746102","CLMB"
"CLMB","584","Zn66","11.40665059","CLMB"
"CLMB","585","Zn66","6.079590983","CLMB"
"CLMB","586","Zn66","15.51361638","CLMB"
"CLMB","588","Zn66","8.694576778","CLMB"
"CLMB","589","Zn66","12.98413063","CLMB"
"CLMB","592","Zn66","8.601825124","CLMB"
"CLMB","593","Zn66","12.15568848","CLMB"
"CLMB","594","Zn66","13.48080944","CLMB"
"CLMB","595","Zn66","14.22866577","CLMB"
"CLMB","596","Zn66","12.78847807","CLMB"
"CLMB","597","Zn66","*","CLMB"
"CLMB","598","Zn66","*","CLMB"
"CLMB","599","Zn66","14.39197436","CLMB"
"CLMB","600","Zn66","11.22296776","CLMB"
"CLMB","601","Zn66","*","CLMB"
"CLMB","602","Zn66","31.81306883","CLMB"
"CLMB","603","Zn66","*","CLMB"
"CLMB","604","Zn66","*","CLMB"
"CLMB","605","Zn66","8.95311088","CLMB"
"CLMB","606","Zn66","*","CLMB"
"CLMB","608","Zn66","10.26940306","CLMB"
"CLMB","609","Zn66","7.517836853","CLMB"
"CLMB","610","Zn66","6.060286707","CLMB"
"CLMB","611","Zn66","5.074050499","CLMB"
"CLMB","612","Zn66","10.16100098","CLMB"
"CLMB","613","Zn66","8.307876164","CLMB"
"CLMB","614","Zn66","10.46069777","CLMB"
"CLMB","618","Zn66","10.98937176","CLMB"
"CLMB","619","Zn66","17.9280913","CLMB"
"CLMB","620","Zn66","10.20068043","CLMB"
"CLMB","621","Zn66","36.60771837","CLMB"
"CLMB","622","Zn66","9.724491684","CLMB"
"CLMB","623","Zn66","14.75737341","CLMB"
"CLMB","624","Zn66","7.371580408","CLMB"
"CLMB","625","Zn66","13.16938728","CLMB"
"CLMB","627","Zn66","12.26959377","CLMB"
"CLMB","628","Zn66","*","CLMB"
"CLMB","629","Zn66","9.127278356","CLMB"
"CLMB","630","Zn66","*","CLMB"
"CLMB","632","Zn66","7.089974185","CLMB"
"CLMB","633","Zn66","6.261960549","CLMB"
"CLMB","634","Zn66","7.97248414","CLMB"
"CLMB","635","Zn66","9.704234783","CLMB"
"CLMB","636","Zn66","11.73861187","CLMB"
"CLMB","637","Zn66","12.8819","CLMB"
"CLMB","638","Zn66","12.00783855","CLMB"
"CLMB","639","Zn66","7.372507193","CLMB"
"CLMB","640","Zn66","18.04665123","CLMB"
"CLMB","641","Zn66","5.43464872","CLMB"
"CLMB","642","Zn66","*","CLMB"
"CLMB","643","Zn66","13.37834497","CLMB"
"CLMB","644","Zn66","*","CLMB"
"CLMB","645","Zn66","5.240214819","CLMB"
"CLMB","647","Zn66","7.954071859","CLMB"
"CLMB","648","Zn66","*","CLMB"
"CLMB","649","Zn66","19.19136915","CLMB"
"CLMB","652","Zn66","16.34182654","CLMB"
"CLMB","654","Zn66","10.29116931","CLMB"
"CLMB","655","Zn66","9.604583831","CLMB"
"CLMB","656","Zn66","*","CLMB"
"CLMB","657","Zn66","12.25863535","CLMB"
"CLMB","658","Zn66","12.40609951","CLMB"
"CLMB","660","Zn66","8.13152092","CLMB"
"CLMB","661","Zn66","10.98448317","CLMB"
"CLMB","663","Zn66","9.906485062","CLMB"
"CLMB","664","Zn66","10.32259588","CLMB"
"CLMB","666","Zn66","14.17186504","CLMB"
"CLMB","667","Zn66","7.543725328","CLMB"
"CLMB","668","Zn66","12.87934237","CLMB"
"CLMB","669","Zn66","7.842567562","CLMB"
"CLMB","670","Zn66","*","CLMB"
"CLMB","671","Zn66","12.93839526","CLMB"
"CLMB","672","Zn66","7.9025252","CLMB"
"CLMB","673","Zn66","6.000120407","CLMB"
"CLMB","674","Zn66","12.32572567","CLMB"
"CLMB","675","Zn66","11.333335","CLMB"
"CLMB","677","Zn66","13.2199674","CLMB"
"CLMB","679","Zn66","*","CLMB"
"CLMB","680","Zn66","8.401255762","CLMB"
"CLMB","681","Zn66","9.010347519","CLMB"
"CLMB","682","Zn66","9.625777493","CLMB"
"CLMB","683","Zn66","20.19166476","CLMB"
"CLMB","684","Zn66","15.86496148","CLMB"
"CLMB","685","Zn66","19.05027818","CLMB"
"CLMB","686","Zn66","6.070096792","CLMB"
"CLMB","689","Zn66","6.765828135","CLMB"
"CLMB","690","Zn66","11.53712878","CLMB"
"CLMB","691","Zn66","11.24401523","CLMB"
"CLMB","692","Zn66","11.89698025","CLMB"
"CLMB","693","Zn66","25.07881618","CLMB"
"CLMB","694","Zn66","8.782583654","CLMB"
"CLMB","695","Zn66","9.539780181","CLMB"
"CLMB","696","Zn66","11.91445674","CLMB"
"CLMB","697","Zn66","14.14118359","CLMB"
"CLMB","698","Zn66","5.219193225","CLMB"
"CLMB","699","Zn66","15.04987443","CLMB"
"CLMB","700","Zn66","8.328198134","CLMB"
"CLMB","702","Zn66","7.307307738","CLMB"
"CLMB","703","Zn66","13.28117448","CLMB"
"CLMB","704","Zn66","17.06852661","CLMB"
"CLMB","705","Zn66","7.50120185","CLMB"
"CLMB","706","Zn66","9.396258411","CLMB"
"CLMB","707","Zn66","10.25848269","CLMB"
"CLMB","710","Zn66","16.85814272","CLMB"
"CLMB","711","Zn66","13.25120226","CLMB"
"CLMB","712","Zn66","6.658724626","CLMB"
"CLMB","713","Zn66","11.24716472","CLMB"
"CLMB","714","Zn66","11.82846469","CLMB"
"CLMB","715","Zn66","8.299098895","CLMB"
"CLMB","716","Zn66","8.551493618","CLMB"
"CLMB","718","Zn66","12.14716646","CLMB"
"CLMB","719","Zn66","7.777534637","CLMB"
"CLMB","720","Zn66","11.94951099","CLMB"
"CLMB","721","Zn66","*","CLMB"
"CLMB","722","Zn66","10.65893402","CLMB"
"CLMB","723","Zn66","*","CLMB"
"CLMB","724","Zn66","10.22083462","CLMB"
"CLMB","725","Zn66","15.71263835","CLMB"
"CLMB","726","Zn66","13.96852233","CLMB"
"CLMB","729","Zn66","7.606344508","CLMB"
"CLMB","730","Zn66","4.821459933","CLMB"
"CLMB","731","Zn66","14.32482086","CLMB"
"CLMB","732","Zn66","*","CLMB"
"CLMB","733","Zn66","16.98804811","CLMB"
"CLMB","734","Zn66","13.63454095","CLMB"
"CLMB","735","Zn66","6.241159639","CLMB"
"CLMB","736","Zn66","13.94921425","CLMB"
"CLMB","737","Zn66","11.5272274","CLMB"
"CLMB","738","Zn66","10.68525801","CLMB"
"CLMB","739","Zn66","8.476997131","CLMB"
"CLMB","740","Zn66","10.11709958","CLMB"
"CLMB","742","Zn66","14.52011006","CLMB"
"CLMB","743","Zn66","10.90192163","CLMB"
"CLMB","744","Zn66","9.4753642","CLMB"
"CLMB","745","Zn66","16.19235341","CLMB"
"CLMB","746","Zn66","11.18520344","CLMB"
"CLMB","748","Zn66","12.23626717","CLMB"
"CLMB","749","Zn66","7.644819203","CLMB"
"CLMB","750","Zn66","12.39009278","CLMB"
"CLMB","751","Zn66","6.202831275","CLMB"
"CLMB","752","Zn66","21.90570469","CLMB"
"CLMB","753","Zn66","10.19773315","CLMB"
"CLMB","755","Zn66","9.823438272","CLMB"
"CLMB","756","Zn66","7.811239686","CLMB"
"CLMB","757","Zn66","15.95108153","CLMB"
"CLMB","758","Zn66","12.09661471","CLMB"
"CLMB","759","Zn66","9.233953131","CLMB"
"CLMB","760","Zn66","*","CLMB"
"CLMB","761","Zn66","7.424179324","CLMB"
"CLMB","762","Zn66","7.725718745","CLMB"
"CLMB","763","Zn66","7.716213785","CLMB"
"CLMB","764","Zn66","7.124340002","CLMB"
"CLMB","765","Zn66","12.23835279","CLMB"
"CLMB","766","Zn66","9.39011295","CLMB"
"CLMB","767","Zn66","9.264543421","CLMB"
"CLMB","768","Zn66","9.632814238","CLMB"
"CLMB","769","Zn66","*","CLMB"
"CLMB","770","Zn66","13.781036","CLMB"
"CLMB","771","Zn66","9.982124109","CLMB"
"CLMB","772","Zn66","9.635005642","CLMB"
"CLMB","773","Zn66","10.43976948","CLMB"
"CLMB","774","Zn66","6.197625807","CLMB"
"CLMB","775","Zn66","13.99886953","CLMB"
"CLMB","776","Zn66","8.917690762","CLMB"
"CLMB","777","Zn66","9.1407652","CLMB"
"CLMB","778","Zn66","13.58698054","CLMB"
"CLMB","779","Zn66","7.333101845","CLMB"
"CLMB","780","Zn66","11.25817008","CLMB"
"CLMB","781","Zn66","6.049306287","CLMB"
"CLMB","782","Zn66","10.00719576","CLMB"
"CLMB","783","Zn66","6.690479275","CLMB"
"CLMB","784","Zn66","13.0791998","CLMB"
"CLMB","785","Zn66","6.823308788","CLMB"
"CLMB","786","Zn66","7.407223186","CLMB"
"CLMB","787","Zn66","5.78574306","CLMB"
"CLMB","788","Zn66","18.17838039","CLMB"
"CLMB","789","Zn66","5.309627075","CLMB"
"CLMB","790","Zn66","8.56332095","CLMB"
"CLMB","792","Zn66","19.85489913","CLMB"
"CLMB","794","Zn66","11.79277719","CLMB"
"CLMB","795","Zn66","10.33822057","CLMB"
"CLMB","796","Zn66","22.58745513","CLMB"
"CLMB","797","Zn66","7.242237042","CLMB"
"CLMB","799","Zn66","24.84741839","CLMB"
"CLMB","800","Zn66","12.93300658","CLMB"
"CLMB","801","Zn66","9.319365348","CLMB"
"CLMB","802","Zn66","10.80316922","CLMB"
"CLMB","803","Zn66","13.77488785","CLMB"
"CLMB","804","Zn66","16.20239294","CLMB"
"CLMB","805","Zn66","13.93961931","CLMB"
"CLMB","806","Zn66","6.893911052","CLMB"
"CLMB","808","Zn66","14.38082949","CLMB"
"CLMB","809","Zn66","8.5629907","CLMB"
"CLMB","810","Zn66","13.20736423","CLMB"
"CLMB","811","Zn66","7.285349369","CLMB"
"CLMB","812","Zn66","11.2331217","CLMB"
"CLMB","813","Zn66","*","CLMB"
"CLMB","814","Zn66","16.92106526","CLMB"
"CLMB","815","Zn66","14.89100694","CLMB"
"CLMB","816","Zn66","10.98810508","CLMB"
"CLMB","817","Zn66","14.8257669","CLMB"
"CLMB","818","Zn66","10.76445403","CLMB"
"CLMB","819","Zn66","7.029972612","CLMB"
"CLMB","820","Zn66","13.41780661","CLMB"
"CLMB","821","Zn66","*","CLMB"
"CLMB","822","Zn66","7.240904696","CLMB"
"CLMB","823","Zn66","13.69333256","CLMB"
"CLMB","824","Zn66","8.61563156","CLMB"
"CLMB","825","Zn66","17.88928958","CLMB"
"KBSM","1","Zn66","*","KBSM"
"KBSM","2","Zn66","10.25117599","KBSM"
"KBSM","3","Zn66","5.899865542","KBSM"
"KBSM","4","Zn66","7.216681638","KBSM"
"KBSM","5","Zn66","5.713467986","KBSM"
"KBSM","7","Zn66","6.484928917","KBSM"
"KBSM","8","Zn66","*","KBSM"
"KBSM","9","Zn66","8.335275327","KBSM"
"KBSM","10","Zn66","6.037103671","KBSM"
"KBSM","11","Zn66","6.919958379","KBSM"
"KBSM","12","Zn66","13.65419889","KBSM"
"KBSM","13","Zn66","*","KBSM"
"KBSM","14","Zn66","11.46266573","KBSM"
"KBSM","15","Zn66","4.159361414","KBSM"
"KBSM","16","Zn66","*","KBSM"
"KBSM","17","Zn66","4.571396921","KBSM"
"KBSM","19","Zn66","4.175082824","KBSM"
"KBSM","20","Zn66","5.023733471","KBSM"
"KBSM","21","Zn66","*","KBSM"
"KBSM","22","Zn66","4.225254723","KBSM"
"KBSM","23","Zn66","7.328879309","KBSM"
"KBSM","24","Zn66","*","KBSM"
"KBSM","25","Zn66","8.285521948","KBSM"
"KBSM","26","Zn66","4.192911804","KBSM"
"KBSM","27","Zn66","*","KBSM"
"KBSM","28","Zn66","5.006203053","KBSM"
"KBSM","29","Zn66","5.806466262","KBSM"
"KBSM","30","Zn66","6.143307107","KBSM"
"KBSM","31","Zn66","5.297796553","KBSM"
"KBSM","32","Zn66","7.034789928","KBSM"
"KBSM","33","Zn66","5.249033183","KBSM"
"KBSM","34","Zn66","31.46817614","KBSM"
"KBSM","35","Zn66","19.21812401","KBSM"
"KBSM","36","Zn66","4.702561305","KBSM"
"KBSM","37","Zn66","7.014214765","KBSM"
"KBSM","38","Zn66","5.596475713","KBSM"
"KBSM","39","Zn66","9.043398612","KBSM"
"KBSM","40","Zn66","6.076494673","KBSM"
"KBSM","41","Zn66","7.34507158","KBSM"
"KBSM","42","Zn66","6.306148634","KBSM"
"KBSM","43","Zn66","3.716175734","KBSM"
"KBSM","44","Zn66","5.971376148","KBSM"
"KBSM","46","Zn66","5.535710397","KBSM"
"KBSM","48","Zn66","7.935762816","KBSM"
"KBSM","49","Zn66","*","KBSM"
"KBSM","50","Zn66","*","KBSM"
"KBSM","52","Zn66","8.90282198","KBSM"
"KBSM","53","Zn66","25.81869463","KBSM"
"KBSM","54","Zn66","7.925047771","KBSM"
"KBSM","55","Zn66","8.041400542","KBSM"
"KBSM","56","Zn66","4.744099959","KBSM"
"KBSM","57","Zn66","5.834068317","KBSM"
"KBSM","59","Zn66","*","KBSM"
"KBSM","60","Zn66","*","KBSM"
"KBSM","61","Zn66","4.060986587","KBSM"
"KBSM","62","Zn66","14.89321607","KBSM"
"KBSM","63","Zn66","*","KBSM"
"KBSM","64","Zn66","5.427439118","KBSM"
"KBSM","65","Zn66","5.889828289","KBSM"
"KBSM","66","Zn66","3.425596311","KBSM"
"KBSM","67","Zn66","5.388162742","KBSM"
"KBSM","68","Zn66","10.34838146","KBSM"
"KBSM","69","Zn66","7.037881657","KBSM"
"KBSM","70","Zn66","31.80929246","KBSM"
"KBSM","71","Zn66","*","KBSM"
"KBSM","72","Zn66","4.517432298","KBSM"
"KBSM","73","Zn66","6.609203437","KBSM"
"KBSM","74","Zn66","9.614389549","KBSM"
"KBSM","75","Zn66","*","KBSM"
"KBSM","76","Zn66","*","KBSM"
"KBSM","77","Zn66","*","KBSM"
"KBSM","78","Zn66","7.093839162","KBSM"
"KBSM","79","Zn66","7.895065339","KBSM"
"KBSM","80","Zn66","8.175726699","KBSM"
"KBSM","81","Zn66","3.779824873","KBSM"
"KBSM","83","Zn66","8.275916777","KBSM"
"KBSM","84","Zn66","*","KBSM"
"KBSM","85","Zn66","3.905412452","KBSM"
"KBSM","86","Zn66","5.558408269","KBSM"
"KBSM","87","Zn66","4.406730574","KBSM"
"KBSM","88","Zn66","5.608407902","KBSM"
"KBSM","89","Zn66","6.705869558","KBSM"
"KBSM","90","Zn66","12.29838864","KBSM"
"KBSM","91","Zn66","5.478112842","KBSM"
"KBSM","93","Zn66","10.91452751","KBSM"
"KBSM","94","Zn66","5.575382971","KBSM"
"KBSM","95","Zn66","4.617306407","KBSM"
"KBSM","96","Zn66","8.831928006","KBSM"
"KBSM","97","Zn66","12.1903341","KBSM"
"KBSM","99","Zn66","7.432720205","KBSM"
"KBSM","100","Zn66","6.626051302","KBSM"
"KBSM","101","Zn66","6.851083352","KBSM"
"KBSM","102","Zn66","*","KBSM"
"KBSM","103","Zn66","9.618411125","KBSM"
"KBSM","104","Zn66","2.592779666","KBSM"
"KBSM","105","Zn66","6.208063767","KBSM"
"KBSM","106","Zn66","7.310978907","KBSM"
"KBSM","107","Zn66","6.862000126","KBSM"
"KBSM","110","Zn66","5.704793977","KBSM"
"KBSM","111","Zn66","4.901314669","KBSM"
"KBSM","112","Zn66","7.501268591","KBSM"
"KBSM","114","Zn66","6.437117754","KBSM"
"KBSM","115","Zn66","3.632778057","KBSM"
"KBSM","116","Zn66","7.731503525","KBSM"
"KBSM","117","Zn66","7.022896064","KBSM"
"KBSM","118","Zn66","2.928336341","KBSM"
"KBSM","119","Zn66","10.59222156","KBSM"
"KBSM","120","Zn66","*","KBSM"
"KBSM","122","Zn66","10.96545186","KBSM"
"KBSM","123","Zn66","8.439918503","KBSM"
"KBSM","125","Zn66","4.177478263","KBSM"
"KBSM","126","Zn66","6.452729054","KBSM"
"KBSM","127","Zn66","3.940286585","KBSM"
"KBSM","128","Zn66","16.19159381","KBSM"
"KBSM","130","Zn66","3.101618915","KBSM"
"KBSM","131","Zn66","8.689125077","KBSM"
"KBSM","132","Zn66","7.497287284","KBSM"
"KBSM","134","Zn66","6.901721204","KBSM"
"KBSM","135","Zn66","4.549246887","KBSM"
"KBSM","136","Zn66","4.900839567","KBSM"
"KBSM","137","Zn66","*","KBSM"
"KBSM","138","Zn66","*","KBSM"
"KBSM","139","Zn66","5.606846052","KBSM"
"KBSM","141","Zn66","*","KBSM"
"KBSM","142","Zn66","3.102267697","KBSM"
"KBSM","143","Zn66","11.77190656","KBSM"
"KBSM","144","Zn66","4.414580959","KBSM"
"KBSM","145","Zn66","9.165233526","KBSM"
"KBSM","146","Zn66","*","KBSM"
"KBSM","147","Zn66","7.976934155","KBSM"
"KBSM","148","Zn66","7.101253187","KBSM"
"KBSM","150","Zn66","5.594868606","KBSM"
"KBSM","151","Zn66","4.294693809","KBSM"
"KBSM","152","Zn66","7.916617844","KBSM"
"KBSM","153","Zn66","3.656007233","KBSM"
"KBSM","154","Zn66","14.34692603","KBSM"
"KBSM","155","Zn66","7.059229609","KBSM"
"KBSM","156","Zn66","4.110224067","KBSM"
"KBSM","157","Zn66","6.813903136","KBSM"
"KBSM","158","Zn66","*","KBSM"
"KBSM","159","Zn66","11.26268865","KBSM"
"KBSM","161","Zn66","8.123061167","KBSM"
"KBSM","163","Zn66","5.197928253","KBSM"
"KBSM","164","Zn66","*","KBSM"
"KBSM","166","Zn66","6.015589623","KBSM"
"KBSM","167","Zn66","9.519174964","KBSM"
"KBSM","168","Zn66","5.131798262","KBSM"
"KBSM","169","Zn66","*","KBSM"
"KBSM","170","Zn66","5.600609412","KBSM"
"KBSM","171","Zn66","5.348766198","KBSM"
"KBSM","172","Zn66","3.677780622","KBSM"
"KBSM","173","Zn66","4.215947976","KBSM"
"KBSM","174","Zn66","3.919449252","KBSM"
"KBSM","175","Zn66","4.681218353","KBSM"
"KBSM","176","Zn66","3.963768023","KBSM"
"KBSM","177","Zn66","4.578057033","KBSM"
"KBSM","178","Zn66","*","KBSM"
"KBSM","179","Zn66","*","KBSM"
"KBSM","180","Zn66","*","KBSM"
"KBSM","181","Zn66","*","KBSM"
"KBSM","182","Zn66","6.124335796","KBSM"
"KBSM","184","Zn66","*","KBSM"
"KBSM","185","Zn66","5.509400094","KBSM"
"KBSM","186","Zn66","*","KBSM"
"KBSM","187","Zn66","9.689775171","KBSM"
"KBSM","188","Zn66","9.40726018","KBSM"
"KBSM","189","Zn66","3.387005412","KBSM"
"KBSM","190","Zn66","3.775637364","KBSM"
"KBSM","191","Zn66","2.554922427","KBSM"
"KBSM","192","Zn66","*","KBSM"
"KBSM","193","Zn66","6.927017283","KBSM"
"KBSM","194","Zn66","4.683990442","KBSM"
"KBSM","195","Zn66","5.415029528","KBSM"
"KBSM","196","Zn66","6.068490838","KBSM"
"KBSM","197","Zn66","2.861212411","KBSM"
"KBSM","198","Zn66","11.62292146","KBSM"
"KBSM","199","Zn66","12.8029139","KBSM"
"KBSM","200","Zn66","4.140513836","KBSM"
"KBSM","201","Zn66","7.289262915","KBSM"
"KBSM","203","Zn66","6.166990219","KBSM"
"KBSM","204","Zn66","6.173118578","KBSM"
"KBSM","205","Zn66","5.092239282","KBSM"
"KBSM","207","Zn66","7.726926279","KBSM"
"KBSM","208","Zn66","11.61339003","KBSM"
"KBSM","209","Zn66","*","KBSM"
"KBSM","210","Zn66","6.499858718","KBSM"
"KBSM","211","Zn66","*","KBSM"
"KBSM","212","Zn66","*","KBSM"
"KBSM","213","Zn66","6.354322723","KBSM"
"KBSM","214","Zn66","7.849518851","KBSM"
"KBSM","215","Zn66","3.736983844","KBSM"
"KBSM","216","Zn66","6.640293706","KBSM"
"KBSM","217","Zn66","6.426781467","KBSM"
"KBSM","218","Zn66","7.715576583","KBSM"
"KBSM","219","Zn66","*","KBSM"
"KBSM","220","Zn66","*","KBSM"
"KBSM","221","Zn66","7.685861294","KBSM"
"KBSM","222","Zn66","*","KBSM"
"KBSM","223","Zn66","6.881553209","KBSM"
"KBSM","224","Zn66","5.720513375","KBSM"
"KBSM","225","Zn66","*","KBSM"
"KBSM","226","Zn66","8.401246682","KBSM"
"KBSM","227","Zn66","11.47527091","KBSM"
"KBSM","228","Zn66","5.26288323","KBSM"
"KBSM","229","Zn66","7.755207441","KBSM"
"KBSM","230","Zn66","4.33606469","KBSM"
"KBSM","231","Zn66","*","KBSM"
"KBSM","232","Zn66","7.958971266","KBSM"
"KBSM","233","Zn66","*","KBSM"
"KBSM","234","Zn66","5.578112971","KBSM"
"KBSM","235","Zn66","4.4538748","KBSM"
"KBSM","236","Zn66","5.107707412","KBSM"
"KBSM","237","Zn66","7.364423393","KBSM"
"KBSM","238","Zn66","*","KBSM"
"KBSM","239","Zn66","3.53032344","KBSM"
"KBSM","240","Zn66","*","KBSM"
"KBSM","241","Zn66","*","KBSM"
"KBSM","242","Zn66","10.06224202","KBSM"
"KBSM","243","Zn66","11.0782903","KBSM"
"KBSM","244","Zn66","3.664391571","KBSM"
"KBSM","245","Zn66","17.72203167","KBSM"
"KBSM","246","Zn66","10.47745034","KBSM"
"KBSM","247","Zn66","7.555728719","KBSM"
"KBSM","248","Zn66","8.369130121","KBSM"
"KBSM","249","Zn66","4.697017126","KBSM"
"KBSM","250","Zn66","4.482197349","KBSM"
"KBSM","251","Zn66","8.52835836","KBSM"
"KBSM","252","Zn66","5.270217439","KBSM"
"KBSM","253","Zn66","*","KBSM"
"KBSM","254","Zn66","5.033306095","KBSM"
"KBSM","255","Zn66","5.813228241","KBSM"
"KBSM","256","Zn66","7.278169315","KBSM"
"KBSM","257","Zn66","6.16891383","KBSM"
"KBSM","258","Zn66","*","KBSM"
"KBSM","259","Zn66","6.905227139","KBSM"
"KBSM","260","Zn66","5.167048579","KBSM"
"KBSM","261","Zn66","*","KBSM"
"KBSM","262","Zn66","*","KBSM"
"KBSM","263","Zn66","6.985325468","KBSM"
"KBSM","264","Zn66","9.615699265","KBSM"
"KBSM","265","Zn66","5.514606375","KBSM"
"KBSM","267","Zn66","5.355508011","KBSM"
"KBSM","268","Zn66","5.571141554","KBSM"
"KBSM","269","Zn66","*","KBSM"
"KBSM","270","Zn66","9.020226864","KBSM"
"KBSM","271","Zn66","*","KBSM"
"KBSM","272","Zn66","8.21794701","KBSM"
"KBSM","273","Zn66","5.962188285","KBSM"
"KBSM","274","Zn66","4.510745695","KBSM"
"KBSM","275","Zn66","5.189662166","KBSM"
"KBSM","276","Zn66","5.690409014","KBSM"
"KBSM","277","Zn66","8.895014454","KBSM"
"KBSM","278","Zn66","*","KBSM"
"KBSM","279","Zn66","4.992304665","KBSM"
"KBSM","281","Zn66","7.484099694","KBSM"
"KBSM","282","Zn66","*","KBSM"
"KBSM","283","Zn66","4.15632531","KBSM"
"KBSM","284","Zn66","9.390959571","KBSM"
"KBSM","285","Zn66","8.026962001","KBSM"
"KBSM","286","Zn66","6.143376391","KBSM"
"KBSM","287","Zn66","17.32468341","KBSM"
"KBSM","288","Zn66","*","KBSM"
"KBSM","289","Zn66","5.23993957","KBSM"
"KBSM","290","Zn66","*","KBSM"
"KBSM","292","Zn66","7.549274239","KBSM"
"KBSM","293","Zn66","11.02559619","KBSM"
"KBSM","294","Zn66","27.23372545","KBSM"
"KBSM","296","Zn66","4.099320645","KBSM"
"KBSM","297","Zn66","5.801427182","KBSM"
"KBSM","298","Zn66","9.180437601","KBSM"
"KBSM","299","Zn66","5.341612227","KBSM"
"KBSM","300","Zn66","4.439054365","KBSM"
"KBSM","301","Zn66","6.063049124","KBSM"
"KBSM","302","Zn66","13.69783541","KBSM"
"KBSM","303","Zn66","*","KBSM"
"KBSM","304","Zn66","3.445640211","KBSM"
"KBSM","305","Zn66","6.072038601","KBSM"
"KBSM","306","Zn66","6.667809136","KBSM"
"KBSM","307","Zn66","4.392933875","KBSM"
"KBSM","308","Zn66","6.547363247","KBSM"
"KBSM","310","Zn66","16.02415937","KBSM"
"KBSM","311","Zn66","*","KBSM"
"KBSM","312","Zn66","4.175648066","KBSM"
"KBSM","313","Zn66","3.632997236","KBSM"
"KBSM","314","Zn66","10.15581093","KBSM"
"KBSM","315","Zn66","8.84973074","KBSM"
"KBSM","317","Zn66","32.651151158","KBSM"
"KBSM","318","Zn66","13.13348409","KBSM"
"KBSM","319","Zn66","*","KBSM"
"KBSM","320","Zn66","5.743226271","KBSM"
"KBSM","322","Zn66","4.982912214","KBSM"
"KBSM","323","Zn66","5.41817187","KBSM"
"KBSM","324","Zn66","8.25755527","KBSM"
"KBSM","325","Zn66","5.876195348","KBSM"
"KBSM","326","Zn66","7.118048536","KBSM"
"KBSM","328","Zn66","3.707793225","KBSM"
"KBSM","330","Zn66","9.992425232","KBSM"
"KBSM","332","Zn66","6.519103019","KBSM"
"KBSM","333","Zn66","*","KBSM"
"KBSM","334","Zn66","5.29640734","KBSM"
"KBSM","335","Zn66","4.430601738","KBSM"
"KBSM","336","Zn66","6.725889176","KBSM"
"KBSM","337","Zn66","5.154034476","KBSM"
"KBSM","338","Zn66","5.280674143","KBSM"
"KBSM","339","Zn66","6.330227547","KBSM"
"KBSM","341","Zn66","5.558100771","KBSM"
"KBSM","342","Zn66","3.21182569","KBSM"
"KBSM","343","Zn66","13.98367261","KBSM"
"KBSM","345","Zn66","8.650669777","KBSM"
"KBSM","346","Zn66","7.960220417","KBSM"
"KBSM","347","Zn66","5.582550305","KBSM"
"KBSM","349","Zn66","11.20209232","KBSM"
"KBSM","350","Zn66","8.379010763","KBSM"
"KBSM","352","Zn66","*","KBSM"
"KBSM","353","Zn66","5.07486423","KBSM"
"KBSM","354","Zn66","10.4972294","KBSM"
"KBSM","355","Zn66","*","KBSM"
"KBSM","356","Zn66","5.026301862","KBSM"
"KBSM","358","Zn66","5.211935828","KBSM"
"KBSM","359","Zn66","5.148010957","KBSM"
"KBSM","360","Zn66","10.23061168","KBSM"
"KBSM","361","Zn66","5.540413284","KBSM"
"KBSM","363","Zn66","8.727517232","KBSM"
"KBSM","364","Zn66","3.782778962","KBSM"
"KBSM","365","Zn66","3.180519205","KBSM"
"KBSM","366","Zn66","4.779227871","KBSM"
"KBSM","367","Zn66","9.46007602","KBSM"
"KBSM","368","Zn66","*","KBSM"
"KBSM","369","Zn66","3.577843343","KBSM"
"KBSM","370","Zn66","13.55274111","KBSM"
"KBSM","371","Zn66","6.033868055","KBSM"
"KBSM","372","Zn66","6.588045028","KBSM"
"KBSM","373","Zn66","7.537724091","KBSM"
"KBSM","374","Zn66","5.795385037","KBSM"
"KBSM","375","Zn66","5.954241898","KBSM"
"KBSM","377","Zn66","*","KBSM"
"KBSM","378","Zn66","5.364576713","KBSM"
"KBSM","379","Zn66","3.692908814","KBSM"
"KBSM","380","Zn66","8.890859415","KBSM"
"KBSM","381","Zn66","8.604081103","KBSM"
"KBSM","382","Zn66","9.992131005","KBSM"
"KBSM","383","Zn66","5.533591954","KBSM"
"KBSM","384","Zn66","7.130391073","KBSM"
"KBSM","386","Zn66","4.589486267","KBSM"
"KBSM","388","Zn66","5.86469699","KBSM"
"KBSM","389","Zn66","4.430340145","KBSM"
"KBSM","390","Zn66","3.723749181","KBSM"
"KBSM","391","Zn66","5.308794359","KBSM"
"KBSM","392","Zn66","5.9047645265","KBSM"
"KBSM","393","Zn66","3.944454838","KBSM"
"KBSM","394","Zn66","10.66335777","KBSM"
"KBSM","395","Zn66","4.193911562","KBSM"
"KBSM","396","Zn66","6.500903922","KBSM"
"KBSM","397","Zn66","5.584088347","KBSM"
"KBSM","398","Zn66","6.733835608","KBSM"
"KBSM","399","Zn66","*","KBSM"
"KBSM","400","Zn66","6.787700225","KBSM"
"KBSM","402","Zn66","8.221132425","KBSM"
"KBSM","403","Zn66","9.198623902","KBSM"
"KBSM","404","Zn66","6.983681737","KBSM"
"KBSM","405","Zn66","4.917400198","KBSM"
"KBSM","406","Zn66","5.490421855","KBSM"
"KBSM","407","Zn66","5.676403782","KBSM"
"KBSM","408","Zn66","*","KBSM"
"KBSM","409","Zn66","13.22210696","KBSM"
"KBSM","410","Zn66","6.216377989","KBSM"
"KBSM","411","Zn66","8.691663153","KBSM"
"KBSM","412","Zn66","4.985047337","KBSM"
"KBSM","413","Zn66","*","KBSM"
"KBSM","414","Zn66","5.653724688","KBSM"
"KBSM","415","Zn66","4.195713732","KBSM"
"KBSM","416","Zn66","*","KBSM"
"KBSM","417","Zn66","5.086697809","KBSM"
"KBSM","418","Zn66","7.147222468","KBSM"
"KBSM","419","Zn66","6.855539525","KBSM"
"KBSM","420","Zn66","10.19969114","KBSM"
"KBSM","421","Zn66","7.137408974","KBSM"
"KBSM","422","Zn66","5.418568233","KBSM"
"KBSM","423","Zn66","6.807002933","KBSM"
"KBSM","424","Zn66","4.730330064","KBSM"
"KBSM","425","Zn66","7.531946132","KBSM"
"KBSM","426","Zn66","7.830319928","KBSM"
"KBSM","427","Zn66","4.958348312","KBSM"
"KBSM","428","Zn66","6.098370977","KBSM"
"KBSM","429","Zn66","3.836707127","KBSM"
"KBSM","431","Zn66","4.256130732","KBSM"
"KBSM","432","Zn66","5.022346815","KBSM"
"KBSM","433","Zn66","8.276090083","KBSM"
"KBSM","435","Zn66","6.155389691","KBSM"
"KBSM","436","Zn66","5.072934939","KBSM"
"KBSM","437","Zn66","*","KBSM"
"KBSM","438","Zn66","*","KBSM"
"KBSM","439","Zn66","*","KBSM"
"KBSM","440","Zn66","4.443169303","KBSM"
"KBSM","442","Zn66","7.112493902","KBSM"
"KBSM","443","Zn66","3.836013072","KBSM"
"KBSM","444","Zn66","5.369395189","KBSM"
"KBSM","445","Zn66","4.01319061","KBSM"
"KBSM","446","Zn66","4.525240837","KBSM"
"KBSM","447","Zn66","5.935855492","KBSM"
"KBSM","448","Zn66","4.762467339","KBSM"
"KBSM","449","Zn66","9.407500884","KBSM"
"KBSM","450","Zn66","12.19053774","KBSM"
"KBSM","451","Zn66","7.859294102","KBSM"
"KBSM","452","Zn66","12.75605304","KBSM"
"KBSM","453","Zn66","24.22963026","KBSM"
"KBSM","454","Zn66","*","KBSM"
"KBSM","455","Zn66","3.884327674","KBSM"
"KBSM","456","Zn66","4.435747161","KBSM"
"KBSM","458","Zn66","13.50740169","KBSM"
"KBSM","459","Zn66","*","KBSM"
"KBSM","460","Zn66","6.414792727","KBSM"
"KBSM","461","Zn66","3.472153206","KBSM"
"KBSM","462","Zn66","4.7812659","KBSM"
"KBSM","463","Zn66","*","KBSM"
"KBSM","464","Zn66","7.733260414","KBSM"
"KBSM","465","Zn66","9.905840181","KBSM"
"KBSM","466","Zn66","5.456149959","KBSM"
"KBSM","467","Zn66","5.25566004","KBSM"
"KBSM","468","Zn66","3.833022306","KBSM"
"KBSM","469","Zn66","*","KBSM"
"KBSM","470","Zn66","4.651598997","KBSM"
"KBSM","471","Zn66","5.996916444","KBSM"
"KBSM","472","Zn66","4.622336758","KBSM"
"KBSM","473","Zn66","6.069337129","KBSM"
"KBSM","474","Zn66","*","KBSM"
"KBSM","475","Zn66","24.88047251","KBSM"
"KBSM","476","Zn66","9.388177532","KBSM"
"KBSM","477","Zn66","5.676241559","KBSM"
"KBSM","479","Zn66","4.926808277","KBSM"
"KBSM","480","Zn66","*","KBSM"
"KBSM","482","Zn66","*","KBSM"
"KBSM","483","Zn66","4.60425727","KBSM"
"KBSM","484","Zn66","9.486368799","KBSM"
"KBSM","485","Zn66","3.417113294","KBSM"
"KBSM","486","Zn66","*","KBSM"
"KBSM","487","Zn66","9.689717166","KBSM"
"KBSM","488","Zn66","5.378180505","KBSM"
"KBSM","489","Zn66","5.586341447","KBSM"
"KBSM","491","Zn66","5.669282633","KBSM"
"KBSM","492","Zn66","7.34392779","KBSM"
"KBSM","493","Zn66","6.463549908","KBSM"
"KBSM","494","Zn66","7.617765636","KBSM"
"KBSM","495","Zn66","3.002622414","KBSM"
"KBSM","496","Zn66","9.390732708","KBSM"
"KBSM","497","Zn66","3.702547264","KBSM"
"KBSM","498","Zn66","5.919844748","KBSM"
"KBSM","499","Zn66","*","KBSM"
"KBSM","500","Zn66","6.232565195","KBSM"
"KBSM","501","Zn66","5.306918364","KBSM"
"KBSM","502","Zn66","29.7519133","KBSM"
"KBSM","503","Zn66","5.240658597","KBSM"
"KBSM","504","Zn66","*","KBSM"
"KBSM","505","Zn66","5.161993874","KBSM"
"KBSM","506","Zn66","14.36220332","KBSM"
"KBSM","507","Zn66","6.163882286","KBSM"
"KBSM","508","Zn66","4.92716855","KBSM"
"KBSM","511","Zn66","4.410821382","KBSM"
"KBSM","512","Zn66","5.610770618","KBSM"
"KBSM","513","Zn66","4.082117564","KBSM"
"KBSM","514","Zn66","*","KBSM"
"KBSM","515","Zn66","4.817477478","KBSM"
"KBSM","516","Zn66","7.019784513","KBSM"
"KBSM","518","Zn66","*","KBSM"
"KBSM","519","Zn66","*","KBSM"
"KBSM","520","Zn66","6.491996619","KBSM"
"KBSM","521","Zn66","5.921470106","KBSM"
"KBSM","522","Zn66","4.858922633","KBSM"
"KBSM","523","Zn66","6.866860434","KBSM"
"KBSM","524","Zn66","*","KBSM"
"KBSM","525","Zn66","7.42580616","KBSM"
"KBSM","526","Zn66","6.220197969","KBSM"
"KBSM","527","Zn66","7.26373744","KBSM"
"KBSM","529","Zn66","*","KBSM"
"KBSM","530","Zn66","9.159644383","KBSM"
"KBSM","531","Zn66","3.807664715","KBSM"
"KBSM","532","Zn66","*","KBSM"
"KBSM","533","Zn66","4.754834908","KBSM"
"KBSM","534","Zn66","11.11537709","KBSM"
"KBSM","535","Zn66","3.841634921","KBSM"
"KBSM","536","Zn66","5.39903932","KBSM"
"KBSM","537","Zn66","5.43516253","KBSM"
"KBSM","539","Zn66","3.98843016","KBSM"
"KBSM","540","Zn66","6.890983326","KBSM"
"KBSM","541","Zn66","35.15162778","KBSM"
"KBSM","542","Zn66","5.327792368","KBSM"
"KBSM","544","Zn66","5.483076979","KBSM"
"KBSM","545","Zn66","5.800475996","KBSM"
"KBSM","546","Zn66","5.4959821","KBSM"
"KBSM","547","Zn66","7.289233918","KBSM"
"KBSM","548","Zn66","6.273001692","KBSM"
"KBSM","549","Zn66","10.53521224","KBSM"
"KBSM","551","Zn66","*","KBSM"
"KBSM","552","Zn66","29.51603442","KBSM"
"KBSM","553","Zn66","7.324443939","KBSM"
"KBSM","555","Zn66","4.893869196","KBSM"
"KBSM","556","Zn66","*","KBSM"
"KBSM","557","Zn66","6.653459827","KBSM"
"KBSM","558","Zn66","5.203048086","KBSM"
"KBSM","559","Zn66","5.553334889","KBSM"
"KBSM","560","Zn66","11.09547596","KBSM"
"KBSM","562","Zn66","5.863508791","KBSM"
"KBSM","563","Zn66","8.735863921","KBSM"
"KBSM","564","Zn66","*","KBSM"
"KBSM","565","Zn66","5.448133962","KBSM"
"KBSM","566","Zn66","8.320417928","KBSM"
"KBSM","567","Zn66","7.6135237","KBSM"
"KBSM","569","Zn66","5.327575365","KBSM"
"KBSM","570","Zn66","4.590953148","KBSM"
"KBSM","571","Zn66","4.904544623","KBSM"
"KBSM","572","Zn66","8.855724314","KBSM"
"KBSM","573","Zn66","*","KBSM"
"KBSM","574","Zn66","6.296495304","KBSM"
"KBSM","576","Zn66","8.778031271","KBSM"
"KBSM","577","Zn66","7.363761499","KBSM"
"KBSM","578","Zn66","*","KBSM"
"KBSM","579","Zn66","3.68649661","KBSM"
"KBSM","580","Zn66","13.10559443","KBSM"
"KBSM","581","Zn66","8.240513244","KBSM"
"KBSM","583","Zn66","6.376316581","KBSM"
"KBSM","584","Zn66","7.014177937","KBSM"
"KBSM","585","Zn66","5.264712581","KBSM"
"KBSM","586","Zn66","6.06830855","KBSM"
"KBSM","588","Zn66","*","KBSM"
"KBSM","589","Zn66","8.924804441","KBSM"
"KBSM","592","Zn66","5.231520852","KBSM"
"KBSM","593","Zn66","8.194744355","KBSM"
"KBSM","594","Zn66","5.393789987","KBSM"
"KBSM","595","Zn66","4.952812682","KBSM"
"KBSM","596","Zn66","3.752255751","KBSM"
"KBSM","597","Zn66","5.042183124","KBSM"
"KBSM","598","Zn66","5.09873915","KBSM"
"KBSM","599","Zn66","*","KBSM"
"KBSM","600","Zn66","5.664880701","KBSM"
"KBSM","601","Zn66","23.75856549","KBSM"
"KBSM","602","Zn66","*","KBSM"
"KBSM","603","Zn66","*","KBSM"
"KBSM","604","Zn66","*","KBSM"
"KBSM","605","Zn66","5.042150638","KBSM"
"KBSM","606","Zn66","4.160800671","KBSM"
"KBSM","608","Zn66","11.94842832","KBSM"
"KBSM","609","Zn66","*","KBSM"
"KBSM","610","Zn66","3.895923994","KBSM"
"KBSM","611","Zn66","8.413306076","KBSM"
"KBSM","612","Zn66","*","KBSM"
"KBSM","613","Zn66","7.165735116","KBSM"
"KBSM","614","Zn66","19.44684265","KBSM"
"KBSM","618","Zn66","7.178482633","KBSM"
"KBSM","619","Zn66","6.983613267","KBSM"
"KBSM","620","Zn66","4.231370032","KBSM"
"KBSM","621","Zn66","7.676496314","KBSM"
"KBSM","622","Zn66","4.331647721","KBSM"
"KBSM","623","Zn66","*","KBSM"
"KBSM","624","Zn66","*","KBSM"
"KBSM","625","Zn66","18.53515614","KBSM"
"KBSM","627","Zn66","4.091873207","KBSM"
"KBSM","628","Zn66","5.447346866","KBSM"
"KBSM","629","Zn66","15.00418658","KBSM"
"KBSM","630","Zn66","12.13975768","KBSM"
"KBSM","632","Zn66","5.994769122","KBSM"
"KBSM","633","Zn66","*","KBSM"
"KBSM","634","Zn66","6.693880997","KBSM"
"KBSM","635","Zn66","5.471160563","KBSM"
"KBSM","636","Zn66","4.470228594","KBSM"
"KBSM","637","Zn66","8.748793747","KBSM"
"KBSM","638","Zn66","5.52018278","KBSM"
"KBSM","639","Zn66","*","KBSM"
"KBSM","640","Zn66","12.59002221","KBSM"
"KBSM","641","Zn66","4.544724947","KBSM"
"KBSM","642","Zn66","5.101818506","KBSM"
"KBSM","643","Zn66","6.218746419","KBSM"
"KBSM","644","Zn66","5.813480572","KBSM"
"KBSM","645","Zn66","*","KBSM"
"KBSM","647","Zn66","*","KBSM"
"KBSM","648","Zn66","10.77243257","KBSM"
"KBSM","649","Zn66","10.03094824","KBSM"
"KBSM","652","Zn66","8.381643258","KBSM"
"KBSM","654","Zn66","5.525642475","KBSM"
"KBSM","655","Zn66","7.058491066","KBSM"
"KBSM","656","Zn66","3.947646151","KBSM"
"KBSM","657","Zn66","5.304984086","KBSM"
"KBSM","658","Zn66","8.565446706","KBSM"
"KBSM","660","Zn66","7.345949083","KBSM"
"KBSM","661","Zn66","3.851426787","KBSM"
"KBSM","663","Zn66","7.900055405","KBSM"
"KBSM","664","Zn66","5.591406366","KBSM"
"KBSM","666","Zn66","6.0436389","KBSM"
"KBSM","667","Zn66","9.369598159","KBSM"
"KBSM","668","Zn66","4.475271754","KBSM"
"KBSM","669","Zn66","3.349013684","KBSM"
"KBSM","670","Zn66","*","KBSM"
"KBSM","671","Zn66","*","KBSM"
"KBSM","672","Zn66","6.18031206","KBSM"
"KBSM","673","Zn66","5.223970445","KBSM"
"KBSM","674","Zn66","17.04191858","KBSM"
"KBSM","675","Zn66","*","KBSM"
"KBSM","677","Zn66","*","KBSM"
"KBSM","679","Zn66","4.584901658","KBSM"
"KBSM","680","Zn66","6.993625376","KBSM"
"KBSM","681","Zn66","11.8017718","KBSM"
"KBSM","682","Zn66","6.678719464","KBSM"
"KBSM","683","Zn66","6.699595683","KBSM"
"KBSM","684","Zn66","4.679333712","KBSM"
"KBSM","685","Zn66","10.07669393","KBSM"
"KBSM","686","Zn66","6.86515853","KBSM"
"KBSM","689","Zn66","*","KBSM"
"KBSM","690","Zn66","4.359012573","KBSM"
"KBSM","691","Zn66","6.296803372","KBSM"
"KBSM","692","Zn66","7.067746643","KBSM"
"KBSM","693","Zn66","31.30329329","KBSM"
"KBSM","694","Zn66","4.75266656","KBSM"
"KBSM","695","Zn66","*","KBSM"
"KBSM","696","Zn66","33.57903867","KBSM"
"KBSM","697","Zn66","7.220971029","KBSM"
"KBSM","698","Zn66","3.098554007","KBSM"
"KBSM","699","Zn66","8.051300169","KBSM"
"KBSM","700","Zn66","4.815354263","KBSM"
"KBSM","702","Zn66","*","KBSM"
"KBSM","703","Zn66","*","KBSM"
"KBSM","704","Zn66","7.665820996","KBSM"
"KBSM","705","Zn66","24.84392633","KBSM"
"KBSM","706","Zn66","6.034944497","KBSM"
"KBSM","707","Zn66","*","KBSM"
"KBSM","710","Zn66","5.560409574","KBSM"
"KBSM","711","Zn66","6.509134608","KBSM"
"KBSM","712","Zn66","4.453247352","KBSM"
"KBSM","713","Zn66","7.544331996","KBSM"
"KBSM","714","Zn66","*","KBSM"
"KBSM","715","Zn66","8.109332807","KBSM"
"KBSM","716","Zn66","5.360720435","KBSM"
"KBSM","718","Zn66","*","KBSM"
"KBSM","719","Zn66","5.834887644","KBSM"
"KBSM","720","Zn66","5.610568006","KBSM"
"KBSM","721","Zn66","5.299981849","KBSM"
"KBSM","722","Zn66","5.733042826","KBSM"
"KBSM","723","Zn66","*","KBSM"
"KBSM","724","Zn66","9.440743833","KBSM"
"KBSM","725","Zn66","4.121285889","KBSM"
"KBSM","726","Zn66","4.953273716","KBSM"
"KBSM","729","Zn66","4.018180102","KBSM"
"KBSM","730","Zn66","3.757759882","KBSM"
"KBSM","731","Zn66","9.150035479","KBSM"
"KBSM","732","Zn66","6.167965873","KBSM"
"KBSM","733","Zn66","9.300562267","KBSM"
"KBSM","734","Zn66","7.648421931","KBSM"
"KBSM","735","Zn66","5.375614323","KBSM"
"KBSM","736","Zn66","5.372017648","KBSM"
"KBSM","737","Zn66","8.56722729","KBSM"
"KBSM","738","Zn66","5.071631575","KBSM"
"KBSM","739","Zn66","5.761790022","KBSM"
"KBSM","740","Zn66","5.683730151","KBSM"
"KBSM","742","Zn66","9.737718861","KBSM"
"KBSM","743","Zn66","3.948579031","KBSM"
"KBSM","744","Zn66","5.000899999","KBSM"
"KBSM","745","Zn66","9.897646398","KBSM"
"KBSM","746","Zn66","*","KBSM"
"KBSM","748","Zn66","6.361108367","KBSM"
"KBSM","749","Zn66","6.294349574","KBSM"
"KBSM","750","Zn66","3.973173431","KBSM"
"KBSM","751","Zn66","11.69767794","KBSM"
"KBSM","752","Zn66","5.8042778","KBSM"
"KBSM","753","Zn66","6.756439678","KBSM"
"KBSM","755","Zn66","6.878490109","KBSM"
"KBSM","756","Zn66","4.590117805","KBSM"
"KBSM","757","Zn66","6.529687411","KBSM"
"KBSM","758","Zn66","7.634774073","KBSM"
"KBSM","759","Zn66","4.133840913","KBSM"
"KBSM","760","Zn66","8.16061434","KBSM"
"KBSM","761","Zn66","3.638365792","KBSM"
"KBSM","762","Zn66","*","KBSM"
"KBSM","763","Zn66","4.219983499","KBSM"
"KBSM","764","Zn66","6.948197811","KBSM"
"KBSM","765","Zn66","5.132679291","KBSM"
"KBSM","766","Zn66","9.045032155","KBSM"
"KBSM","767","Zn66","5.516357013","KBSM"
"KBSM","768","Zn66","5.780066456","KBSM"
"KBSM","769","Zn66","*","KBSM"
"KBSM","770","Zn66","7.779293655","KBSM"
"KBSM","771","Zn66","3.32469051","KBSM"
"KBSM","772","Zn66","5.578942519","KBSM"
"KBSM","773","Zn66","5.17888453","KBSM"
"KBSM","774","Zn66","4.264939733","KBSM"
"KBSM","775","Zn66","8.052352636","KBSM"
"KBSM","776","Zn66","4.441590013","KBSM"
"KBSM","777","Zn66","6.865532413","KBSM"
"KBSM","778","Zn66","5.333248725","KBSM"
"KBSM","779","Zn66","4.252649906","KBSM"
"KBSM","780","Zn66","7.335206983","KBSM"
"KBSM","781","Zn66","*","KBSM"
"KBSM","782","Zn66","3.542919765","KBSM"
"KBSM","783","Zn66","6.40899427","KBSM"
"KBSM","784","Zn66","8.628066203","KBSM"
"KBSM","785","Zn66","3.694364037","KBSM"
"KBSM","786","Zn66","2.475483376","KBSM"
"KBSM","787","Zn66","*","KBSM"
"KBSM","788","Zn66","8.268600235","KBSM"
"KBSM","789","Zn66","4.157020471","KBSM"
"KBSM","790","Zn66","4.889459917","KBSM"
"KBSM","792","Zn66","6.169210865","KBSM"
"KBSM","794","Zn66","5.679723439","KBSM"
"KBSM","795","Zn66","5.615243012","KBSM"
"KBSM","796","Zn66","*","KBSM"
"KBSM","797","Zn66","4.631499752","KBSM"
"KBSM","799","Zn66","*","KBSM"
"KBSM","800","Zn66","6.446123033","KBSM"
"KBSM","801","Zn66","6.853583178","KBSM"
"KBSM","802","Zn66","10.00006094","KBSM"
"KBSM","803","Zn66","6.840234142","KBSM"
"KBSM","804","Zn66","6.807024971","KBSM"
"KBSM","805","Zn66","4.074583203","KBSM"
"KBSM","806","Zn66","4.167442764","KBSM"
"KBSM","808","Zn66","5.077495031","KBSM"
"KBSM","809","Zn66","7.723911405","KBSM"
"KBSM","810","Zn66","6.644534403","KBSM"
"KBSM","811","Zn66","6.128743598","KBSM"
"KBSM","812","Zn66","6.277086053","KBSM"
"KBSM","813","Zn66","3.663487808","KBSM"
"KBSM","814","Zn66","13.55697013","KBSM"
"KBSM","815","Zn66","6.202423765","KBSM"
"KBSM","816","Zn66","7.614139241","KBSM"
"KBSM","817","Zn66","*","KBSM"
"KBSM","818","Zn66","8.744772039","KBSM"
"KBSM","819","Zn66","4.561564686","KBSM"
"KBSM","820","Zn66","4.618311863","KBSM"
"KBSM","821","Zn66","5.28103147","KBSM"
"KBSM","822","Zn66","4.574644346","KBSM"
"KBSM","823","Zn66","7.323185619","KBSM"
"KBSM","824","Zn66","5.2815275945","KBSM"
"KBSM","825","Zn66","6.574343072","KBSM"
"PKLE","1","Zn66","13.59004697","PKLE"
"PKLE","2","Zn66","*","PKLE"
"PKLE","3","Zn66","16.58118263","PKLE"
"PKLE","4","Zn66","*","PKLE"
"PKLE","5","Zn66","11.79256081","PKLE"
"PKLE","7","Zn66","*","PKLE"
"PKLE","8","Zn66","24.70171454","PKLE"
"PKLE","9","Zn66","12.34626847","PKLE"
"PKLE","10","Zn66","16.72154957","PKLE"
"PKLE","11","Zn66","20.02596282","PKLE"
"PKLE","12","Zn66","21.35352264","PKLE"
"PKLE","13","Zn66","15.80457816","PKLE"
"PKLE","14","Zn66","21.74018287","PKLE"
"PKLE","15","Zn66","*","PKLE"
"PKLE","16","Zn66","12.55807535","PKLE"
"PKLE","17","Zn66","14.23663782","PKLE"
"PKLE","19","Zn66","14.18079351","PKLE"
"PKLE","20","Zn66","*","PKLE"
"PKLE","21","Zn66","*","PKLE"
"PKLE","22","Zn66","12.9199685","PKLE"
"PKLE","23","Zn66","19.98165996","PKLE"
"PKLE","24","Zn66","*","PKLE"
"PKLE","25","Zn66","*","PKLE"
"PKLE","26","Zn66","19.28605152","PKLE"
"PKLE","27","Zn66","*","PKLE"
"PKLE","28","Zn66","6.672541315","PKLE"
"PKLE","29","Zn66","17.48038866","PKLE"
"PKLE","30","Zn66","13.25618958","PKLE"
"PKLE","31","Zn66","*","PKLE"
"PKLE","32","Zn66","17.58008469","PKLE"
"PKLE","33","Zn66","30.47437136","PKLE"
"PKLE","34","Zn66","*","PKLE"
"PKLE","35","Zn66","8.941921568","PKLE"
"PKLE","36","Zn66","*","PKLE"
"PKLE","37","Zn66","*","PKLE"
"PKLE","38","Zn66","11.9165872","PKLE"
"PKLE","39","Zn66","14.64342145","PKLE"
"PKLE","40","Zn66","23.93641651","PKLE"
"PKLE","41","Zn66","*","PKLE"
"PKLE","42","Zn66","9.353342882","PKLE"
"PKLE","43","Zn66","17.96438418","PKLE"
"PKLE","44","Zn66","17.16335138","PKLE"
"PKLE","46","Zn66","21.1830255","PKLE"
"PKLE","48","Zn66","*","PKLE"
"PKLE","49","Zn66","*","PKLE"
"PKLE","50","Zn66","*","PKLE"
"PKLE","52","Zn66","*","PKLE"
"PKLE","53","Zn66","*","PKLE"
"PKLE","54","Zn66","*","PKLE"
"PKLE","55","Zn66","21.65834706","PKLE"
"PKLE","56","Zn66","19.30225916","PKLE"
"PKLE","57","Zn66","*","PKLE"
"PKLE","59","Zn66","*","PKLE"
"PKLE","60","Zn66","*","PKLE"
"PKLE","61","Zn66","5.951349928","PKLE"
"PKLE","62","Zn66","*","PKLE"
"PKLE","63","Zn66","14.6101555","PKLE"
"PKLE","64","Zn66","*","PKLE"
"PKLE","65","Zn66","*","PKLE"
"PKLE","66","Zn66","35.51870912","PKLE"
"PKLE","67","Zn66","17.96140984","PKLE"
"PKLE","68","Zn66","30.55935749","PKLE"
"PKLE","69","Zn66","32.77864033","PKLE"
"PKLE","70","Zn66","23.97008033","PKLE"
"PKLE","71","Zn66","*","PKLE"
"PKLE","72","Zn66","13.49192993","PKLE"
"PKLE","73","Zn66","*","PKLE"
"PKLE","74","Zn66","16.67360974","PKLE"
"PKLE","75","Zn66","*","PKLE"
"PKLE","76","Zn66","17.62941948","PKLE"
"PKLE","77","Zn66","19.74681628","PKLE"
"PKLE","78","Zn66","11.93302462","PKLE"
"PKLE","79","Zn66","*","PKLE"
"PKLE","80","Zn66","*","PKLE"
"PKLE","81","Zn66","24.34596536","PKLE"
"PKLE","83","Zn66","*","PKLE"
"PKLE","84","Zn66","12.61631634","PKLE"
"PKLE","85","Zn66","*","PKLE"
"PKLE","86","Zn66","12.05462482","PKLE"
"PKLE","87","Zn66","12.47603524","PKLE"
"PKLE","88","Zn66","*","PKLE"
"PKLE","89","Zn66","15.54446721","PKLE"
"PKLE","90","Zn66","20.75938699","PKLE"
"PKLE","91","Zn66","24.86418828","PKLE"
"PKLE","93","Zn66","*","PKLE"
"PKLE","94","Zn66","*","PKLE"
"PKLE","95","Zn66","33.29357406","PKLE"
"PKLE","96","Zn66","*","PKLE"
"PKLE","97","Zn66","16.50190634","PKLE"
"PKLE","99","Zn66","8.881835776","PKLE"
"PKLE","100","Zn66","14.46707528","PKLE"
"PKLE","101","Zn66","11.26824355","PKLE"
"PKLE","102","Zn66","*","PKLE"
"PKLE","103","Zn66","*","PKLE"
"PKLE","104","Zn66","13.43971665","PKLE"
"PKLE","105","Zn66","13.52376827","PKLE"
"PKLE","106","Zn66","18.4685804","PKLE"
"PKLE","107","Zn66","36.28493339","PKLE"
"PKLE","110","Zn66","10.14023866","PKLE"
"PKLE","111","Zn66","15.47206214","PKLE"
"PKLE","112","Zn66","25.15607513","PKLE"
"PKLE","114","Zn66","22.98406925","PKLE"
"PKLE","115","Zn66","8.514381813","PKLE"
"PKLE","116","Zn66","*","PKLE"
"PKLE","117","Zn66","16.60201052","PKLE"
"PKLE","118","Zn66","13.88912792","PKLE"
"PKLE","119","Zn66","14.51219271","PKLE"
"PKLE","120","Zn66","*","PKLE"
"PKLE","122","Zn66","14.67150003","PKLE"
"PKLE","123","Zn66","20.81249023","PKLE"
"PKLE","125","Zn66","24.31679646","PKLE"
"PKLE","126","Zn66","*","PKLE"
"PKLE","127","Zn66","10.79771681","PKLE"
"PKLE","128","Zn66","9.019014854","PKLE"
"PKLE","130","Zn66","25.61594303","PKLE"
"PKLE","131","Zn66","*","PKLE"
"PKLE","132","Zn66","*","PKLE"
"PKLE","134","Zn66","*","PKLE"
"PKLE","135","Zn66","16.25178243","PKLE"
"PKLE","136","Zn66","*","PKLE"
"PKLE","137","Zn66","14.0802644","PKLE"
"PKLE","138","Zn66","12.19332636","PKLE"
"PKLE","139","Zn66","*","PKLE"
"PKLE","141","Zn66","*","PKLE"
"PKLE","142","Zn66","10.73622787","PKLE"
"PKLE","143","Zn66","29.3430144","PKLE"
"PKLE","144","Zn66","*","PKLE"
"PKLE","145","Zn66","17.66510442","PKLE"
"PKLE","146","Zn66","13.4484599","PKLE"
"PKLE","147","Zn66","*","PKLE"
"PKLE","148","Zn66","8.837212302","PKLE"
"PKLE","150","Zn66","*","PKLE"
"PKLE","151","Zn66","25.991206","PKLE"
"PKLE","152","Zn66","*","PKLE"
"PKLE","153","Zn66","8.858966321","PKLE"
"PKLE","154","Zn66","15.59413462","PKLE"
"PKLE","155","Zn66","15.66363618","PKLE"
"PKLE","156","Zn66","16.36221238","PKLE"
"PKLE","157","Zn66","16.29519089","PKLE"
"PKLE","158","Zn66","14.28658072","PKLE"
"PKLE","159","Zn66","*","PKLE"
"PKLE","161","Zn66","17.02235876","PKLE"
"PKLE","163","Zn66","*","PKLE"
"PKLE","164","Zn66","12.16099991","PKLE"
"PKLE","166","Zn66","11.12365122","PKLE"
"PKLE","167","Zn66","26.7432743","PKLE"
"PKLE","168","Zn66","22.99086085","PKLE"
"PKLE","169","Zn66","11.16907562","PKLE"
"PKLE","170","Zn66","15.51117492","PKLE"
"PKLE","171","Zn66","34.7100177","PKLE"
"PKLE","172","Zn66","14.32176494","PKLE"
"PKLE","173","Zn66","11.73663741","PKLE"
"PKLE","174","Zn66","*","PKLE"
"PKLE","175","Zn66","13.31071233","PKLE"
"PKLE","176","Zn66","25.92877054","PKLE"
"PKLE","177","Zn66","34.4956288","PKLE"
"PKLE","178","Zn66","25.13493787","PKLE"
"PKLE","179","Zn66","*","PKLE"
"PKLE","180","Zn66","*","PKLE"
"PKLE","181","Zn66","*","PKLE"
"PKLE","182","Zn66","*","PKLE"
"PKLE","184","Zn66","14.66702965","PKLE"
"PKLE","185","Zn66","27.41576742","PKLE"
"PKLE","186","Zn66","*","PKLE"
"PKLE","187","Zn66","17.29060954","PKLE"
"PKLE","188","Zn66","24.52686359","PKLE"
"PKLE","189","Zn66","*","PKLE"
"PKLE","190","Zn66","*","PKLE"
"PKLE","191","Zn66","10.71706469","PKLE"
"PKLE","192","Zn66","*","PKLE"
"PKLE","193","Zn66","26.98886829","PKLE"
"PKLE","194","Zn66","15.78902052","PKLE"
"PKLE","195","Zn66","18.2650049","PKLE"
"PKLE","196","Zn66","*","PKLE"
"PKLE","197","Zn66","15.24197089","PKLE"
"PKLE","198","Zn66","*","PKLE"
"PKLE","199","Zn66","27.952315","PKLE"
"PKLE","200","Zn66","12.70448808","PKLE"
"PKLE","201","Zn66","*","PKLE"
"PKLE","203","Zn66","11.38501075","PKLE"
"PKLE","204","Zn66","12.68075321","PKLE"
"PKLE","205","Zn66","*","PKLE"
"PKLE","207","Zn66","21.15609847","PKLE"
"PKLE","208","Zn66","9.811496029","PKLE"
"PKLE","209","Zn66","10.26425737","PKLE"
"PKLE","210","Zn66","19.51781317","PKLE"
"PKLE","211","Zn66","*","PKLE"
"PKLE","212","Zn66","*","PKLE"
"PKLE","213","Zn66","10.00601062","PKLE"
"PKLE","214","Zn66","23.79899225","PKLE"
"PKLE","215","Zn66","12.46740136","PKLE"
"PKLE","216","Zn66","33.30652497","PKLE"
"PKLE","217","Zn66","16.69213912","PKLE"
"PKLE","218","Zn66","*","PKLE"
"PKLE","219","Zn66","*","PKLE"
"PKLE","220","Zn66","17.23833576","PKLE"
"PKLE","221","Zn66","21.60839229","PKLE"
"PKLE","222","Zn66","14.80279697","PKLE"
"PKLE","223","Zn66","*","PKLE"
"PKLE","224","Zn66","11.16137542","PKLE"
"PKLE","225","Zn66","19.70854706","PKLE"
"PKLE","226","Zn66","*","PKLE"
"PKLE","227","Zn66","19.27264856","PKLE"
"PKLE","228","Zn66","*","PKLE"
"PKLE","229","Zn66","18.4800481","PKLE"
"PKLE","230","Zn66","*","PKLE"
"PKLE","231","Zn66","22.27427403","PKLE"
"PKLE","232","Zn66","*","PKLE"
"PKLE","233","Zn66","*","PKLE"
"PKLE","234","Zn66","15.20746845","PKLE"
"PKLE","235","Zn66","16.71446655","PKLE"
"PKLE","236","Zn66","11.56898674","PKLE"
"PKLE","237","Zn66","27.99563986","PKLE"
"PKLE","238","Zn66","*","PKLE"
"PKLE","239","Zn66","11.86558735","PKLE"
"PKLE","240","Zn66","*","PKLE"
"PKLE","241","Zn66","*","PKLE"
"PKLE","242","Zn66","21.99004801","PKLE"
"PKLE","243","Zn66","22.66173612","PKLE"
"PKLE","244","Zn66","29.49345294","PKLE"
"PKLE","245","Zn66","21.68774328","PKLE"
"PKLE","246","Zn66","13.37810696","PKLE"
"PKLE","247","Zn66","*","PKLE"
"PKLE","248","Zn66","*","PKLE"
"PKLE","249","Zn66","11.1087367","PKLE"
"PKLE","250","Zn66","16.99178547","PKLE"
"PKLE","251","Zn66","*","PKLE"
"PKLE","252","Zn66","15.09062091","PKLE"
"PKLE","253","Zn66","*","PKLE"
"PKLE","254","Zn66","23.19395768","PKLE"
"PKLE","255","Zn66","11.61685493","PKLE"
"PKLE","256","Zn66","10.83136865","PKLE"
"PKLE","257","Zn66","20.35722851","PKLE"
"PKLE","258","Zn66","*","PKLE"
"PKLE","259","Zn66","14.0034667","PKLE"
"PKLE","260","Zn66","23.45246206","PKLE"
"PKLE","261","Zn66","7.958690493","PKLE"
"PKLE","262","Zn66","*","PKLE"
"PKLE","263","Zn66","*","PKLE"
"PKLE","264","Zn66","*","PKLE"
"PKLE","265","Zn66","17.77007155","PKLE"
"PKLE","267","Zn66","21.16533587","PKLE"
"PKLE","268","Zn66","*","PKLE"
"PKLE","269","Zn66","*","PKLE"
"PKLE","270","Zn66","14.64217911","PKLE"
"PKLE","271","Zn66","*","PKLE"
"PKLE","272","Zn66","26.97367632","PKLE"
"PKLE","273","Zn66","15.73462048","PKLE"
"PKLE","274","Zn66","14.38594384","PKLE"
"PKLE","275","Zn66","11.56953009","PKLE"
"PKLE","276","Zn66","*","PKLE"
"PKLE","277","Zn66","23.22621869","PKLE"
"PKLE","278","Zn66","*","PKLE"
"PKLE","279","Zn66","14.65870123","PKLE"
"PKLE","281","Zn66","24.93692311","PKLE"
"PKLE","282","Zn66","*","PKLE"
"PKLE","283","Zn66","*","PKLE"
"PKLE","284","Zn66","21.32355169","PKLE"
"PKLE","285","Zn66","*","PKLE"
"PKLE","286","Zn66","14.91499396","PKLE"
"PKLE","287","Zn66","16.45897703","PKLE"
"PKLE","288","Zn66","*","PKLE"
"PKLE","289","Zn66","10.26401121","PKLE"
"PKLE","290","Zn66","*","PKLE"
"PKLE","292","Zn66","21.26914283","PKLE"
"PKLE","293","Zn66","19.8046902","PKLE"
"PKLE","294","Zn66","*","PKLE"
"PKLE","296","Zn66","18.52163231","PKLE"
"PKLE","297","Zn66","16.07644221","PKLE"
"PKLE","298","Zn66","*","PKLE"
"PKLE","299","Zn66","*","PKLE"
"PKLE","300","Zn66","*","PKLE"
"PKLE","301","Zn66","27.45622278","PKLE"
"PKLE","302","Zn66","20.30615894","PKLE"
"PKLE","303","Zn66","13.86925451","PKLE"
"PKLE","304","Zn66","14.52589117","PKLE"
"PKLE","305","Zn66","32.04157633","PKLE"
"PKLE","306","Zn66","*","PKLE"
"PKLE","307","Zn66","15.04230678","PKLE"
"PKLE","308","Zn66","*","PKLE"
"PKLE","310","Zn66","*","PKLE"
"PKLE","311","Zn66","10.72374669","PKLE"
"PKLE","312","Zn66","8.741935454","PKLE"
"PKLE","313","Zn66","22.95666011","PKLE"
"PKLE","314","Zn66","21.78143171","PKLE"
"PKLE","315","Zn66","22.4044244","PKLE"
"PKLE","317","Zn66","21.48715432","PKLE"
"PKLE","318","Zn66","16.95288345","PKLE"
"PKLE","319","Zn66","*","PKLE"
"PKLE","320","Zn66","*","PKLE"
"PKLE","322","Zn66","14.26598661","PKLE"
"PKLE","323","Zn66","16.58427644","PKLE"
"PKLE","324","Zn66","13.34896019","PKLE"
"PKLE","325","Zn66","10.39564596","PKLE"
"PKLE","326","Zn66","*","PKLE"
"PKLE","328","Zn66","11.83052794","PKLE"
"PKLE","330","Zn66","29.11753991","PKLE"
"PKLE","332","Zn66","25.47960395","PKLE"
"PKLE","333","Zn66","13.02611949","PKLE"
"PKLE","334","Zn66","24.63263801","PKLE"
"PKLE","335","Zn66","14.40281325","PKLE"
"PKLE","336","Zn66","18.01164652","PKLE"
"PKLE","337","Zn66","23.44506364","PKLE"
"PKLE","338","Zn66","12.38643194","PKLE"
"PKLE","339","Zn66","11.87820336","PKLE"
"PKLE","341","Zn66","24.18753823","PKLE"
"PKLE","342","Zn66","27.37209529","PKLE"
"PKLE","343","Zn66","16.60636098","PKLE"
"PKLE","345","Zn66","9.993152004","PKLE"
"PKLE","346","Zn66","8.313189829","PKLE"
"PKLE","347","Zn66","*","PKLE"
"PKLE","349","Zn66","19.98152077","PKLE"
"PKLE","350","Zn66","14.35585103","PKLE"
"PKLE","352","Zn66","13.7757281","PKLE"
"PKLE","353","Zn66","16.42206816","PKLE"
"PKLE","354","Zn66","13.56676679","PKLE"
"PKLE","355","Zn66","*","PKLE"
"PKLE","356","Zn66","23.53145404","PKLE"
"PKLE","358","Zn66","12.99689393","PKLE"
"PKLE","359","Zn66","*","PKLE"
"PKLE","360","Zn66","17.71676791","PKLE"
"PKLE","361","Zn66","12.28788912","PKLE"
"PKLE","363","Zn66","10.26421347","PKLE"
"PKLE","364","Zn66","22.46793397","PKLE"
"PKLE","365","Zn66","12.30008705","PKLE"
"PKLE","366","Zn66","9.433966122","PKLE"
"PKLE","367","Zn66","36.83949931","PKLE"
"PKLE","368","Zn66","19.54622205","PKLE"
"PKLE","369","Zn66","16.1824681","PKLE"
"PKLE","370","Zn66","18.29596445","PKLE"
"PKLE","371","Zn66","36.36980974","PKLE"
"PKLE","372","Zn66","27.05574836","PKLE"
"PKLE","373","Zn66","24.57889026","PKLE"
"PKLE","374","Zn66","25.84807333","PKLE"
"PKLE","375","Zn66","*","PKLE"
"PKLE","377","Zn66","*","PKLE"
"PKLE","378","Zn66","23.49906546","PKLE"
"PKLE","379","Zn66","18.74520502","PKLE"
"PKLE","380","Zn66","11.40394959","PKLE"
"PKLE","381","Zn66","18.10111277","PKLE"
"PKLE","382","Zn66","13.58927519","PKLE"
"PKLE","383","Zn66","13.16643053","PKLE"
"PKLE","384","Zn66","23.05434237","PKLE"
"PKLE","386","Zn66","19.09347218","PKLE"
"PKLE","388","Zn66","10.27796089","PKLE"
"PKLE","389","Zn66","15.57746697","PKLE"
"PKLE","390","Zn66","12.74053084","PKLE"
"PKLE","391","Zn66","10.03859557","PKLE"
"PKLE","392","Zn66","*","PKLE"
"PKLE","393","Zn66","*","PKLE"
"PKLE","394","Zn66","*","PKLE"
"PKLE","395","Zn66","17.41677958","PKLE"
"PKLE","396","Zn66","*","PKLE"
"PKLE","397","Zn66","16.01560954","PKLE"
"PKLE","398","Zn66","*","PKLE"
"PKLE","399","Zn66","15.58463617","PKLE"
"PKLE","400","Zn66","24.85882981","PKLE"
"PKLE","402","Zn66","26.68056597","PKLE"
"PKLE","403","Zn66","*","PKLE"
"PKLE","404","Zn66","12.27824142","PKLE"
"PKLE","405","Zn66","21.61411727","PKLE"
"PKLE","406","Zn66","14.19405397","PKLE"
"PKLE","407","Zn66","18.42042425","PKLE"
"PKLE","408","Zn66","18.84040974","PKLE"
"PKLE","409","Zn66","15.66118761","PKLE"
"PKLE","410","Zn66","16.49552375","PKLE"
"PKLE","411","Zn66","19.79845812","PKLE"
"PKLE","412","Zn66","8.597341942","PKLE"
"PKLE","413","Zn66","15.01611579","PKLE"
"PKLE","414","Zn66","7.438854794","PKLE"
"PKLE","415","Zn66","12.09233516","PKLE"
"PKLE","416","Zn66","18.58974864","PKLE"
"PKLE","417","Zn66","16.48009155","PKLE"
"PKLE","418","Zn66","*","PKLE"
"PKLE","419","Zn66","*","PKLE"
"PKLE","420","Zn66","*","PKLE"
"PKLE","421","Zn66","*","PKLE"
"PKLE","422","Zn66","24.25790422","PKLE"
"PKLE","423","Zn66","*","PKLE"
"PKLE","424","Zn66","12.59704881","PKLE"
"PKLE","425","Zn66","*","PKLE"
"PKLE","426","Zn66","13.40744511","PKLE"
"PKLE","427","Zn66","*","PKLE"
"PKLE","428","Zn66","18.4740727","PKLE"
"PKLE","429","Zn66","13.34605826","PKLE"
"PKLE","431","Zn66","*","PKLE"
"PKLE","432","Zn66","*","PKLE"
"PKLE","433","Zn66","9.05537868","PKLE"
"PKLE","435","Zn66","14.90258592","PKLE"
"PKLE","436","Zn66","11.23638889","PKLE"
"PKLE","437","Zn66","20.25822065","PKLE"
"PKLE","438","Zn66","6.920059936","PKLE"
"PKLE","439","Zn66","16.5861768","PKLE"
"PKLE","440","Zn66","8.715818887","PKLE"
"PKLE","442","Zn66","18.24851315","PKLE"
"PKLE","443","Zn66","15.89326163","PKLE"
"PKLE","444","Zn66","22.23217252","PKLE"
"PKLE","445","Zn66","17.96604364","PKLE"
"PKLE","446","Zn66","*","PKLE"
"PKLE","447","Zn66","15.85309151","PKLE"
"PKLE","448","Zn66","20.2771548","PKLE"
"PKLE","449","Zn66","29.17627539","PKLE"
"PKLE","450","Zn66","21.54746157","PKLE"
"PKLE","451","Zn66","8.258852341","PKLE"
"PKLE","452","Zn66","24.03921113","PKLE"
"PKLE","453","Zn66","22.07594839","PKLE"
"PKLE","454","Zn66","*","PKLE"
"PKLE","455","Zn66","13.604639","PKLE"
"PKLE","456","Zn66","21.6842832","PKLE"
"PKLE","458","Zn66","32.41460782","PKLE"
"PKLE","459","Zn66","35.19994896","PKLE"
"PKLE","460","Zn66","16.4155946","PKLE"
"PKLE","461","Zn66","15.53121497","PKLE"
"PKLE","462","Zn66","8.53210079","PKLE"
"PKLE","463","Zn66","12.9525872185","PKLE"
"PKLE","464","Zn66","20.02212025","PKLE"
"PKLE","465","Zn66","*","PKLE"
"PKLE","466","Zn66","15.69141153","PKLE"
"PKLE","467","Zn66","*","PKLE"
"PKLE","468","Zn66","8.117560379","PKLE"
"PKLE","469","Zn66","30.16471156","PKLE"
"PKLE","470","Zn66","14.47649901","PKLE"
"PKLE","471","Zn66","17.849713","PKLE"
"PKLE","472","Zn66","*","PKLE"
"PKLE","473","Zn66","19.15944158","PKLE"
"PKLE","474","Zn66","*","PKLE"
"PKLE","475","Zn66","16.95090473","PKLE"
"PKLE","476","Zn66","19.75032051","PKLE"
"PKLE","477","Zn66","22.84604001","PKLE"
"PKLE","479","Zn66","12.83727188","PKLE"
"PKLE","480","Zn66","13.47946468","PKLE"
"PKLE","482","Zn66","16.23940652","PKLE"
"PKLE","483","Zn66","17.41325813","PKLE"
"PKLE","484","Zn66","24.47572691","PKLE"
"PKLE","485","Zn66","13.33494534","PKLE"
"PKLE","486","Zn66","17.55788594","PKLE"
"PKLE","487","Zn66","14.640686755","PKLE"
"PKLE","488","Zn66","20.15661603","PKLE"
"PKLE","489","Zn66","22.16100422","PKLE"
"PKLE","491","Zn66","19.90201896","PKLE"
"PKLE","492","Zn66","16.17598207","PKLE"
"PKLE","493","Zn66","*","PKLE"
"PKLE","494","Zn66","27.8852398","PKLE"
"PKLE","495","Zn66","26.2662503","PKLE"
"PKLE","496","Zn66","30.27388799","PKLE"
"PKLE","497","Zn66","*","PKLE"
"PKLE","498","Zn66","13.24063182","PKLE"
"PKLE","499","Zn66","33.72480716","PKLE"
"PKLE","500","Zn66","11.19010498","PKLE"
"PKLE","501","Zn66","27.41436333","PKLE"
"PKLE","502","Zn66","23.41379094","PKLE"
"PKLE","503","Zn66","15.28492386","PKLE"
"PKLE","504","Zn66","16.57563757","PKLE"
"PKLE","505","Zn66","*","PKLE"
"PKLE","506","Zn66","22.82436576","PKLE"
"PKLE","507","Zn66","22.09766483","PKLE"
"PKLE","508","Zn66","13.74004918","PKLE"
"PKLE","511","Zn66","16.33405034","PKLE"
"PKLE","512","Zn66","15.09803213","PKLE"
"PKLE","513","Zn66","31.46362762","PKLE"
"PKLE","514","Zn66","15.81172375","PKLE"
"PKLE","515","Zn66","15.30855717","PKLE"
"PKLE","516","Zn66","17.7392685","PKLE"
"PKLE","518","Zn66","9.630728546","PKLE"
"PKLE","519","Zn66","*","PKLE"
"PKLE","520","Zn66","25.43817338","PKLE"
"PKLE","521","Zn66","28.31545673","PKLE"
"PKLE","522","Zn66","16.6407251","PKLE"
"PKLE","523","Zn66","21.09658235","PKLE"
"PKLE","524","Zn66","22.38670438","PKLE"
"PKLE","525","Zn66","17.41289861","PKLE"
"PKLE","526","Zn66","17.17886668","PKLE"
"PKLE","527","Zn66","23.42581008","PKLE"
"PKLE","529","Zn66","19.95150781","PKLE"
"PKLE","530","Zn66","24.20153697","PKLE"
"PKLE","531","Zn66","15.3859468","PKLE"
"PKLE","532","Zn66","18.93841753","PKLE"
"PKLE","533","Zn66","5.200602765","PKLE"
"PKLE","534","Zn66","20.51470278","PKLE"
"PKLE","535","Zn66","16.8332477","PKLE"
"PKLE","536","Zn66","9.468266317","PKLE"
"PKLE","537","Zn66","10.72276481","PKLE"
"PKLE","539","Zn66","12.23340545","PKLE"
"PKLE","540","Zn66","13.59792641","PKLE"
"PKLE","541","Zn66","24.10404953","PKLE"
"PKLE","542","Zn66","9.58110042","PKLE"
"PKLE","544","Zn66","17.02293043","PKLE"
"PKLE","545","Zn66","18.68952651","PKLE"
"PKLE","546","Zn66","24.49593615","PKLE"
"PKLE","547","Zn66","13.56840974","PKLE"
"PKLE","548","Zn66","22.95736559","PKLE"
"PKLE","549","Zn66","*","PKLE"
"PKLE","551","Zn66","28.2087086","PKLE"
"PKLE","552","Zn66","12.31654681","PKLE"
"PKLE","553","Zn66","*","PKLE"
"PKLE","555","Zn66","9.861047532","PKLE"
"PKLE","556","Zn66","27.49628012","PKLE"
"PKLE","557","Zn66","*","PKLE"
"PKLE","558","Zn66","15.68142364","PKLE"
"PKLE","559","Zn66","14.37018522","PKLE"
"PKLE","560","Zn66","16.3391765","PKLE"
"PKLE","562","Zn66","19.59978089","PKLE"
"PKLE","563","Zn66","29.07502428","PKLE"
"PKLE","564","Zn66","*","PKLE"
"PKLE","565","Zn66","*","PKLE"
"PKLE","566","Zn66","31.50647033","PKLE"
"PKLE","567","Zn66","*","PKLE"
"PKLE","569","Zn66","25.17634034","PKLE"
"PKLE","570","Zn66","*","PKLE"
"PKLE","571","Zn66","*","PKLE"
"PKLE","572","Zn66","13.81683253","PKLE"
"PKLE","573","Zn66","20.05028074","PKLE"
"PKLE","574","Zn66","15.47756571","PKLE"
"PKLE","576","Zn66","13.31340689","PKLE"
"PKLE","577","Zn66","20.74278127","PKLE"
"PKLE","578","Zn66","14.36421086","PKLE"
"PKLE","579","Zn66","*","PKLE"
"PKLE","580","Zn66","19.58799698","PKLE"
"PKLE","581","Zn66","15.74021104","PKLE"
"PKLE","583","Zn66","11.91287403","PKLE"
"PKLE","584","Zn66","*","PKLE"
"PKLE","585","Zn66","15.20332233","PKLE"
"PKLE","586","Zn66","17.34271481","PKLE"
"PKLE","588","Zn66","*","PKLE"
"PKLE","589","Zn66","20.19174852","PKLE"
"PKLE","592","Zn66","22.17894244","PKLE"
"PKLE","593","Zn66","27.81366737","PKLE"
"PKLE","594","Zn66","22.13482634","PKLE"
"PKLE","595","Zn66","19.40146391","PKLE"
"PKLE","596","Zn66","10.26721197","PKLE"
"PKLE","597","Zn66","*","PKLE"
"PKLE","598","Zn66","13.71832471","PKLE"
"PKLE","599","Zn66","12.564601575","PKLE"
"PKLE","600","Zn66","17.38274877","PKLE"
"PKLE","601","Zn66","*","PKLE"
"PKLE","602","Zn66","19.74943605","PKLE"
"PKLE","603","Zn66","16.9914111","PKLE"
"PKLE","604","Zn66","21.27854488","PKLE"
"PKLE","605","Zn66","8.844495591","PKLE"
"PKLE","606","Zn66","22.84840258","PKLE"
"PKLE","608","Zn66","16.14480015","PKLE"
"PKLE","609","Zn66","*","PKLE"
"PKLE","610","Zn66","5.720170253","PKLE"
"PKLE","611","Zn66","*","PKLE"
"PKLE","612","Zn66","14.20489964","PKLE"
"PKLE","613","Zn66","19.3325117","PKLE"
"PKLE","614","Zn66","16.37824018","PKLE"
"PKLE","618","Zn66","9.006398529","PKLE"
"PKLE","619","Zn66","12.88425369","PKLE"
"PKLE","620","Zn66","26.09946904","PKLE"
"PKLE","621","Zn66","*","PKLE"
"PKLE","622","Zn66","21.9751425","PKLE"
"PKLE","623","Zn66","*","PKLE"
"PKLE","624","Zn66","16.36969145","PKLE"
"PKLE","625","Zn66","*","PKLE"
"PKLE","627","Zn66","9.312709809","PKLE"
"PKLE","628","Zn66","13.01896428","PKLE"
"PKLE","629","Zn66","15.77720985","PKLE"
"PKLE","630","Zn66","*","PKLE"
"PKLE","632","Zn66","*","PKLE"
"PKLE","633","Zn66","10.4755064","PKLE"
"PKLE","634","Zn66","10.87899665","PKLE"
"PKLE","635","Zn66","15.31633352","PKLE"
"PKLE","636","Zn66","11.76400626","PKLE"
"PKLE","637","Zn66","18.08161572","PKLE"
"PKLE","638","Zn66","15.91519432","PKLE"
"PKLE","639","Zn66","20.61516087","PKLE"
"PKLE","640","Zn66","23.21673723","PKLE"
"PKLE","641","Zn66","31.4967359","PKLE"
"PKLE","642","Zn66","9.984002549","PKLE"
"PKLE","643","Zn66","11.86469745","PKLE"
"PKLE","644","Zn66","16.84888231","PKLE"
"PKLE","645","Zn66","*","PKLE"
"PKLE","647","Zn66","*","PKLE"
"PKLE","648","Zn66","21.62823322","PKLE"
"PKLE","649","Zn66","21.90661879","PKLE"
"PKLE","652","Zn66","*","PKLE"
"PKLE","654","Zn66","28.58254259","PKLE"
"PKLE","655","Zn66","23.0571507","PKLE"
"PKLE","656","Zn66","23.14860864","PKLE"
"PKLE","657","Zn66","33.19149513","PKLE"
"PKLE","658","Zn66","16.98860914","PKLE"
"PKLE","660","Zn66","9.074879093","PKLE"
"PKLE","661","Zn66","28.20643268","PKLE"
"PKLE","663","Zn66","10.90238737","PKLE"
"PKLE","664","Zn66","*","PKLE"
"PKLE","666","Zn66","29.23167497","PKLE"
"PKLE","667","Zn66","28.31163079","PKLE"
"PKLE","668","Zn66","13.17741955","PKLE"
"PKLE","669","Zn66","11.0505201","PKLE"
"PKLE","670","Zn66","13.34537834","PKLE"
"PKLE","671","Zn66","*","PKLE"
"PKLE","672","Zn66","16.16334987","PKLE"
"PKLE","673","Zn66","23.40285674","PKLE"
"PKLE","674","Zn66","17.65862912","PKLE"
"PKLE","675","Zn66","*","PKLE"
"PKLE","677","Zn66","*","PKLE"
"PKLE","679","Zn66","15.57363109","PKLE"
"PKLE","680","Zn66","13.29297544","PKLE"
"PKLE","681","Zn66","17.78853487","PKLE"
"PKLE","682","Zn66","11.39673925","PKLE"
"PKLE","683","Zn66","19.60752965","PKLE"
"PKLE","684","Zn66","12.94495284","PKLE"
"PKLE","685","Zn66","22.22758484","PKLE"
"PKLE","686","Zn66","9.799994094","PKLE"
"PKLE","689","Zn66","10.84378601","PKLE"
"PKLE","690","Zn66","16.47316244","PKLE"
"PKLE","691","Zn66","29.7421547","PKLE"
"PKLE","692","Zn66","9.54119603","PKLE"
"PKLE","693","Zn66","*","PKLE"
"PKLE","694","Zn66","*","PKLE"
"PKLE","695","Zn66","12.91484568","PKLE"
"PKLE","696","Zn66","19.31995216","PKLE"
"PKLE","697","Zn66","17.11427156","PKLE"
"PKLE","698","Zn66","33.88416161","PKLE"
"PKLE","699","Zn66","24.8213534","PKLE"
"PKLE","700","Zn66","*","PKLE"
"PKLE","702","Zn66","10.3434799","PKLE"
"PKLE","703","Zn66","11.51999513","PKLE"
"PKLE","704","Zn66","21.88084669","PKLE"
"PKLE","705","Zn66","14.67367392","PKLE"
"PKLE","706","Zn66","12.32311382","PKLE"
"PKLE","707","Zn66","*","PKLE"
"PKLE","710","Zn66","25.06952002","PKLE"
"PKLE","711","Zn66","20.38593162","PKLE"
"PKLE","712","Zn66","10.04507274","PKLE"
"PKLE","713","Zn66","9.933971849","PKLE"
"PKLE","714","Zn66","20.49371336","PKLE"
"PKLE","715","Zn66","10.34719225","PKLE"
"PKLE","716","Zn66","8.138217807","PKLE"
"PKLE","718","Zn66","27.14705352","PKLE"
"PKLE","719","Zn66","8.872358963","PKLE"
"PKLE","720","Zn66","25.55080227","PKLE"
"PKLE","721","Zn66","7.661652648","PKLE"
"PKLE","722","Zn66","24.74957474","PKLE"
"PKLE","723","Zn66","6.088751773","PKLE"
"PKLE","724","Zn66","*","PKLE"
"PKLE","725","Zn66","15.86392738","PKLE"
"PKLE","726","Zn66","*","PKLE"
"PKLE","729","Zn66","10.71699514","PKLE"
"PKLE","730","Zn66","10.79568102","PKLE"
"PKLE","731","Zn66","*","PKLE"
"PKLE","732","Zn66","16.70956579","PKLE"
"PKLE","733","Zn66","21.23145484","PKLE"
"PKLE","734","Zn66","*","PKLE"
"PKLE","735","Zn66","15.45578756","PKLE"
"PKLE","736","Zn66","34.98779381","PKLE"
"PKLE","737","Zn66","11.77309488","PKLE"
"PKLE","738","Zn66","22.67084999","PKLE"
"PKLE","739","Zn66","17.55555991","PKLE"
"PKLE","740","Zn66","16.23231062","PKLE"
"PKLE","742","Zn66","14.67475818","PKLE"
"PKLE","743","Zn66","*","PKLE"
"PKLE","744","Zn66","*","PKLE"
"PKLE","745","Zn66","24.82779282","PKLE"
"PKLE","746","Zn66","*","PKLE"
"PKLE","748","Zn66","24.8410573","PKLE"
"PKLE","749","Zn66","16.2070916","PKLE"
"PKLE","750","Zn66","33.09382055","PKLE"
"PKLE","751","Zn66","29.68778112","PKLE"
"PKLE","752","Zn66","22.16764971","PKLE"
"PKLE","753","Zn66","*","PKLE"
"PKLE","755","Zn66","22.17484514","PKLE"
"PKLE","756","Zn66","25.00508519","PKLE"
"PKLE","757","Zn66","*","PKLE"
"PKLE","758","Zn66","11.81948039","PKLE"
"PKLE","759","Zn66","10.98720449","PKLE"
"PKLE","760","Zn66","*","PKLE"
"PKLE","761","Zn66","*","PKLE"
"PKLE","762","Zn66","11.25864629","PKLE"
"PKLE","763","Zn66","*","PKLE"
"PKLE","764","Zn66","10.21501605","PKLE"
"PKLE","765","Zn66","17.72550614","PKLE"
"PKLE","766","Zn66","11.7509484","PKLE"
"PKLE","767","Zn66","13.11736367","PKLE"
"PKLE","768","Zn66","20.98443178","PKLE"
"PKLE","769","Zn66","20.93002645","PKLE"
"PKLE","770","Zn66","34.05927833","PKLE"
"PKLE","771","Zn66","12.0569961","PKLE"
"PKLE","772","Zn66","13.29694443","PKLE"
"PKLE","773","Zn66","26.12967688","PKLE"
"PKLE","774","Zn66","16.06192317","PKLE"
"PKLE","775","Zn66","23.63053825","PKLE"
"PKLE","776","Zn66","15.16636203","PKLE"
"PKLE","777","Zn66","8.40110808","PKLE"
"PKLE","778","Zn66","14.64275341","PKLE"
"PKLE","779","Zn66","*","PKLE"
"PKLE","780","Zn66","21.22176089","PKLE"
"PKLE","781","Zn66","15.73839091","PKLE"
"PKLE","782","Zn66","23.72717005","PKLE"
"PKLE","783","Zn66","12.24160889","PKLE"
"PKLE","784","Zn66","9.708165619","PKLE"
"PKLE","785","Zn66","11.28262797","PKLE"
"PKLE","786","Zn66","16.96649219","PKLE"
"PKLE","787","Zn66","*","PKLE"
"PKLE","788","Zn66","29.5738582","PKLE"
"PKLE","789","Zn66","6.356657427","PKLE"
"PKLE","790","Zn66","36.62437216","PKLE"
"PKLE","792","Zn66","15.49571391","PKLE"
"PKLE","794","Zn66","11.11639428","PKLE"
"PKLE","795","Zn66","18.47802307","PKLE"
"PKLE","796","Zn66","13.36729786","PKLE"
"PKLE","797","Zn66","*","PKLE"
"PKLE","799","Zn66","24.42397272","PKLE"
"PKLE","800","Zn66","*","PKLE"
"PKLE","801","Zn66","17.27656343","PKLE"
"PKLE","802","Zn66","*","PKLE"
"PKLE","803","Zn66","13.73454629","PKLE"
"PKLE","804","Zn66","24.67585942","PKLE"
"PKLE","805","Zn66","*","PKLE"
"PKLE","806","Zn66","15.23836831","PKLE"
"PKLE","808","Zn66","15.10949731","PKLE"
"PKLE","809","Zn66","9.943478193","PKLE"
"PKLE","810","Zn66","17.65795975","PKLE"
"PKLE","811","Zn66","16.35291327","PKLE"
"PKLE","812","Zn66","*","PKLE"
"PKLE","813","Zn66","18.02786332","PKLE"
"PKLE","814","Zn66","*","PKLE"
"PKLE","815","Zn66","11.08640289","PKLE"
"PKLE","816","Zn66","15.25832758","PKLE"
"PKLE","817","Zn66","*","PKLE"
"PKLE","818","Zn66","*","PKLE"
"PKLE","819","Zn66","*","PKLE"
"PKLE","820","Zn66","*","PKLE"
"PKLE","821","Zn66","24.35890895","PKLE"
"PKLE","822","Zn66","15.7956579","PKLE"
"PKLE","823","Zn66","*","PKLE"
"PKLE","824","Zn66","*","PKLE"
"PKLE","825","Zn66","12.5831728","PKLE"
