"SITE","LINE","traits","Al27","SITE2"
"CLMB","1","Al27","66.69031383","CLMB"
"CLMB","2","Al27","56.06502064","CLMB"
"CLMB","3","Al27","72.54418918","CLMB"
"CLMB","4","Al27","80.12595019","CLMB"
"CLMB","5","Al27","81.18737127","CLMB"
"CLMB","7","Al27","60.3777703","CLMB"
"CLMB","8","Al27","*","CLMB"
"CLMB","9","Al27","69.35645798","CLMB"
"CLMB","10","Al27","*","CLMB"
"CLMB","11","Al27","62.32777343","CLMB"
"CLMB","12","Al27","73.22987901","CLMB"
"CLMB","13","Al27","113.2508481","CLMB"
"CLMB","14","Al27","*","CLMB"
"CLMB","15","Al27","52.84617652","CLMB"
"CLMB","16","Al27","*","CLMB"
"CLMB","17","Al27","59.3221933","CLMB"
"CLMB","18","Al27","*","CLMB"
"CLMB","19","Al27","64.26421995","CLMB"
"CLMB","20","Al27","55.11315021","CLMB"
"CLMB","21","Al27","60.63908646","CLMB"
"CLMB","22","Al27","*","CLMB"
"CLMB","23","Al27","85.40380655","CLMB"
"CLMB","24","Al27","72.93117709","CLMB"
"CLMB","25","Al27","77.73565481","CLMB"
"CLMB","26","Al27","88.10274066","CLMB"
"CLMB","27","Al27","72.36240316","CLMB"
"CLMB","28","Al27","55.0063392","CLMB"
"CLMB","29","Al27","*","CLMB"
"CLMB","30","Al27","62.41425159","CLMB"
"CLMB","31","Al27","*","CLMB"
"CLMB","32","Al27","70.13468388","CLMB"
"CLMB","33","Al27","98.21654966","CLMB"
"CLMB","34","Al27","*","CLMB"
"CLMB","35","Al27","70.80001455","CLMB"
"CLMB","36","Al27","122.2549164","CLMB"
"CLMB","37","Al27","53.76326303","CLMB"
"CLMB","38","Al27","68.41330053","CLMB"
"CLMB","39","Al27","86.95810677","CLMB"
"CLMB","40","Al27","88.5151879","CLMB"
"CLMB","41","Al27","64.27588433","CLMB"
"CLMB","42","Al27","*","CLMB"
"CLMB","43","Al27","79.01816107","CLMB"
"CLMB","44","Al27","62.19490499","CLMB"
"CLMB","46","Al27","85.57444916","CLMB"
"CLMB","48","Al27","74.3303273","CLMB"
"CLMB","49","Al27","90.90712366","CLMB"
"CLMB","50","Al27","57.08591766","CLMB"
"CLMB","52","Al27","64.84521917","CLMB"
"CLMB","53","Al27","82.66169126","CLMB"
"CLMB","54","Al27","67.82789157","CLMB"
"CLMB","55","Al27","60.57825458","CLMB"
"CLMB","56","Al27","*","CLMB"
"CLMB","57","Al27","70.8314097","CLMB"
"CLMB","58","Al27","*","CLMB"
"CLMB","59","Al27","76.83193639","CLMB"
"CLMB","60","Al27","50.5532931","CLMB"
"CLMB","61","Al27","79.18930231","CLMB"
"CLMB","62","Al27","90.46646455","CLMB"
"CLMB","63","Al27","69.03293261","CLMB"
"CLMB","64","Al27","*","CLMB"
"CLMB","65","Al27","65.08338004","CLMB"
"CLMB","66","Al27","64.58256563","CLMB"
"CLMB","67","Al27","46.71912606","CLMB"
"CLMB","68","Al27","81.75543305","CLMB"
"CLMB","69","Al27","60.75348557","CLMB"
"CLMB","70","Al27","*","CLMB"
"CLMB","71","Al27","128.9104538","CLMB"
"CLMB","72","Al27","63.15149156","CLMB"
"CLMB","73","Al27","66.73702385","CLMB"
"CLMB","74","Al27","62.17785947","CLMB"
"CLMB","75","Al27","63.32265082","CLMB"
"CLMB","76","Al27","71.05000201","CLMB"
"CLMB","77","Al27","*","CLMB"
"CLMB","78","Al27","51.59781289","CLMB"
"CLMB","79","Al27","85.1729804","CLMB"
"CLMB","80","Al27","*","CLMB"
"CLMB","81","Al27","*","CLMB"
"CLMB","83","Al27","96.6917805","CLMB"
"CLMB","84","Al27","*","CLMB"
"CLMB","85","Al27","60.8181522","CLMB"
"CLMB","86","Al27","98.35710462","CLMB"
"CLMB","87","Al27","91.50574987","CLMB"
"CLMB","88","Al27","79.93905816","CLMB"
"CLMB","89","Al27","82.11333312","CLMB"
"CLMB","90","Al27","81.28853796","CLMB"
"CLMB","91","Al27","64.66657912","CLMB"
"CLMB","93","Al27","72.91174963","CLMB"
"CLMB","94","Al27","69.39323153","CLMB"
"CLMB","95","Al27","*","CLMB"
"CLMB","96","Al27","*","CLMB"
"CLMB","97","Al27","73.1095535","CLMB"
"CLMB","99","Al27","97.51948263","CLMB"
"CLMB","100","Al27","41.70089227","CLMB"
"CLMB","101","Al27","*","CLMB"
"CLMB","102","Al27","71.71161046","CLMB"
"CLMB","103","Al27","76.94453259","CLMB"
"CLMB","104","Al27","88.79990041","CLMB"
"CLMB","105","Al27","110.0896822","CLMB"
"CLMB","106","Al27","121.9850961","CLMB"
"CLMB","107","Al27","68.76528592","CLMB"
"CLMB","110","Al27","52.66423038","CLMB"
"CLMB","111","Al27","76.01188701","CLMB"
"CLMB","112","Al27","79.85149558","CLMB"
"CLMB","113","Al27","*","CLMB"
"CLMB","114","Al27","46.02933332","CLMB"
"CLMB","115","Al27","*","CLMB"
"CLMB","116","Al27","58.39787188","CLMB"
"CLMB","117","Al27","82.37039629","CLMB"
"CLMB","118","Al27","74.28210705","CLMB"
"CLMB","119","Al27","61.64445746","CLMB"
"CLMB","120","Al27","46.34596718","CLMB"
"CLMB","122","Al27","56.78905607","CLMB"
"CLMB","123","Al27","56.16294848","CLMB"
"CLMB","125","Al27","66.41215233","CLMB"
"CLMB","126","Al27","*","CLMB"
"CLMB","127","Al27","*","CLMB"
"CLMB","128","Al27","93.55763928","CLMB"
"CLMB","130","Al27","89.23079745","CLMB"
"CLMB","131","Al27","56.10353742","CLMB"
"CLMB","132","Al27","*","CLMB"
"CLMB","134","Al27","80.03073948","CLMB"
"CLMB","135","Al27","86.88030917","CLMB"
"CLMB","136","Al27","*","CLMB"
"CLMB","137","Al27","83.31102567","CLMB"
"CLMB","138","Al27","*","CLMB"
"CLMB","139","Al27","*","CLMB"
"CLMB","141","Al27","92.60183798","CLMB"
"CLMB","142","Al27","63.41968211","CLMB"
"CLMB","143","Al27","65.52940204","CLMB"
"CLMB","144","Al27","*","CLMB"
"CLMB","145","Al27","64.79120896","CLMB"
"CLMB","146","Al27","*","CLMB"
"CLMB","147","Al27","79.20170028","CLMB"
"CLMB","148","Al27","*","CLMB"
"CLMB","150","Al27","93.10052209","CLMB"
"CLMB","151","Al27","77.40429834","CLMB"
"CLMB","152","Al27","*","CLMB"
"CLMB","153","Al27","79.44357352","CLMB"
"CLMB","154","Al27","89.30942888","CLMB"
"CLMB","155","Al27","49.20131376","CLMB"
"CLMB","156","Al27","68.92763776","CLMB"
"CLMB","157","Al27","80.06307684","CLMB"
"CLMB","158","Al27","40.87232859","CLMB"
"CLMB","159","Al27","81.41722312","CLMB"
"CLMB","161","Al27","85.19216842","CLMB"
"CLMB","163","Al27","61.91704652","CLMB"
"CLMB","164","Al27","72.79199271","CLMB"
"CLMB","166","Al27","71.61708337","CLMB"
"CLMB","167","Al27","90.48055154","CLMB"
"CLMB","168","Al27","75.76570476","CLMB"
"CLMB","169","Al27","*","CLMB"
"CLMB","170","Al27","62.41488815","CLMB"
"CLMB","171","Al27","64.22925573","CLMB"
"CLMB","172","Al27","83.17284151","CLMB"
"CLMB","173","Al27","79.15968993","CLMB"
"CLMB","174","Al27","88.77268514","CLMB"
"CLMB","175","Al27","*","CLMB"
"CLMB","176","Al27","88.23418651","CLMB"
"CLMB","177","Al27","56.39215658","CLMB"
"CLMB","178","Al27","69.92536363","CLMB"
"CLMB","179","Al27","120.4307947","CLMB"
"CLMB","180","Al27","65.48831031","CLMB"
"CLMB","181","Al27","54.68570924","CLMB"
"CLMB","182","Al27","64.68431745","CLMB"
"CLMB","184","Al27","99.87995599","CLMB"
"CLMB","185","Al27","89.08862767","CLMB"
"CLMB","186","Al27","111.8070103","CLMB"
"CLMB","187","Al27","60.6571191","CLMB"
"CLMB","188","Al27","*","CLMB"
"CLMB","189","Al27","*","CLMB"
"CLMB","190","Al27","*","CLMB"
"CLMB","191","Al27","114.62297","CLMB"
"CLMB","192","Al27","98.22753997","CLMB"
"CLMB","193","Al27","74.05714394","CLMB"
"CLMB","194","Al27","94.73284805","CLMB"
"CLMB","195","Al27","84.85616164","CLMB"
"CLMB","196","Al27","75.97732157","CLMB"
"CLMB","197","Al27","83.68702617","CLMB"
"CLMB","198","Al27","83.66129534","CLMB"
"CLMB","199","Al27","80.93472464","CLMB"
"CLMB","200","Al27","87.05977097","CLMB"
"CLMB","201","Al27","*","CLMB"
"CLMB","203","Al27","71.68723134","CLMB"
"CLMB","204","Al27","55.60079164","CLMB"
"CLMB","205","Al27","*","CLMB"
"CLMB","207","Al27","95.35169086","CLMB"
"CLMB","208","Al27","*","CLMB"
"CLMB","209","Al27","80.31033713","CLMB"
"CLMB","210","Al27","49.54568496","CLMB"
"CLMB","211","Al27","64.49283135","CLMB"
"CLMB","212","Al27","63.45249085","CLMB"
"CLMB","213","Al27","96.1846563","CLMB"
"CLMB","214","Al27","*","CLMB"
"CLMB","215","Al27","80.84875606","CLMB"
"CLMB","216","Al27","85.58057482","CLMB"
"CLMB","217","Al27","*","CLMB"
"CLMB","218","Al27","49.34008891","CLMB"
"CLMB","219","Al27","72.69942972","CLMB"
"CLMB","220","Al27","*","CLMB"
"CLMB","221","Al27","67.0024104","CLMB"
"CLMB","222","Al27","55.27929169","CLMB"
"CLMB","223","Al27","68.77517321","CLMB"
"CLMB","224","Al27","81.33101168","CLMB"
"CLMB","225","Al27","78.13690488","CLMB"
"CLMB","226","Al27","100.6967891","CLMB"
"CLMB","227","Al27","95.99785372","CLMB"
"CLMB","228","Al27","71.5442858","CLMB"
"CLMB","229","Al27","56.1391461","CLMB"
"CLMB","230","Al27","*","CLMB"
"CLMB","231","Al27","115.0002441","CLMB"
"CLMB","232","Al27","100.4698303","CLMB"
"CLMB","233","Al27","77.26475709","CLMB"
"CLMB","234","Al27","69.58034239","CLMB"
"CLMB","235","Al27","95.53077641","CLMB"
"CLMB","236","Al27","69.22207966","CLMB"
"CLMB","237","Al27","83.78492646","CLMB"
"CLMB","238","Al27","59.04278835","CLMB"
"CLMB","239","Al27","85.57161696","CLMB"
"CLMB","240","Al27","47.28655826","CLMB"
"CLMB","241","Al27","89.74284248","CLMB"
"CLMB","242","Al27","71.25292766","CLMB"
"CLMB","243","Al27","106.7763111","CLMB"
"CLMB","244","Al27","44.97232256","CLMB"
"CLMB","245","Al27","56.38970682","CLMB"
"CLMB","246","Al27","56.39297457","CLMB"
"CLMB","247","Al27","101.9062345","CLMB"
"CLMB","248","Al27","69.40529165","CLMB"
"CLMB","249","Al27","72.22906594","CLMB"
"CLMB","250","Al27","78.26265371","CLMB"
"CLMB","251","Al27","38.72964213","CLMB"
"CLMB","252","Al27","60.65547804","CLMB"
"CLMB","253","Al27","57.69239002","CLMB"
"CLMB","254","Al27","122.7407314","CLMB"
"CLMB","255","Al27","104.9258532","CLMB"
"CLMB","256","Al27","102.2496028","CLMB"
"CLMB","257","Al27","91.26844487","CLMB"
"CLMB","258","Al27","92.30236835","CLMB"
"CLMB","259","Al27","*","CLMB"
"CLMB","260","Al27","63.31768989","CLMB"
"CLMB","261","Al27","83.76648099","CLMB"
"CLMB","262","Al27","76.48795329","CLMB"
"CLMB","263","Al27","*","CLMB"
"CLMB","264","Al27","51.2385708","CLMB"
"CLMB","265","Al27","60.69399351","CLMB"
"CLMB","267","Al27","80.8470103","CLMB"
"CLMB","268","Al27","*","CLMB"
"CLMB","269","Al27","82.87441457","CLMB"
"CLMB","270","Al27","71.01793511","CLMB"
"CLMB","271","Al27","61.36726487","CLMB"
"CLMB","272","Al27","55.60590604","CLMB"
"CLMB","273","Al27","*","CLMB"
"CLMB","274","Al27","82.59135036","CLMB"
"CLMB","275","Al27","70.04490426","CLMB"
"CLMB","276","Al27","*","CLMB"
"CLMB","277","Al27","65.38129543","CLMB"
"CLMB","278","Al27","68.70208847","CLMB"
"CLMB","279","Al27","65.14574578","CLMB"
"CLMB","281","Al27","*","CLMB"
"CLMB","282","Al27","78.25372296","CLMB"
"CLMB","283","Al27","*","CLMB"
"CLMB","284","Al27","74.99250281","CLMB"
"CLMB","285","Al27","111.7536901","CLMB"
"CLMB","286","Al27","61.88051306","CLMB"
"CLMB","287","Al27","110.8488662","CLMB"
"CLMB","288","Al27","86.50337265","CLMB"
"CLMB","289","Al27","61.33291628","CLMB"
"CLMB","290","Al27","88.75133612","CLMB"
"CLMB","292","Al27","58.475586","CLMB"
"CLMB","293","Al27","79.57131369","CLMB"
"CLMB","294","Al27","66.20147577","CLMB"
"CLMB","296","Al27","66.27449409","CLMB"
"CLMB","297","Al27","44.48754345","CLMB"
"CLMB","298","Al27","77.08203413","CLMB"
"CLMB","299","Al27","78.12140656","CLMB"
"CLMB","300","Al27","*","CLMB"
"CLMB","301","Al27","91.01924241","CLMB"
"CLMB","302","Al27","64.48359997","CLMB"
"CLMB","303","Al27","80.95856269","CLMB"
"CLMB","304","Al27","64.25744101","CLMB"
"CLMB","305","Al27","94.7526012","CLMB"
"CLMB","306","Al27","*","CLMB"
"CLMB","307","Al27","120.4128067","CLMB"
"CLMB","308","Al27","73.80309649","CLMB"
"CLMB","310","Al27","61.48756543","CLMB"
"CLMB","311","Al27","65.51015847","CLMB"
"CLMB","312","Al27","81.94432333","CLMB"
"CLMB","313","Al27","70.22983132","CLMB"
"CLMB","314","Al27","75.30274799","CLMB"
"CLMB","315","Al27","79.02014882","CLMB"
"CLMB","317","Al27","110.2157302","CLMB"
"CLMB","318","Al27","67.38180074","CLMB"
"CLMB","319","Al27","64.18954365","CLMB"
"CLMB","320","Al27","62.19148073","CLMB"
"CLMB","322","Al27","64.61026117","CLMB"
"CLMB","323","Al27","83.53078927","CLMB"
"CLMB","324","Al27","106.1418148","CLMB"
"CLMB","325","Al27","107.8442483","CLMB"
"CLMB","326","Al27","66.00020867","CLMB"
"CLMB","328","Al27","77.64676981","CLMB"
"CLMB","330","Al27","110.2747153","CLMB"
"CLMB","332","Al27","66.2639882","CLMB"
"CLMB","333","Al27","52.94331112","CLMB"
"CLMB","334","Al27","61.57794092","CLMB"
"CLMB","335","Al27","*","CLMB"
"CLMB","336","Al27","83.64110301","CLMB"
"CLMB","337","Al27","105.1227336","CLMB"
"CLMB","338","Al27","46.14608257","CLMB"
"CLMB","339","Al27","88.24252544","CLMB"
"CLMB","340","Al27","*","CLMB"
"CLMB","341","Al27","86.1780458","CLMB"
"CLMB","342","Al27","80.54689024","CLMB"
"CLMB","343","Al27","101.0023354","CLMB"
"CLMB","345","Al27","111.6145275","CLMB"
"CLMB","346","Al27","*","CLMB"
"CLMB","347","Al27","105.5579578","CLMB"
"CLMB","349","Al27","*","CLMB"
"CLMB","350","Al27","103.0480671","CLMB"
"CLMB","352","Al27","68.48579036","CLMB"
"CLMB","353","Al27","80.5885363","CLMB"
"CLMB","354","Al27","85.19675617","CLMB"
"CLMB","355","Al27","114.6590427","CLMB"
"CLMB","356","Al27","97.84716485","CLMB"
"CLMB","358","Al27","90.99082651","CLMB"
"CLMB","359","Al27","*","CLMB"
"CLMB","360","Al27","91.63330489","CLMB"
"CLMB","361","Al27","79.52241365","CLMB"
"CLMB","363","Al27","*","CLMB"
"CLMB","364","Al27","77.036701","CLMB"
"CLMB","365","Al27","71.04390663","CLMB"
"CLMB","366","Al27","59.0223127","CLMB"
"CLMB","367","Al27","64.36378523","CLMB"
"CLMB","368","Al27","69.0205198","CLMB"
"CLMB","369","Al27","*","CLMB"
"CLMB","370","Al27","77.56963687","CLMB"
"CLMB","371","Al27","58.09489891","CLMB"
"CLMB","372","Al27","*","CLMB"
"CLMB","373","Al27","65.53232619","CLMB"
"CLMB","374","Al27","85.0187487","CLMB"
"CLMB","375","Al27","68.72058912","CLMB"
"CLMB","377","Al27","70.02800527","CLMB"
"CLMB","378","Al27","84.36430207","CLMB"
"CLMB","379","Al27","59.75174957","CLMB"
"CLMB","380","Al27","92.19178131","CLMB"
"CLMB","381","Al27","92.25971055","CLMB"
"CLMB","382","Al27","53.3666915","CLMB"
"CLMB","383","Al27","76.90291967","CLMB"
"CLMB","384","Al27","*","CLMB"
"CLMB","386","Al27","57.85433575","CLMB"
"CLMB","388","Al27","50.47799466","CLMB"
"CLMB","389","Al27","66.89010223","CLMB"
"CLMB","390","Al27","86.18847525","CLMB"
"CLMB","391","Al27","*","CLMB"
"CLMB","392","Al27","78.36234349","CLMB"
"CLMB","393","Al27","72.61114118","CLMB"
"CLMB","394","Al27","*","CLMB"
"CLMB","395","Al27","88.65361442","CLMB"
"CLMB","396","Al27","64.01156731","CLMB"
"CLMB","397","Al27","57.05303682","CLMB"
"CLMB","398","Al27","107.0255245","CLMB"
"CLMB","399","Al27","59.0383731","CLMB"
"CLMB","400","Al27","75.44446712","CLMB"
"CLMB","402","Al27","64.46387938","CLMB"
"CLMB","403","Al27","75.78978688","CLMB"
"CLMB","404","Al27","71.91242932","CLMB"
"CLMB","405","Al27","54.0426242","CLMB"
"CLMB","406","Al27","44.29953106","CLMB"
"CLMB","407","Al27","77.73475904","CLMB"
"CLMB","408","Al27","68.08738723","CLMB"
"CLMB","409","Al27","106.6697305","CLMB"
"CLMB","410","Al27","63.54252342","CLMB"
"CLMB","411","Al27","80.2058737","CLMB"
"CLMB","412","Al27","129.3632888","CLMB"
"CLMB","413","Al27","62.36752288","CLMB"
"CLMB","414","Al27","66.11433367","CLMB"
"CLMB","415","Al27","77.11377273","CLMB"
"CLMB","416","Al27","*","CLMB"
"CLMB","417","Al27","77.82615912","CLMB"
"CLMB","418","Al27","92.23070329","CLMB"
"CLMB","419","Al27","59.92116785","CLMB"
"CLMB","420","Al27","75.83014446","CLMB"
"CLMB","421","Al27","79.72192848","CLMB"
"CLMB","422","Al27","59.55751536","CLMB"
"CLMB","423","Al27","116.1788411","CLMB"
"CLMB","424","Al27","64.94481184","CLMB"
"CLMB","425","Al27","79.57133726","CLMB"
"CLMB","426","Al27","83.45668429","CLMB"
"CLMB","427","Al27","*","CLMB"
"CLMB","428","Al27","91.02494629","CLMB"
"CLMB","429","Al27","69.01210429","CLMB"
"CLMB","431","Al27","64.64032233","CLMB"
"CLMB","432","Al27","96.19124491","CLMB"
"CLMB","433","Al27","68.26179287","CLMB"
"CLMB","435","Al27","76.88185073","CLMB"
"CLMB","436","Al27","57.37027081","CLMB"
"CLMB","437","Al27","90.63102546","CLMB"
"CLMB","438","Al27","65.92650217","CLMB"
"CLMB","439","Al27","45.09671651","CLMB"
"CLMB","440","Al27","*","CLMB"
"CLMB","442","Al27","64.74190123","CLMB"
"CLMB","443","Al27","55.11280906","CLMB"
"CLMB","444","Al27","59.34467483","CLMB"
"CLMB","445","Al27","75.26700774","CLMB"
"CLMB","446","Al27","78.21251914","CLMB"
"CLMB","447","Al27","98.03635292","CLMB"
"CLMB","448","Al27","59.6247252","CLMB"
"CLMB","449","Al27","69.21951416","CLMB"
"CLMB","450","Al27","67.18400852","CLMB"
"CLMB","451","Al27","66.92675082","CLMB"
"CLMB","452","Al27","47.89047026","CLMB"
"CLMB","453","Al27","87.89327433","CLMB"
"CLMB","454","Al27","51.20158469","CLMB"
"CLMB","455","Al27","59.89977707","CLMB"
"CLMB","456","Al27","87.95329348","CLMB"
"CLMB","458","Al27","79.10571134","CLMB"
"CLMB","459","Al27","115.3113637","CLMB"
"CLMB","460","Al27","89.69612093","CLMB"
"CLMB","461","Al27","57.33688289","CLMB"
"CLMB","462","Al27","93.3299289","CLMB"
"CLMB","463","Al27","49.95184669","CLMB"
"CLMB","464","Al27","46.01641473","CLMB"
"CLMB","465","Al27","121.3023156","CLMB"
"CLMB","466","Al27","74.5989602","CLMB"
"CLMB","467","Al27","*","CLMB"
"CLMB","468","Al27","69.70723194","CLMB"
"CLMB","469","Al27","*","CLMB"
"CLMB","470","Al27","108.1570185","CLMB"
"CLMB","471","Al27","125.5145514","CLMB"
"CLMB","472","Al27","93.7571201","CLMB"
"CLMB","473","Al27","54.43788749","CLMB"
"CLMB","474","Al27","53.20672507","CLMB"
"CLMB","475","Al27","61.07516786","CLMB"
"CLMB","476","Al27","74.4207303","CLMB"
"CLMB","477","Al27","70.94021882","CLMB"
"CLMB","479","Al27","93.38478016","CLMB"
"CLMB","480","Al27","91.59306442","CLMB"
"CLMB","482","Al27","45.81106221","CLMB"
"CLMB","483","Al27","107.2147466","CLMB"
"CLMB","484","Al27","98.02487457","CLMB"
"CLMB","485","Al27","65.19331335","CLMB"
"CLMB","486","Al27","79.9959093","CLMB"
"CLMB","487","Al27","80.63860929","CLMB"
"CLMB","488","Al27","109.2304896","CLMB"
"CLMB","489","Al27","70.54286502","CLMB"
"CLMB","491","Al27","*","CLMB"
"CLMB","492","Al27","65.07026435","CLMB"
"CLMB","493","Al27","*","CLMB"
"CLMB","494","Al27","80.16955969","CLMB"
"CLMB","495","Al27","*","CLMB"
"CLMB","496","Al27","88.13028726","CLMB"
"CLMB","497","Al27","57.33088043","CLMB"
"CLMB","498","Al27","93.5025084","CLMB"
"CLMB","499","Al27","82.87223224","CLMB"
"CLMB","500","Al27","103.5946789","CLMB"
"CLMB","501","Al27","82.97203984","CLMB"
"CLMB","502","Al27","69.37141813","CLMB"
"CLMB","503","Al27","52.6209965","CLMB"
"CLMB","504","Al27","*","CLMB"
"CLMB","505","Al27","93.07159677","CLMB"
"CLMB","506","Al27","83.27282022","CLMB"
"CLMB","507","Al27","65.82554298","CLMB"
"CLMB","508","Al27","99.58273566","CLMB"
"CLMB","511","Al27","70.38153192","CLMB"
"CLMB","512","Al27","53.46268637","CLMB"
"CLMB","513","Al27","*","CLMB"
"CLMB","514","Al27","54.59752716","CLMB"
"CLMB","515","Al27","59.88823965","CLMB"
"CLMB","516","Al27","59.51986544","CLMB"
"CLMB","518","Al27","*","CLMB"
"CLMB","519","Al27","76.07452174","CLMB"
"CLMB","520","Al27","*","CLMB"
"CLMB","521","Al27","82.25130159","CLMB"
"CLMB","522","Al27","52.43823011","CLMB"
"CLMB","523","Al27","68.76112957","CLMB"
"CLMB","524","Al27","61.64804743","CLMB"
"CLMB","525","Al27","92.21608217","CLMB"
"CLMB","526","Al27","60.06821004","CLMB"
"CLMB","527","Al27","105.5473322","CLMB"
"CLMB","529","Al27","53.37977821","CLMB"
"CLMB","530","Al27","95.25234099","CLMB"
"CLMB","531","Al27","72.81218588","CLMB"
"CLMB","532","Al27","77.18516691","CLMB"
"CLMB","533","Al27","88.79496647","CLMB"
"CLMB","534","Al27","104.8484279","CLMB"
"CLMB","535","Al27","62.93535498","CLMB"
"CLMB","536","Al27","75.61287964","CLMB"
"CLMB","537","Al27","101.5844601","CLMB"
"CLMB","539","Al27","75.15653942","CLMB"
"CLMB","540","Al27","89.89237328","CLMB"
"CLMB","541","Al27","59.43387506","CLMB"
"CLMB","542","Al27","87.49860046","CLMB"
"CLMB","544","Al27","87.68686042","CLMB"
"CLMB","545","Al27","76.45976153","CLMB"
"CLMB","546","Al27","48.77023395","CLMB"
"CLMB","547","Al27","62.84752939","CLMB"
"CLMB","548","Al27","123.3203992","CLMB"
"CLMB","549","Al27","78.86845356","CLMB"
"CLMB","551","Al27","*","CLMB"
"CLMB","552","Al27","65.16733071","CLMB"
"CLMB","553","Al27","69.69411268","CLMB"
"CLMB","555","Al27","99.29072505","CLMB"
"CLMB","556","Al27","*","CLMB"
"CLMB","557","Al27","*","CLMB"
"CLMB","558","Al27","88.53274424","CLMB"
"CLMB","559","Al27","90.24701761","CLMB"
"CLMB","560","Al27","*","CLMB"
"CLMB","562","Al27","67.50206201","CLMB"
"CLMB","563","Al27","121.9742627","CLMB"
"CLMB","564","Al27","63.96830806","CLMB"
"CLMB","565","Al27","83.79014764","CLMB"
"CLMB","566","Al27","*","CLMB"
"CLMB","567","Al27","70.11291919","CLMB"
"CLMB","569","Al27","71.15688893","CLMB"
"CLMB","570","Al27","55.71225553","CLMB"
"CLMB","571","Al27","74.40992973","CLMB"
"CLMB","572","Al27","94.68776901","CLMB"
"CLMB","573","Al27","55.46692428","CLMB"
"CLMB","574","Al27","78.16292065","CLMB"
"CLMB","576","Al27","80.98744561","CLMB"
"CLMB","577","Al27","*","CLMB"
"CLMB","578","Al27","85.33964976","CLMB"
"CLMB","579","Al27","53.77404954","CLMB"
"CLMB","580","Al27","*","CLMB"
"CLMB","581","Al27","82.0604584","CLMB"
"CLMB","583","Al27","103.0372158","CLMB"
"CLMB","584","Al27","60.79590066","CLMB"
"CLMB","585","Al27","114.3499762","CLMB"
"CLMB","586","Al27","62.93371213","CLMB"
"CLMB","588","Al27","73.74539488","CLMB"
"CLMB","589","Al27","101.5173291","CLMB"
"CLMB","592","Al27","53.46548559","CLMB"
"CLMB","593","Al27","81.04825465","CLMB"
"CLMB","594","Al27","106.9006578","CLMB"
"CLMB","595","Al27","86.87713421","CLMB"
"CLMB","596","Al27","68.15106173","CLMB"
"CLMB","597","Al27","*","CLMB"
"CLMB","598","Al27","*","CLMB"
"CLMB","599","Al27","97.01526251","CLMB"
"CLMB","600","Al27","49.1440164","CLMB"
"CLMB","601","Al27","*","CLMB"
"CLMB","602","Al27","75.87153312","CLMB"
"CLMB","603","Al27","*","CLMB"
"CLMB","604","Al27","77.54388201","CLMB"
"CLMB","605","Al27","59.80034773","CLMB"
"CLMB","606","Al27","96.27718833","CLMB"
"CLMB","608","Al27","*","CLMB"
"CLMB","609","Al27","61.96484809","CLMB"
"CLMB","610","Al27","67.3953042","CLMB"
"CLMB","611","Al27","61.82530856","CLMB"
"CLMB","612","Al27","79.89824194","CLMB"
"CLMB","613","Al27","101.0663938","CLMB"
"CLMB","614","Al27","44.12684521","CLMB"
"CLMB","618","Al27","96.18475416","CLMB"
"CLMB","619","Al27","92.13934344","CLMB"
"CLMB","620","Al27","123.8979433","CLMB"
"CLMB","621","Al27","126.4304441","CLMB"
"CLMB","622","Al27","63.85754553","CLMB"
"CLMB","623","Al27","71.76384463","CLMB"
"CLMB","624","Al27","49.98315924","CLMB"
"CLMB","625","Al27","75.22615856","CLMB"
"CLMB","627","Al27","97.86508966","CLMB"
"CLMB","628","Al27","*","CLMB"
"CLMB","629","Al27","50.08855957","CLMB"
"CLMB","630","Al27","*","CLMB"
"CLMB","632","Al27","59.80550551","CLMB"
"CLMB","633","Al27","55.99826554","CLMB"
"CLMB","634","Al27","87.17401146","CLMB"
"CLMB","635","Al27","85.88400564","CLMB"
"CLMB","636","Al27","68.58626015","CLMB"
"CLMB","637","Al27","66.92435313","CLMB"
"CLMB","638","Al27","84.47715686","CLMB"
"CLMB","639","Al27","66.45627555","CLMB"
"CLMB","640","Al27","80.27820601","CLMB"
"CLMB","641","Al27","74.69974195","CLMB"
"CLMB","642","Al27","83.99225797","CLMB"
"CLMB","643","Al27","72.43458877","CLMB"
"CLMB","644","Al27","*","CLMB"
"CLMB","645","Al27","61.62479867","CLMB"
"CLMB","647","Al27","62.07715991","CLMB"
"CLMB","648","Al27","*","CLMB"
"CLMB","649","Al27","*","CLMB"
"CLMB","652","Al27","111.3132375","CLMB"
"CLMB","654","Al27","90.79373717","CLMB"
"CLMB","655","Al27","98.80307628","CLMB"
"CLMB","656","Al27","65.01066868","CLMB"
"CLMB","657","Al27","60.1732443","CLMB"
"CLMB","658","Al27","73.12875387","CLMB"
"CLMB","660","Al27","55.51036824","CLMB"
"CLMB","661","Al27","51.85899873","CLMB"
"CLMB","663","Al27","96.78728687","CLMB"
"CLMB","664","Al27","68.31373068","CLMB"
"CLMB","666","Al27","132.7102578","CLMB"
"CLMB","667","Al27","67.9355797","CLMB"
"CLMB","668","Al27","50.4681084","CLMB"
"CLMB","669","Al27","80.54305022","CLMB"
"CLMB","670","Al27","*","CLMB"
"CLMB","671","Al27","89.99608834","CLMB"
"CLMB","672","Al27","75.06062439","CLMB"
"CLMB","673","Al27","57.72133425","CLMB"
"CLMB","674","Al27","92.35825469","CLMB"
"CLMB","675","Al27","85.70817736","CLMB"
"CLMB","677","Al27","105.5472531","CLMB"
"CLMB","679","Al27","*","CLMB"
"CLMB","680","Al27","78.54199639","CLMB"
"CLMB","681","Al27","80.94108859","CLMB"
"CLMB","682","Al27","76.26018216","CLMB"
"CLMB","683","Al27","78.480854","CLMB"
"CLMB","684","Al27","102.5974921","CLMB"
"CLMB","685","Al27","102.0035807","CLMB"
"CLMB","686","Al27","56.81700421","CLMB"
"CLMB","689","Al27","59.58281787","CLMB"
"CLMB","690","Al27","62.83439218","CLMB"
"CLMB","691","Al27","56.44317857","CLMB"
"CLMB","692","Al27","83.78142368","CLMB"
"CLMB","693","Al27","87.90750931","CLMB"
"CLMB","694","Al27","89.13406342","CLMB"
"CLMB","695","Al27","66.5260128","CLMB"
"CLMB","696","Al27","79.6870439","CLMB"
"CLMB","697","Al27","76.36057481","CLMB"
"CLMB","698","Al27","78.15029964","CLMB"
"CLMB","699","Al27","85.64561375","CLMB"
"CLMB","700","Al27","72.28045959","CLMB"
"CLMB","702","Al27","48.70699197","CLMB"
"CLMB","703","Al27","58.7591283","CLMB"
"CLMB","704","Al27","73.74131558","CLMB"
"CLMB","705","Al27","60.32221825","CLMB"
"CLMB","706","Al27","79.3806601","CLMB"
"CLMB","707","Al27","100.9833534","CLMB"
"CLMB","708","Al27","*","CLMB"
"CLMB","710","Al27","91.06048552","CLMB"
"CLMB","711","Al27","90.96756346","CLMB"
"CLMB","712","Al27","69.26451652","CLMB"
"CLMB","713","Al27","80.57939153","CLMB"
"CLMB","714","Al27","64.98527495","CLMB"
"CLMB","715","Al27","64.83392683","CLMB"
"CLMB","716","Al27","59.76444538","CLMB"
"CLMB","718","Al27","80.0064624","CLMB"
"CLMB","719","Al27","81.612504075","CLMB"
"CLMB","720","Al27","80.39529556","CLMB"
"CLMB","721","Al27","*","CLMB"
"CLMB","722","Al27","60.58038757","CLMB"
"CLMB","723","Al27","*","CLMB"
"CLMB","724","Al27","59.58671638","CLMB"
"CLMB","725","Al27","49.34854535","CLMB"
"CLMB","726","Al27","84.01132212","CLMB"
"CLMB","729","Al27","63.0103672","CLMB"
"CLMB","730","Al27","61.43463566","CLMB"
"CLMB","731","Al27","97.92966321","CLMB"
"CLMB","732","Al27","*","CLMB"
"CLMB","733","Al27","106.5368986","CLMB"
"CLMB","734","Al27","59.53580573","CLMB"
"CLMB","735","Al27","67.14173519","CLMB"
"CLMB","736","Al27","108.6745237","CLMB"
"CLMB","737","Al27","55.42467526","CLMB"
"CLMB","738","Al27","61.06594292","CLMB"
"CLMB","739","Al27","49.64383724","CLMB"
"CLMB","740","Al27","65.56598312","CLMB"
"CLMB","742","Al27","108.2677069","CLMB"
"CLMB","743","Al27","61.7536205","CLMB"
"CLMB","744","Al27","65.8572623","CLMB"
"CLMB","745","Al27","71.62115741","CLMB"
"CLMB","746","Al27","61.69814692","CLMB"
"CLMB","748","Al27","67.87294588","CLMB"
"CLMB","749","Al27","62.80654939","CLMB"
"CLMB","750","Al27","75.76397696","CLMB"
"CLMB","751","Al27","91.21246101","CLMB"
"CLMB","752","Al27","121.97272","CLMB"
"CLMB","753","Al27","67.46537233","CLMB"
"CLMB","755","Al27","95.95669076","CLMB"
"CLMB","756","Al27","82.89008671","CLMB"
"CLMB","757","Al27","84.04192775","CLMB"
"CLMB","758","Al27","77.97293607","CLMB"
"CLMB","759","Al27","45.78635368","CLMB"
"CLMB","760","Al27","123.0646481","CLMB"
"CLMB","761","Al27","57.17672199","CLMB"
"CLMB","762","Al27","71.642696","CLMB"
"CLMB","763","Al27","88.26856438","CLMB"
"CLMB","764","Al27","58.40470941","CLMB"
"CLMB","765","Al27","52.48498513","CLMB"
"CLMB","766","Al27","74.82301223","CLMB"
"CLMB","767","Al27","62.98624082","CLMB"
"CLMB","768","Al27","67.95901275","CLMB"
"CLMB","769","Al27","*","CLMB"
"CLMB","770","Al27","68.64696536","CLMB"
"CLMB","771","Al27","90.81726259","CLMB"
"CLMB","772","Al27","62.54539972","CLMB"
"CLMB","773","Al27","82.86124609","CLMB"
"CLMB","774","Al27","61.29346817","CLMB"
"CLMB","775","Al27","93.09387996","CLMB"
"CLMB","776","Al27","54.29850683","CLMB"
"CLMB","777","Al27","73.68868122","CLMB"
"CLMB","778","Al27","74.90190468","CLMB"
"CLMB","779","Al27","81.03298422","CLMB"
"CLMB","780","Al27","50.55411255","CLMB"
"CLMB","781","Al27","89.67598373","CLMB"
"CLMB","782","Al27","71.59726907","CLMB"
"CLMB","783","Al27","78.21090343","CLMB"
"CLMB","784","Al27","67.55987901","CLMB"
"CLMB","785","Al27","72.71084911","CLMB"
"CLMB","786","Al27","78.84938336","CLMB"
"CLMB","787","Al27","53.52493003","CLMB"
"CLMB","788","Al27","112.3802392","CLMB"
"CLMB","789","Al27","57.83205468","CLMB"
"CLMB","790","Al27","59.8255045","CLMB"
"CLMB","792","Al27","82.32556248","CLMB"
"CLMB","794","Al27","63.80572832","CLMB"
"CLMB","795","Al27","72.05496601","CLMB"
"CLMB","796","Al27","93.80924317","CLMB"
"CLMB","797","Al27","92.80800049","CLMB"
"CLMB","799","Al27","78.30483048","CLMB"
"CLMB","800","Al27","96.39265895","CLMB"
"CLMB","801","Al27","43.44203176","CLMB"
"CLMB","802","Al27","87.54048301","CLMB"
"CLMB","803","Al27","94.27668736","CLMB"
"CLMB","804","Al27","60.98345634","CLMB"
"CLMB","805","Al27","55.99750212","CLMB"
"CLMB","806","Al27","59.67890682","CLMB"
"CLMB","808","Al27","85.05042267","CLMB"
"CLMB","809","Al27","63.82108181","CLMB"
"CLMB","810","Al27","80.87827415","CLMB"
"CLMB","811","Al27","53.39455463","CLMB"
"CLMB","812","Al27","109.7695695","CLMB"
"CLMB","813","Al27","*","CLMB"
"CLMB","814","Al27","110.3669763","CLMB"
"CLMB","815","Al27","80.31726519","CLMB"
"CLMB","816","Al27","93.06731219","CLMB"
"CLMB","817","Al27","67.57866328","CLMB"
"CLMB","818","Al27","42.7237638","CLMB"
"CLMB","819","Al27","66.75378164","CLMB"
"CLMB","820","Al27","81.70946842","CLMB"
"CLMB","821","Al27","48.02897339","CLMB"
"CLMB","822","Al27","53.33889184","CLMB"
"CLMB","823","Al27","76.90119529","CLMB"
"CLMB","824","Al27","93.28523195","CLMB"
"CLMB","825","Al27","*","CLMB"
"KBSM","1","Al27","46.98628139","KBSM"
"KBSM","2","Al27","40.47907754","KBSM"
"KBSM","3","Al27","50.4349241","KBSM"
"KBSM","4","Al27","57.20591362","KBSM"
"KBSM","5","Al27","31.69347365","KBSM"
"KBSM","7","Al27","58.10313016","KBSM"
"KBSM","8","Al27","20.73922209","KBSM"
"KBSM","9","Al27","53.72843529","KBSM"
"KBSM","10","Al27","46.18445488","KBSM"
"KBSM","11","Al27","48.90980134","KBSM"
"KBSM","12","Al27","30.67000833","KBSM"
"KBSM","13","Al27","*","KBSM"
"KBSM","14","Al27","40.63845125","KBSM"
"KBSM","15","Al27","31.01563136","KBSM"
"KBSM","16","Al27","*","KBSM"
"KBSM","17","Al27","41.50463307","KBSM"
"KBSM","18","Al27","22.49236914","KBSM"
"KBSM","19","Al27","43.17647193","KBSM"
"KBSM","20","Al27","31.61132593","KBSM"
"KBSM","21","Al27","*","KBSM"
"KBSM","22","Al27","32.70160491","KBSM"
"KBSM","23","Al27","33.14324926","KBSM"
"KBSM","24","Al27","*","KBSM"
"KBSM","25","Al27","75.58274377","KBSM"
"KBSM","26","Al27","31.57299375","KBSM"
"KBSM","27","Al27","*","KBSM"
"KBSM","28","Al27","32.37867482","KBSM"
"KBSM","29","Al27","39.20720986","KBSM"
"KBSM","30","Al27","25.39820703","KBSM"
"KBSM","31","Al27","53.0063173","KBSM"
"KBSM","32","Al27","40.2726737","KBSM"
"KBSM","33","Al27","34.41334425","KBSM"
"KBSM","34","Al27","23.2656439","KBSM"
"KBSM","35","Al27","42.71631313","KBSM"
"KBSM","36","Al27","35.70396293","KBSM"
"KBSM","37","Al27","50.3968151","KBSM"
"KBSM","38","Al27","48.74714251","KBSM"
"KBSM","39","Al27","50.18495315","KBSM"
"KBSM","40","Al27","34.30501475","KBSM"
"KBSM","41","Al27","39.03949086","KBSM"
"KBSM","42","Al27","66.81826133","KBSM"
"KBSM","43","Al27","48.90545508","KBSM"
"KBSM","44","Al27","26.94105388","KBSM"
"KBSM","46","Al27","36.53047538","KBSM"
"KBSM","48","Al27","47.63541283","KBSM"
"KBSM","49","Al27","*","KBSM"
"KBSM","50","Al27","*","KBSM"
"KBSM","52","Al27","48.85244937","KBSM"
"KBSM","53","Al27","41.3553526","KBSM"
"KBSM","54","Al27","34.56982305","KBSM"
"KBSM","55","Al27","33.88558365","KBSM"
"KBSM","56","Al27","48.54832939","KBSM"
"KBSM","57","Al27","26.41840073","KBSM"
"KBSM","58","Al27","*","KBSM"
"KBSM","59","Al27","*","KBSM"
"KBSM","60","Al27","*","KBSM"
"KBSM","61","Al27","28.78859951","KBSM"
"KBSM","62","Al27","60.46537962","KBSM"
"KBSM","63","Al27","*","KBSM"
"KBSM","64","Al27","50.51249744","KBSM"
"KBSM","65","Al27","47.54313279","KBSM"
"KBSM","66","Al27","25.60367754","KBSM"
"KBSM","67","Al27","29.78622716","KBSM"
"KBSM","68","Al27","32.30010897","KBSM"
"KBSM","69","Al27","26.80632381","KBSM"
"KBSM","70","Al27","27.85871772","KBSM"
"KBSM","71","Al27","*","KBSM"
"KBSM","72","Al27","29.41622388","KBSM"
"KBSM","73","Al27","50.689008065","KBSM"
"KBSM","74","Al27","42.07297821","KBSM"
"KBSM","75","Al27","*","KBSM"
"KBSM","76","Al27","*","KBSM"
"KBSM","77","Al27","*","KBSM"
"KBSM","78","Al27","22.62046966","KBSM"
"KBSM","79","Al27","32.04081797","KBSM"
"KBSM","80","Al27","32.56020269","KBSM"
"KBSM","81","Al27","33.64821502","KBSM"
"KBSM","83","Al27","32.7794218","KBSM"
"KBSM","84","Al27","*","KBSM"
"KBSM","85","Al27","48.25700199","KBSM"
"KBSM","86","Al27","44.96782567","KBSM"
"KBSM","87","Al27","47.23541923","KBSM"
"KBSM","88","Al27","54.59151551","KBSM"
"KBSM","89","Al27","32.04681366","KBSM"
"KBSM","90","Al27","67.39172338","KBSM"
"KBSM","91","Al27","58.75041631","KBSM"
"KBSM","93","Al27","52.30548102","KBSM"
"KBSM","94","Al27","38.22878608","KBSM"
"KBSM","95","Al27","46.39461501","KBSM"
"KBSM","96","Al27","40.90203713","KBSM"
"KBSM","97","Al27","21.06757715","KBSM"
"KBSM","99","Al27","85.65999197","KBSM"
"KBSM","100","Al27","50.84451482","KBSM"
"KBSM","101","Al27","65.00982862","KBSM"
"KBSM","102","Al27","*","KBSM"
"KBSM","103","Al27","45.66113233","KBSM"
"KBSM","104","Al27","42.11343142","KBSM"
"KBSM","105","Al27","45.14062404","KBSM"
"KBSM","106","Al27","43.18543542","KBSM"
"KBSM","107","Al27","42.55205273","KBSM"
"KBSM","110","Al27","33.40151451","KBSM"
"KBSM","111","Al27","33.26202367","KBSM"
"KBSM","112","Al27","52.04469163","KBSM"
"KBSM","113","Al27","*","KBSM"
"KBSM","114","Al27","42.5646903","KBSM"
"KBSM","115","Al27","36.15629336","KBSM"
"KBSM","116","Al27","48.77041281","KBSM"
"KBSM","117","Al27","47.27027576","KBSM"
"KBSM","118","Al27","30.04631222","KBSM"
"KBSM","119","Al27","51.23086494","KBSM"
"KBSM","120","Al27","*","KBSM"
"KBSM","122","Al27","43.75053207","KBSM"
"KBSM","123","Al27","45.87128725","KBSM"
"KBSM","125","Al27","46.33960265","KBSM"
"KBSM","126","Al27","40.83226996","KBSM"
"KBSM","127","Al27","26.10244762","KBSM"
"KBSM","128","Al27","32.14093365","KBSM"
"KBSM","130","Al27","34.04322383","KBSM"
"KBSM","131","Al27","18.64514901","KBSM"
"KBSM","132","Al27","46.23979786","KBSM"
"KBSM","134","Al27","53.90821276","KBSM"
"KBSM","135","Al27","33.19481965","KBSM"
"KBSM","136","Al27","32.91733201","KBSM"
"KBSM","137","Al27","46.39737534","KBSM"
"KBSM","138","Al27","*","KBSM"
"KBSM","139","Al27","50.52436078","KBSM"
"KBSM","141","Al27","*","KBSM"
"KBSM","142","Al27","29.10741668","KBSM"
"KBSM","143","Al27","27.58110259","KBSM"
"KBSM","144","Al27","25.45689324","KBSM"
"KBSM","145","Al27","43.8515341","KBSM"
"KBSM","146","Al27","*","KBSM"
"KBSM","147","Al27","45.53390957","KBSM"
"KBSM","148","Al27","29.33349394","KBSM"
"KBSM","150","Al27","37.95247278","KBSM"
"KBSM","151","Al27","30.4249532","KBSM"
"KBSM","152","Al27","51.32094266","KBSM"
"KBSM","153","Al27","24.85288134","KBSM"
"KBSM","154","Al27","38.04765794","KBSM"
"KBSM","155","Al27","29.92154518","KBSM"
"KBSM","156","Al27","32.80845937","KBSM"
"KBSM","157","Al27","39.2183372","KBSM"
"KBSM","158","Al27","47.20620842","KBSM"
"KBSM","159","Al27","39.05852697","KBSM"
"KBSM","161","Al27","30.84407536","KBSM"
"KBSM","163","Al27","48.38623879","KBSM"
"KBSM","164","Al27","30.30470568","KBSM"
"KBSM","166","Al27","51.81738671","KBSM"
"KBSM","167","Al27","33.83134398","KBSM"
"KBSM","168","Al27","36.15980056","KBSM"
"KBSM","169","Al27","*","KBSM"
"KBSM","170","Al27","40.45365005","KBSM"
"KBSM","171","Al27","36.89649231","KBSM"
"KBSM","172","Al27","25.85030777","KBSM"
"KBSM","173","Al27","27.70751141","KBSM"
"KBSM","174","Al27","27.62556624","KBSM"
"KBSM","175","Al27","60.52503267","KBSM"
"KBSM","176","Al27","31.65893244","KBSM"
"KBSM","177","Al27","33.54229617","KBSM"
"KBSM","178","Al27","26.72920596","KBSM"
"KBSM","179","Al27","*","KBSM"
"KBSM","180","Al27","*","KBSM"
"KBSM","181","Al27","*","KBSM"
"KBSM","182","Al27","42.13070203","KBSM"
"KBSM","184","Al27","30.02925436","KBSM"
"KBSM","185","Al27","35.63859459","KBSM"
"KBSM","186","Al27","*","KBSM"
"KBSM","187","Al27","79.43916852","KBSM"
"KBSM","188","Al27","57.97781291","KBSM"
"KBSM","189","Al27","33.44047173","KBSM"
"KBSM","190","Al27","35.42331256","KBSM"
"KBSM","191","Al27","36.4634807","KBSM"
"KBSM","192","Al27","*","KBSM"
"KBSM","193","Al27","33.949733","KBSM"
"KBSM","194","Al27","38.02614642","KBSM"
"KBSM","195","Al27","49.44606325","KBSM"
"KBSM","196","Al27","51.31940675","KBSM"
"KBSM","197","Al27","26.61284564","KBSM"
"KBSM","198","Al27","29.2891756","KBSM"
"KBSM","199","Al27","51.04548034","KBSM"
"KBSM","200","Al27","30.91371845","KBSM"
"KBSM","201","Al27","37.19266146","KBSM"
"KBSM","203","Al27","69.6094211","KBSM"
"KBSM","204","Al27","47.40208777","KBSM"
"KBSM","205","Al27","37.84919949","KBSM"
"KBSM","207","Al27","27.40551675","KBSM"
"KBSM","208","Al27","87.40969212","KBSM"
"KBSM","209","Al27","*","KBSM"
"KBSM","210","Al27","32.47131218","KBSM"
"KBSM","211","Al27","*","KBSM"
"KBSM","212","Al27","*","KBSM"
"KBSM","213","Al27","60.23341886","KBSM"
"KBSM","214","Al27","18.23606258","KBSM"
"KBSM","215","Al27","76.32195232","KBSM"
"KBSM","216","Al27","35.82749424","KBSM"
"KBSM","217","Al27","48.044402","KBSM"
"KBSM","218","Al27","49.76843941","KBSM"
"KBSM","219","Al27","*","KBSM"
"KBSM","220","Al27","*","KBSM"
"KBSM","221","Al27","26.59468788","KBSM"
"KBSM","222","Al27","24.50279146","KBSM"
"KBSM","223","Al27","36.77030648","KBSM"
"KBSM","224","Al27","30.76054381","KBSM"
"KBSM","225","Al27","*","KBSM"
"KBSM","226","Al27","42.49619373","KBSM"
"KBSM","227","Al27","33.47355917","KBSM"
"KBSM","228","Al27","54.00026407","KBSM"
"KBSM","229","Al27","28.26647102","KBSM"
"KBSM","230","Al27","63.5975029","KBSM"
"KBSM","231","Al27","*","KBSM"
"KBSM","232","Al27","58.57026825","KBSM"
"KBSM","233","Al27","*","KBSM"
"KBSM","234","Al27","32.59692139","KBSM"
"KBSM","235","Al27","37.88644948","KBSM"
"KBSM","236","Al27","35.58578878","KBSM"
"KBSM","237","Al27","29.364531","KBSM"
"KBSM","238","Al27","*","KBSM"
"KBSM","239","Al27","30.33223963","KBSM"
"KBSM","240","Al27","*","KBSM"
"KBSM","241","Al27","*","KBSM"
"KBSM","242","Al27","51.76375394","KBSM"
"KBSM","243","Al27","55.1328924","KBSM"
"KBSM","244","Al27","33.54335047","KBSM"
"KBSM","245","Al27","25.58516446","KBSM"
"KBSM","246","Al27","61.67341407","KBSM"
"KBSM","247","Al27","46.09599616","KBSM"
"KBSM","248","Al27","37.67527302","KBSM"
"KBSM","249","Al27","22.18203777","KBSM"
"KBSM","250","Al27","32.40920304","KBSM"
"KBSM","251","Al27","26.22055502","KBSM"
"KBSM","252","Al27","27.09423615","KBSM"
"KBSM","253","Al27","*","KBSM"
"KBSM","254","Al27","42.96313415","KBSM"
"KBSM","255","Al27","36.65206788","KBSM"
"KBSM","256","Al27","20.8061807","KBSM"
"KBSM","257","Al27","30.23634283","KBSM"
"KBSM","258","Al27","32.84554329","KBSM"
"KBSM","259","Al27","35.7064372","KBSM"
"KBSM","260","Al27","43.07649919","KBSM"
"KBSM","261","Al27","*","KBSM"
"KBSM","262","Al27","*","KBSM"
"KBSM","263","Al27","54.8883629","KBSM"
"KBSM","264","Al27","39.76239435","KBSM"
"KBSM","265","Al27","55.12540534","KBSM"
"KBSM","267","Al27","64.68337699","KBSM"
"KBSM","268","Al27","33.81404464","KBSM"
"KBSM","269","Al27","*","KBSM"
"KBSM","270","Al27","27.29232199","KBSM"
"KBSM","271","Al27","*","KBSM"
"KBSM","272","Al27","52.90175132","KBSM"
"KBSM","273","Al27","34.8470132","KBSM"
"KBSM","274","Al27","30.07609779","KBSM"
"KBSM","275","Al27","38.04885791","KBSM"
"KBSM","276","Al27","49.7069712","KBSM"
"KBSM","277","Al27","64.25986267","KBSM"
"KBSM","278","Al27","*","KBSM"
"KBSM","279","Al27","36.36851965","KBSM"
"KBSM","281","Al27","41.34559336","KBSM"
"KBSM","282","Al27","*","KBSM"
"KBSM","283","Al27","43.74954298","KBSM"
"KBSM","284","Al27","44.05360229","KBSM"
"KBSM","285","Al27","50.62468498","KBSM"
"KBSM","286","Al27","25.47625444","KBSM"
"KBSM","287","Al27","38.21136018","KBSM"
"KBSM","288","Al27","*","KBSM"
"KBSM","289","Al27","26.04874119","KBSM"
"KBSM","290","Al27","*","KBSM"
"KBSM","292","Al27","47.80025957","KBSM"
"KBSM","293","Al27","61.61806764","KBSM"
"KBSM","294","Al27","31.63269538","KBSM"
"KBSM","296","Al27","30.49968838","KBSM"
"KBSM","297","Al27","37.96522575","KBSM"
"KBSM","298","Al27","61.40897143","KBSM"
"KBSM","299","Al27","38.94756321","KBSM"
"KBSM","300","Al27","24.12507122","KBSM"
"KBSM","301","Al27","57.23239126","KBSM"
"KBSM","302","Al27","53.97052568","KBSM"
"KBSM","303","Al27","26.60604717","KBSM"
"KBSM","304","Al27","38.18803147","KBSM"
"KBSM","305","Al27","28.54674342","KBSM"
"KBSM","306","Al27","32.4570165","KBSM"
"KBSM","307","Al27","65.34058357","KBSM"
"KBSM","308","Al27","75.78260553","KBSM"
"KBSM","310","Al27","42.13726592","KBSM"
"KBSM","311","Al27","*","KBSM"
"KBSM","312","Al27","21.27069149","KBSM"
"KBSM","313","Al27","42.28311508","KBSM"
"KBSM","314","Al27","52.17236468","KBSM"
"KBSM","315","Al27","61.459336","KBSM"
"KBSM","317","Al27","40.671464175","KBSM"
"KBSM","318","Al27","40.16746742","KBSM"
"KBSM","319","Al27","*","KBSM"
"KBSM","320","Al27","47.68862423","KBSM"
"KBSM","322","Al27","24.65570184","KBSM"
"KBSM","323","Al27","43.14771296","KBSM"
"KBSM","324","Al27","75.00373326","KBSM"
"KBSM","325","Al27","50.66074987","KBSM"
"KBSM","326","Al27","54.79947141","KBSM"
"KBSM","328","Al27","69.57766635","KBSM"
"KBSM","330","Al27","88.44059395","KBSM"
"KBSM","332","Al27","48.39261402","KBSM"
"KBSM","333","Al27","20.42297184","KBSM"
"KBSM","334","Al27","39.92194853","KBSM"
"KBSM","335","Al27","49.71902789","KBSM"
"KBSM","336","Al27","75.40944905","KBSM"
"KBSM","337","Al27","39.12483893","KBSM"
"KBSM","338","Al27","30.45161238","KBSM"
"KBSM","339","Al27","58.16472501","KBSM"
"KBSM","340","Al27","*","KBSM"
"KBSM","341","Al27","27.22005786","KBSM"
"KBSM","342","Al27","29.0323911","KBSM"
"KBSM","343","Al27","30.9058236","KBSM"
"KBSM","345","Al27","71.79207429","KBSM"
"KBSM","346","Al27","52.07471825","KBSM"
"KBSM","347","Al27","38.30461054","KBSM"
"KBSM","349","Al27","53.48956816","KBSM"
"KBSM","350","Al27","48.27385299","KBSM"
"KBSM","352","Al27","29.33099379","KBSM"
"KBSM","353","Al27","37.37638548","KBSM"
"KBSM","354","Al27","48.1364442","KBSM"
"KBSM","355","Al27","*","KBSM"
"KBSM","356","Al27","27.32239062","KBSM"
"KBSM","358","Al27","49.14922275","KBSM"
"KBSM","359","Al27","63.62750738","KBSM"
"KBSM","360","Al27","35.95177568","KBSM"
"KBSM","361","Al27","35.24327233","KBSM"
"KBSM","363","Al27","111.5636971","KBSM"
"KBSM","364","Al27","35.18000964","KBSM"
"KBSM","365","Al27","29.28916228","KBSM"
"KBSM","366","Al27","51.26314912","KBSM"
"KBSM","367","Al27","59.8711867","KBSM"
"KBSM","368","Al27","*","KBSM"
"KBSM","369","Al27","28.17590315","KBSM"
"KBSM","370","Al27","51.39832462","KBSM"
"KBSM","371","Al27","43.65597522","KBSM"
"KBSM","372","Al27","25.99813812","KBSM"
"KBSM","373","Al27","64.31996676","KBSM"
"KBSM","374","Al27","33.65795087","KBSM"
"KBSM","375","Al27","37.20334512","KBSM"
"KBSM","377","Al27","*","KBSM"
"KBSM","378","Al27","28.46039717","KBSM"
"KBSM","379","Al27","37.6215168","KBSM"
"KBSM","380","Al27","56.15488013","KBSM"
"KBSM","381","Al27","64.37311517","KBSM"
"KBSM","382","Al27","28.95805832","KBSM"
"KBSM","383","Al27","32.46837093","KBSM"
"KBSM","384","Al27","45.15889703","KBSM"
"KBSM","386","Al27","35.4232774","KBSM"
"KBSM","388","Al27","52.81956487","KBSM"
"KBSM","389","Al27","33.00725768","KBSM"
"KBSM","390","Al27","30.11281856","KBSM"
"KBSM","391","Al27","35.31329592","KBSM"
"KBSM","392","Al27","53.34995343","KBSM"
"KBSM","393","Al27","30.90552408","KBSM"
"KBSM","394","Al27","34.90066944","KBSM"
"KBSM","395","Al27","30.65455845","KBSM"
"KBSM","396","Al27","32.96563253","KBSM"
"KBSM","397","Al27","36.69865714","KBSM"
"KBSM","398","Al27","23.87127392","KBSM"
"KBSM","399","Al27","44.85409562","KBSM"
"KBSM","400","Al27","47.93717891","KBSM"
"KBSM","402","Al27","32.81681774","KBSM"
"KBSM","403","Al27","63.75365428","KBSM"
"KBSM","404","Al27","32.50993755","KBSM"
"KBSM","405","Al27","40.05445845","KBSM"
"KBSM","406","Al27","23.31533398","KBSM"
"KBSM","407","Al27","46.96843174","KBSM"
"KBSM","408","Al27","27.29425955","KBSM"
"KBSM","409","Al27","41.54910711","KBSM"
"KBSM","410","Al27","41.75697258","KBSM"
"KBSM","411","Al27","36.42696271","KBSM"
"KBSM","412","Al27","37.75978923","KBSM"
"KBSM","413","Al27","*","KBSM"
"KBSM","414","Al27","53.04503578","KBSM"
"KBSM","415","Al27","37.53592262","KBSM"
"KBSM","416","Al27","*","KBSM"
"KBSM","417","Al27","27.30193818","KBSM"
"KBSM","418","Al27","51.47064062","KBSM"
"KBSM","419","Al27","35.45387709","KBSM"
"KBSM","420","Al27","60.30889126","KBSM"
"KBSM","421","Al27","36.53880215","KBSM"
"KBSM","422","Al27","41.6238618","KBSM"
"KBSM","423","Al27","52.82375494","KBSM"
"KBSM","424","Al27","47.96365782","KBSM"
"KBSM","425","Al27","33.77700258","KBSM"
"KBSM","426","Al27","42.54588309","KBSM"
"KBSM","427","Al27","39.44881838","KBSM"
"KBSM","428","Al27","46.60522067","KBSM"
"KBSM","429","Al27","30.31717831","KBSM"
"KBSM","431","Al27","25.47390291","KBSM"
"KBSM","432","Al27","27.55399738","KBSM"
"KBSM","433","Al27","66.86306457","KBSM"
"KBSM","435","Al27","62.89699784","KBSM"
"KBSM","436","Al27","38.54711325","KBSM"
"KBSM","437","Al27","*","KBSM"
"KBSM","438","Al27","*","KBSM"
"KBSM","439","Al27","23.17538158","KBSM"
"KBSM","440","Al27","40.0359423","KBSM"
"KBSM","442","Al27","31.37949216","KBSM"
"KBSM","443","Al27","37.88460382","KBSM"
"KBSM","444","Al27","51.9981247","KBSM"
"KBSM","445","Al27","53.82133717","KBSM"
"KBSM","446","Al27","43.05899905","KBSM"
"KBSM","447","Al27","42.94612114","KBSM"
"KBSM","448","Al27","21.16772943","KBSM"
"KBSM","449","Al27","76.48046613","KBSM"
"KBSM","450","Al27","26.96218917","KBSM"
"KBSM","451","Al27","53.03264012","KBSM"
"KBSM","452","Al27","35.71496641","KBSM"
"KBSM","453","Al27","31.5296709","KBSM"
"KBSM","454","Al27","*","KBSM"
"KBSM","455","Al27","24.75251483","KBSM"
"KBSM","456","Al27","39.54579532","KBSM"
"KBSM","458","Al27","37.86085137","KBSM"
"KBSM","459","Al27","43.24814827","KBSM"
"KBSM","460","Al27","30.69142793","KBSM"
"KBSM","461","Al27","46.71496451","KBSM"
"KBSM","462","Al27","56.55444119","KBSM"
"KBSM","463","Al27","26.86206985","KBSM"
"KBSM","464","Al27","22.0839797","KBSM"
"KBSM","465","Al27","35.018774435","KBSM"
"KBSM","466","Al27","67.23775128","KBSM"
"KBSM","467","Al27","42.45619548","KBSM"
"KBSM","468","Al27","38.45565028","KBSM"
"KBSM","469","Al27","30.69623924","KBSM"
"KBSM","470","Al27","44.27775281","KBSM"
"KBSM","471","Al27","57.49133199","KBSM"
"KBSM","472","Al27","57.91173117","KBSM"
"KBSM","473","Al27","27.30217315","KBSM"
"KBSM","474","Al27","*","KBSM"
"KBSM","475","Al27","109.2922287","KBSM"
"KBSM","476","Al27","40.8368987","KBSM"
"KBSM","477","Al27","34.65394908","KBSM"
"KBSM","479","Al27","38.00071366","KBSM"
"KBSM","480","Al27","39.01619618","KBSM"
"KBSM","482","Al27","*","KBSM"
"KBSM","483","Al27","44.03561888","KBSM"
"KBSM","484","Al27","39.56848286","KBSM"
"KBSM","485","Al27","38.70943048","KBSM"
"KBSM","486","Al27","*","KBSM"
"KBSM","487","Al27","56.54431898","KBSM"
"KBSM","488","Al27","43.62685899","KBSM"
"KBSM","489","Al27","48.81986344","KBSM"
"KBSM","491","Al27","34.44884015","KBSM"
"KBSM","492","Al27","63.8954252","KBSM"
"KBSM","493","Al27","63.63767687","KBSM"
"KBSM","494","Al27","52.67394823","KBSM"
"KBSM","495","Al27","35.3318568","KBSM"
"KBSM","496","Al27","48.59730382","KBSM"
"KBSM","497","Al27","39.46435662","KBSM"
"KBSM","498","Al27","78.96743696","KBSM"
"KBSM","499","Al27","*","KBSM"
"KBSM","500","Al27","49.73243025","KBSM"
"KBSM","501","Al27","25.03079096","KBSM"
"KBSM","502","Al27","33.57300471","KBSM"
"KBSM","503","Al27","35.06400267","KBSM"
"KBSM","504","Al27","*","KBSM"
"KBSM","505","Al27","30.36447947","KBSM"
"KBSM","506","Al27","26.00568252","KBSM"
"KBSM","507","Al27","43.35402878","KBSM"
"KBSM","508","Al27","43.75785522","KBSM"
"KBSM","511","Al27","37.36698935","KBSM"
"KBSM","512","Al27","29.98232605","KBSM"
"KBSM","513","Al27","39.93248824","KBSM"
"KBSM","514","Al27","*","KBSM"
"KBSM","515","Al27","31.44348439","KBSM"
"KBSM","516","Al27","45.10651627","KBSM"
"KBSM","518","Al27","*","KBSM"
"KBSM","519","Al27","*","KBSM"
"KBSM","520","Al27","38.1302715","KBSM"
"KBSM","521","Al27","42.67175626","KBSM"
"KBSM","522","Al27","35.22424243","KBSM"
"KBSM","523","Al27","29.96206494","KBSM"
"KBSM","524","Al27","43.21847699","KBSM"
"KBSM","525","Al27","34.81030076","KBSM"
"KBSM","526","Al27","32.96746459","KBSM"
"KBSM","527","Al27","58.49130733","KBSM"
"KBSM","529","Al27","*","KBSM"
"KBSM","530","Al27","32.55144318","KBSM"
"KBSM","531","Al27","25.23148848","KBSM"
"KBSM","532","Al27","45.06246254","KBSM"
"KBSM","533","Al27","50.76686644","KBSM"
"KBSM","534","Al27","96.24547829","KBSM"
"KBSM","535","Al27","26.93457975","KBSM"
"KBSM","536","Al27","45.03388687","KBSM"
"KBSM","537","Al27","54.60195827","KBSM"
"KBSM","539","Al27","32.90440294","KBSM"
"KBSM","540","Al27","33.12653488","KBSM"
"KBSM","541","Al27","42.80115462","KBSM"
"KBSM","542","Al27","59.28926428","KBSM"
"KBSM","544","Al27","28.72249559","KBSM"
"KBSM","545","Al27","34.05867523","KBSM"
"KBSM","546","Al27","27.65888908","KBSM"
"KBSM","547","Al27","44.79753713","KBSM"
"KBSM","548","Al27","44.9498331","KBSM"
"KBSM","549","Al27","75.56190344","KBSM"
"KBSM","551","Al27","*","KBSM"
"KBSM","552","Al27","57.77885508","KBSM"
"KBSM","553","Al27","36.7890964","KBSM"
"KBSM","555","Al27","21.55464511","KBSM"
"KBSM","556","Al27","*","KBSM"
"KBSM","557","Al27","40.31261502","KBSM"
"KBSM","558","Al27","37.15082119","KBSM"
"KBSM","559","Al27","32.11172533","KBSM"
"KBSM","560","Al27","118.9332219","KBSM"
"KBSM","562","Al27","37.07475885","KBSM"
"KBSM","563","Al27","31.74325727","KBSM"
"KBSM","564","Al27","*","KBSM"
"KBSM","565","Al27","47.25515134","KBSM"
"KBSM","566","Al27","52.37807986","KBSM"
"KBSM","567","Al27","45.49897474","KBSM"
"KBSM","569","Al27","55.46640964","KBSM"
"KBSM","570","Al27","33.57782501","KBSM"
"KBSM","571","Al27","38.62001635","KBSM"
"KBSM","572","Al27","41.28617667","KBSM"
"KBSM","573","Al27","44.47281413","KBSM"
"KBSM","574","Al27","64.45529392","KBSM"
"KBSM","576","Al27","44.64587109","KBSM"
"KBSM","577","Al27","26.54323469","KBSM"
"KBSM","578","Al27","32.60467778","KBSM"
"KBSM","579","Al27","35.35984927","KBSM"
"KBSM","580","Al27","29.94505895","KBSM"
"KBSM","581","Al27","38.0499206","KBSM"
"KBSM","583","Al27","53.47884011","KBSM"
"KBSM","584","Al27","45.31588389","KBSM"
"KBSM","585","Al27","46.53133545","KBSM"
"KBSM","586","Al27","39.95338409","KBSM"
"KBSM","588","Al27","28.17788675","KBSM"
"KBSM","589","Al27","42.99536637","KBSM"
"KBSM","592","Al27","51.34979939","KBSM"
"KBSM","593","Al27","35.18085524","KBSM"
"KBSM","594","Al27","36.62159663","KBSM"
"KBSM","595","Al27","39.04431748","KBSM"
"KBSM","596","Al27","34.71192829","KBSM"
"KBSM","597","Al27","27.39008167","KBSM"
"KBSM","598","Al27","40.6177243","KBSM"
"KBSM","599","Al27","*","KBSM"
"KBSM","600","Al27","28.35658493","KBSM"
"KBSM","601","Al27","53.71447646","KBSM"
"KBSM","602","Al27","*","KBSM"
"KBSM","603","Al27","*","KBSM"
"KBSM","604","Al27","*","KBSM"
"KBSM","605","Al27","43.84680092","KBSM"
"KBSM","606","Al27","33.44030638","KBSM"
"KBSM","608","Al27","44.40978558","KBSM"
"KBSM","609","Al27","30.17783231","KBSM"
"KBSM","610","Al27","57.6352651","KBSM"
"KBSM","611","Al27","23.0292086","KBSM"
"KBSM","612","Al27","28.28693493","KBSM"
"KBSM","613","Al27","32.76286512","KBSM"
"KBSM","614","Al27","48.80709592","KBSM"
"KBSM","618","Al27","43.38324839","KBSM"
"KBSM","619","Al27","30.59443417","KBSM"
"KBSM","620","Al27","42.9081483","KBSM"
"KBSM","621","Al27","49.95341065","KBSM"
"KBSM","622","Al27","21.11790577","KBSM"
"KBSM","623","Al27","*","KBSM"
"KBSM","624","Al27","*","KBSM"
"KBSM","625","Al27","22.21293232","KBSM"
"KBSM","627","Al27","58.46794096","KBSM"
"KBSM","628","Al27","52.39153275","KBSM"
"KBSM","629","Al27","21.63024811","KBSM"
"KBSM","630","Al27","53.87215512","KBSM"
"KBSM","632","Al27","31.39267633","KBSM"
"KBSM","633","Al27","23.63263174","KBSM"
"KBSM","634","Al27","47.25684273","KBSM"
"KBSM","635","Al27","56.80556854","KBSM"
"KBSM","636","Al27","50.24974266","KBSM"
"KBSM","637","Al27","36.58325415","KBSM"
"KBSM","638","Al27","55.07101929","KBSM"
"KBSM","639","Al27","24.64492844","KBSM"
"KBSM","640","Al27","25.72126852","KBSM"
"KBSM","641","Al27","62.77832309","KBSM"
"KBSM","642","Al27","37.1560503","KBSM"
"KBSM","643","Al27","67.89448265","KBSM"
"KBSM","644","Al27","35.44808055","KBSM"
"KBSM","645","Al27","*","KBSM"
"KBSM","647","Al27","*","KBSM"
"KBSM","648","Al27","34.59560685","KBSM"
"KBSM","649","Al27","86.18044645","KBSM"
"KBSM","652","Al27","32.50675062","KBSM"
"KBSM","654","Al27","40.21177013","KBSM"
"KBSM","655","Al27","26.46080545","KBSM"
"KBSM","656","Al27","33.50671164","KBSM"
"KBSM","657","Al27","26.59719461","KBSM"
"KBSM","658","Al27","27.61285571","KBSM"
"KBSM","660","Al27","30.47608494","KBSM"
"KBSM","661","Al27","18.76244492","KBSM"
"KBSM","663","Al27","73.7317622","KBSM"
"KBSM","664","Al27","31.88699446","KBSM"
"KBSM","666","Al27","70.58307734","KBSM"
"KBSM","667","Al27","25.76373152","KBSM"
"KBSM","668","Al27","28.79212912","KBSM"
"KBSM","669","Al27","63.73066387","KBSM"
"KBSM","670","Al27","28.41142902","KBSM"
"KBSM","671","Al27","*","KBSM"
"KBSM","672","Al27","51.8633012","KBSM"
"KBSM","673","Al27","40.0721282","KBSM"
"KBSM","674","Al27","32.92805425","KBSM"
"KBSM","675","Al27","34.35987558","KBSM"
"KBSM","677","Al27","*","KBSM"
"KBSM","679","Al27","45.66245608","KBSM"
"KBSM","680","Al27","26.22768004","KBSM"
"KBSM","681","Al27","61.51957834","KBSM"
"KBSM","682","Al27","29.8232138","KBSM"
"KBSM","683","Al27","66.53748313","KBSM"
"KBSM","684","Al27","48.73055435","KBSM"
"KBSM","685","Al27","47.36306788","KBSM"
"KBSM","686","Al27","40.98795198","KBSM"
"KBSM","689","Al27","*","KBSM"
"KBSM","690","Al27","28.72288133","KBSM"
"KBSM","691","Al27","28.32520671","KBSM"
"KBSM","692","Al27","51.39055299","KBSM"
"KBSM","693","Al27","34.85779817","KBSM"
"KBSM","694","Al27","36.92779008","KBSM"
"KBSM","695","Al27","31.56192144","KBSM"
"KBSM","696","Al27","31.14440687","KBSM"
"KBSM","697","Al27","66.9895782","KBSM"
"KBSM","698","Al27","38.26412649","KBSM"
"KBSM","699","Al27","31.31223004","KBSM"
"KBSM","700","Al27","38.25107398","KBSM"
"KBSM","702","Al27","*","KBSM"
"KBSM","703","Al27","27.65635426","KBSM"
"KBSM","704","Al27","38.31774716","KBSM"
"KBSM","705","Al27","36.49897747","KBSM"
"KBSM","706","Al27","41.53055781","KBSM"
"KBSM","707","Al27","*","KBSM"
"KBSM","708","Al27","*","KBSM"
"KBSM","710","Al27","78.9063233","KBSM"
"KBSM","711","Al27","32.09007393","KBSM"
"KBSM","712","Al27","33.88156858","KBSM"
"KBSM","713","Al27","58.02439175","KBSM"
"KBSM","714","Al27","*","KBSM"
"KBSM","715","Al27","57.45640741","KBSM"
"KBSM","716","Al27","49.30713508","KBSM"
"KBSM","718","Al27","*","KBSM"
"KBSM","719","Al27","27.90141472","KBSM"
"KBSM","720","Al27","27.60946327","KBSM"
"KBSM","721","Al27","41.27484294","KBSM"
"KBSM","722","Al27","30.56100712","KBSM"
"KBSM","723","Al27","*","KBSM"
"KBSM","724","Al27","34.0354911","KBSM"
"KBSM","725","Al27","34.10104486","KBSM"
"KBSM","726","Al27","39.07264232","KBSM"
"KBSM","729","Al27","41.31103233","KBSM"
"KBSM","730","Al27","38.65743638","KBSM"
"KBSM","731","Al27","53.42080818","KBSM"
"KBSM","732","Al27","82.5475036","KBSM"
"KBSM","733","Al27","44.33301772","KBSM"
"KBSM","734","Al27","36.51543373","KBSM"
"KBSM","735","Al27","49.45171531","KBSM"
"KBSM","736","Al27","37.83036532","KBSM"
"KBSM","737","Al27","49.00823328","KBSM"
"KBSM","738","Al27","35.32347949","KBSM"
"KBSM","739","Al27","32.7911195","KBSM"
"KBSM","740","Al27","28.41609567","KBSM"
"KBSM","742","Al27","*","KBSM"
"KBSM","743","Al27","37.05601097","KBSM"
"KBSM","744","Al27","38.76839762","KBSM"
"KBSM","745","Al27","49.90939821","KBSM"
"KBSM","746","Al27","38.62148646","KBSM"
"KBSM","748","Al27","33.01009443","KBSM"
"KBSM","749","Al27","56.26719245","KBSM"
"KBSM","750","Al27","64.08591254","KBSM"
"KBSM","751","Al27","27.74172228","KBSM"
"KBSM","752","Al27","35.11779939","KBSM"
"KBSM","753","Al27","32.28632937","KBSM"
"KBSM","755","Al27","55.9400885","KBSM"
"KBSM","756","Al27","42.16013621","KBSM"
"KBSM","757","Al27","51.63608836","KBSM"
"KBSM","758","Al27","53.44084139","KBSM"
"KBSM","759","Al27","33.08420034","KBSM"
"KBSM","760","Al27","69.28380481","KBSM"
"KBSM","761","Al27","41.4586876","KBSM"
"KBSM","762","Al27","24.35492081","KBSM"
"KBSM","763","Al27","32.67772376","KBSM"
"KBSM","764","Al27","32.38587089","KBSM"
"KBSM","765","Al27","20.29786974","KBSM"
"KBSM","766","Al27","30.65747283","KBSM"
"KBSM","767","Al27","49.83528351","KBSM"
"KBSM","768","Al27","28.76740974","KBSM"
"KBSM","769","Al27","*","KBSM"
"KBSM","770","Al27","55.84654192","KBSM"
"KBSM","771","Al27","58.54309097","KBSM"
"KBSM","772","Al27","33.18964822","KBSM"
"KBSM","773","Al27","38.58403834","KBSM"
"KBSM","774","Al27","31.46013141","KBSM"
"KBSM","775","Al27","69.37928679","KBSM"
"KBSM","776","Al27","24.40715956","KBSM"
"KBSM","777","Al27","52.16747853","KBSM"
"KBSM","778","Al27","30.57523128","KBSM"
"KBSM","779","Al27","26.60466409","KBSM"
"KBSM","780","Al27","46.71544762","KBSM"
"KBSM","781","Al27","*","KBSM"
"KBSM","782","Al27","43.9022982","KBSM"
"KBSM","783","Al27","40.46072928","KBSM"
"KBSM","784","Al27","70.52564664","KBSM"
"KBSM","785","Al27","43.08087576","KBSM"
"KBSM","786","Al27","22.30682611","KBSM"
"KBSM","787","Al27","41.48038643","KBSM"
"KBSM","788","Al27","44.68582659","KBSM"
"KBSM","789","Al27","53.94851524","KBSM"
"KBSM","790","Al27","25.79967604","KBSM"
"KBSM","792","Al27","43.48535201","KBSM"
"KBSM","794","Al27","48.30896321","KBSM"
"KBSM","795","Al27","26.75823366","KBSM"
"KBSM","796","Al27","*","KBSM"
"KBSM","797","Al27","67.14320269","KBSM"
"KBSM","799","Al27","*","KBSM"
"KBSM","800","Al27","83.64929847","KBSM"
"KBSM","801","Al27","24.75738596","KBSM"
"KBSM","802","Al27","43.27624192","KBSM"
"KBSM","803","Al27","38.18790093","KBSM"
"KBSM","804","Al27","34.73487279","KBSM"
"KBSM","805","Al27","22.90160225","KBSM"
"KBSM","806","Al27","26.03683608","KBSM"
"KBSM","808","Al27","59.14785337","KBSM"
"KBSM","809","Al27","43.51198321","KBSM"
"KBSM","810","Al27","60.18794356","KBSM"
"KBSM","811","Al27","55.40525088","KBSM"
"KBSM","812","Al27","43.63972761","KBSM"
"KBSM","813","Al27","26.46000989","KBSM"
"KBSM","814","Al27","30.70635448","KBSM"
"KBSM","815","Al27","38.80316409","KBSM"
"KBSM","816","Al27","36.10519358","KBSM"
"KBSM","817","Al27","*","KBSM"
"KBSM","818","Al27","47.45444529","KBSM"
"KBSM","819","Al27","51.35514572","KBSM"
"KBSM","820","Al27","30.90357205","KBSM"
"KBSM","821","Al27","51.24698627","KBSM"
"KBSM","822","Al27","28.24386163","KBSM"
"KBSM","823","Al27","33.96020187","KBSM"
"KBSM","824","Al27","52.769456235","KBSM"
"KBSM","825","Al27","50.71433016","KBSM"
"PKLE","1","Al27","72.37408255","PKLE"
"PKLE","2","Al27","52.15220214","PKLE"
"PKLE","3","Al27","63.13776675","PKLE"
"PKLE","4","Al27","59.6694164","PKLE"
"PKLE","5","Al27","34.08902253","PKLE"
"PKLE","7","Al27","94.0555425","PKLE"
"PKLE","8","Al27","88.603996","PKLE"
"PKLE","9","Al27","40.59455762","PKLE"
"PKLE","10","Al27","99.22527226","PKLE"
"PKLE","11","Al27","39.65859817","PKLE"
"PKLE","12","Al27","69.69505396","PKLE"
"PKLE","13","Al27","91.1759409","PKLE"
"PKLE","14","Al27","60.89514508","PKLE"
"PKLE","15","Al27","71.89047866","PKLE"
"PKLE","16","Al27","32.01208851","PKLE"
"PKLE","17","Al27","51.00769904","PKLE"
"PKLE","18","Al27","67.74223102","PKLE"
"PKLE","19","Al27","56.97807033","PKLE"
"PKLE","20","Al27","44.30022399","PKLE"
"PKLE","21","Al27","*","PKLE"
"PKLE","22","Al27","66.03085997","PKLE"
"PKLE","23","Al27","105.1588913","PKLE"
"PKLE","24","Al27","*","PKLE"
"PKLE","25","Al27","51.3152026","PKLE"
"PKLE","26","Al27","75.35637509","PKLE"
"PKLE","27","Al27","*","PKLE"
"PKLE","28","Al27","43.99558555","PKLE"
"PKLE","29","Al27","62.30125445","PKLE"
"PKLE","30","Al27","90.82293256","PKLE"
"PKLE","31","Al27","90.42961288","PKLE"
"PKLE","32","Al27","52.5448298","PKLE"
"PKLE","33","Al27","50.1730745","PKLE"
"PKLE","34","Al27","109.8743056","PKLE"
"PKLE","35","Al27","40.25709558","PKLE"
"PKLE","36","Al27","83.12091919","PKLE"
"PKLE","37","Al27","48.85999144","PKLE"
"PKLE","38","Al27","101.1269664","PKLE"
"PKLE","39","Al27","49.16114153","PKLE"
"PKLE","40","Al27","70.55762028","PKLE"
"PKLE","41","Al27","46.09575643","PKLE"
"PKLE","42","Al27","46.10938505","PKLE"
"PKLE","43","Al27","66.16454697","PKLE"
"PKLE","44","Al27","53.44795029","PKLE"
"PKLE","46","Al27","76.26674447","PKLE"
"PKLE","48","Al27","49.91984439","PKLE"
"PKLE","49","Al27","*","PKLE"
"PKLE","50","Al27","*","PKLE"
"PKLE","52","Al27","60.63429784","PKLE"
"PKLE","53","Al27","38.96681469","PKLE"
"PKLE","54","Al27","61.95664288","PKLE"
"PKLE","55","Al27","64.94585209","PKLE"
"PKLE","56","Al27","73.71211381","PKLE"
"PKLE","57","Al27","*","PKLE"
"PKLE","58","Al27","34.33510716","PKLE"
"PKLE","59","Al27","*","PKLE"
"PKLE","60","Al27","*","PKLE"
"PKLE","61","Al27","37.70992878","PKLE"
"PKLE","62","Al27","*","PKLE"
"PKLE","63","Al27","39.92232877","PKLE"
"PKLE","64","Al27","*","PKLE"
"PKLE","65","Al27","39.43599986","PKLE"
"PKLE","66","Al27","*","PKLE"
"PKLE","67","Al27","107.5010586","PKLE"
"PKLE","68","Al27","61.67161579","PKLE"
"PKLE","69","Al27","40.41970659","PKLE"
"PKLE","70","Al27","34.81470942","PKLE"
"PKLE","71","Al27","*","PKLE"
"PKLE","72","Al27","50.88363013","PKLE"
"PKLE","73","Al27","53.60217515","PKLE"
"PKLE","74","Al27","42.04188839","PKLE"
"PKLE","75","Al27","*","PKLE"
"PKLE","76","Al27","62.10895248","PKLE"
"PKLE","77","Al27","50.65019635","PKLE"
"PKLE","78","Al27","43.14776838","PKLE"
"PKLE","79","Al27","45.08034786","PKLE"
"PKLE","80","Al27","62.91557284","PKLE"
"PKLE","81","Al27","87.44347609","PKLE"
"PKLE","83","Al27","91.75522637","PKLE"
"PKLE","84","Al27","51.06893456","PKLE"
"PKLE","85","Al27","45.73634813","PKLE"
"PKLE","86","Al27","46.9190449","PKLE"
"PKLE","87","Al27","54.6615547","PKLE"
"PKLE","88","Al27","*","PKLE"
"PKLE","89","Al27","50.53247312","PKLE"
"PKLE","90","Al27","83.34198374","PKLE"
"PKLE","91","Al27","75.03067406","PKLE"
"PKLE","93","Al27","96.03684658","PKLE"
"PKLE","94","Al27","*","PKLE"
"PKLE","95","Al27","64.01084655","PKLE"
"PKLE","96","Al27","*","PKLE"
"PKLE","97","Al27","52.51052355","PKLE"
"PKLE","99","Al27","54.74962608","PKLE"
"PKLE","100","Al27","50.11587351","PKLE"
"PKLE","101","Al27","119.3124878","PKLE"
"PKLE","102","Al27","*","PKLE"
"PKLE","103","Al27","*","PKLE"
"PKLE","104","Al27","47.67151752","PKLE"
"PKLE","105","Al27","79.36095679","PKLE"
"PKLE","106","Al27","121.0839745","PKLE"
"PKLE","107","Al27","58.89390977","PKLE"
"PKLE","110","Al27","64.15961525","PKLE"
"PKLE","111","Al27","58.30261279","PKLE"
"PKLE","112","Al27","38.89428242","PKLE"
"PKLE","113","Al27","41.21060602","PKLE"
"PKLE","114","Al27","70.7205819","PKLE"
"PKLE","115","Al27","55.15223273","PKLE"
"PKLE","116","Al27","*","PKLE"
"PKLE","117","Al27","59.06742102","PKLE"
"PKLE","118","Al27","45.76639031","PKLE"
"PKLE","119","Al27","65.14764702","PKLE"
"PKLE","120","Al27","*","PKLE"
"PKLE","122","Al27","75.62217426","PKLE"
"PKLE","123","Al27","50.58872974","PKLE"
"PKLE","125","Al27","56.13364034","PKLE"
"PKLE","126","Al27","121.6123208","PKLE"
"PKLE","127","Al27","115.979798","PKLE"
"PKLE","128","Al27","50.38527708","PKLE"
"PKLE","130","Al27","57.07765549","PKLE"
"PKLE","131","Al27","38.2223451","PKLE"
"PKLE","132","Al27","*","PKLE"
"PKLE","134","Al27","100.7533575","PKLE"
"PKLE","135","Al27","45.25652543","PKLE"
"PKLE","136","Al27","*","PKLE"
"PKLE","137","Al27","91.68083061","PKLE"
"PKLE","138","Al27","43.24358788","PKLE"
"PKLE","139","Al27","54.79961156","PKLE"
"PKLE","141","Al27","*","PKLE"
"PKLE","142","Al27","40.32113626","PKLE"
"PKLE","143","Al27","55.98343569","PKLE"
"PKLE","144","Al27","122.5522793","PKLE"
"PKLE","145","Al27","68.26677138","PKLE"
"PKLE","146","Al27","60.08220954","PKLE"
"PKLE","147","Al27","*","PKLE"
"PKLE","148","Al27","33.2478758","PKLE"
"PKLE","150","Al27","76.75074915","PKLE"
"PKLE","151","Al27","40.8485609","PKLE"
"PKLE","152","Al27","*","PKLE"
"PKLE","153","Al27","43.69319091","PKLE"
"PKLE","154","Al27","107.0557897","PKLE"
"PKLE","155","Al27","36.98988437","PKLE"
"PKLE","156","Al27","41.36841217","PKLE"
"PKLE","157","Al27","44.92320736","PKLE"
"PKLE","158","Al27","103.2942567","PKLE"
"PKLE","159","Al27","*","PKLE"
"PKLE","161","Al27","32.23775759","PKLE"
"PKLE","163","Al27","*","PKLE"
"PKLE","164","Al27","52.06673507","PKLE"
"PKLE","166","Al27","40.53983156","PKLE"
"PKLE","167","Al27","133.1398099","PKLE"
"PKLE","168","Al27","52.97379212","PKLE"
"PKLE","169","Al27","62.37254502","PKLE"
"PKLE","170","Al27","56.6838838","PKLE"
"PKLE","171","Al27","43.5355417","PKLE"
"PKLE","172","Al27","45.59700792","PKLE"
"PKLE","173","Al27","44.13081432","PKLE"
"PKLE","174","Al27","68.68667302","PKLE"
"PKLE","175","Al27","78.71708074","PKLE"
"PKLE","176","Al27","87.48693876","PKLE"
"PKLE","177","Al27","43.35883925","PKLE"
"PKLE","178","Al27","50.47810058","PKLE"
"PKLE","179","Al27","*","PKLE"
"PKLE","180","Al27","*","PKLE"
"PKLE","181","Al27","*","PKLE"
"PKLE","182","Al27","50.2271272","PKLE"
"PKLE","184","Al27","74.64866586","PKLE"
"PKLE","185","Al27","76.66964817","PKLE"
"PKLE","186","Al27","*","PKLE"
"PKLE","187","Al27","60.32623166","PKLE"
"PKLE","188","Al27","62.53403174","PKLE"
"PKLE","189","Al27","107.0936273","PKLE"
"PKLE","190","Al27","*","PKLE"
"PKLE","191","Al27","52.52363589","PKLE"
"PKLE","192","Al27","*","PKLE"
"PKLE","193","Al27","65.32614402","PKLE"
"PKLE","194","Al27","69.93591291","PKLE"
"PKLE","195","Al27","49.36558403","PKLE"
"PKLE","196","Al27","*","PKLE"
"PKLE","197","Al27","81.82907321","PKLE"
"PKLE","198","Al27","55.57819159","PKLE"
"PKLE","199","Al27","37.03989057","PKLE"
"PKLE","200","Al27","50.0603014","PKLE"
"PKLE","201","Al27","53.61280475","PKLE"
"PKLE","203","Al27","54.21184501","PKLE"
"PKLE","204","Al27","67.31482242","PKLE"
"PKLE","205","Al27","43.46976399","PKLE"
"PKLE","207","Al27","98.01035382","PKLE"
"PKLE","208","Al27","41.91461367","PKLE"
"PKLE","209","Al27","59.74458963","PKLE"
"PKLE","210","Al27","53.01084123","PKLE"
"PKLE","211","Al27","73.80349483","PKLE"
"PKLE","212","Al27","*","PKLE"
"PKLE","213","Al27","53.94105046","PKLE"
"PKLE","214","Al27","38.37186183","PKLE"
"PKLE","215","Al27","77.20341421","PKLE"
"PKLE","216","Al27","48.32407941","PKLE"
"PKLE","217","Al27","71.11804755","PKLE"
"PKLE","218","Al27","40.38649934","PKLE"
"PKLE","219","Al27","*","PKLE"
"PKLE","220","Al27","103.5349725","PKLE"
"PKLE","221","Al27","46.24399203","PKLE"
"PKLE","222","Al27","43.11690912","PKLE"
"PKLE","223","Al27","*","PKLE"
"PKLE","224","Al27","41.28427217","PKLE"
"PKLE","225","Al27","29.73295255","PKLE"
"PKLE","226","Al27","51.20720715","PKLE"
"PKLE","227","Al27","72.60093823","PKLE"
"PKLE","228","Al27","100.7467364","PKLE"
"PKLE","229","Al27","35.68565062","PKLE"
"PKLE","230","Al27","48.30445627","PKLE"
"PKLE","231","Al27","42.36349395","PKLE"
"PKLE","232","Al27","106.6872451","PKLE"
"PKLE","233","Al27","*","PKLE"
"PKLE","234","Al27","75.59773133","PKLE"
"PKLE","235","Al27","*","PKLE"
"PKLE","236","Al27","42.09049682","PKLE"
"PKLE","237","Al27","55.2436047","PKLE"
"PKLE","238","Al27","*","PKLE"
"PKLE","239","Al27","42.76038163","PKLE"
"PKLE","240","Al27","*","PKLE"
"PKLE","241","Al27","*","PKLE"
"PKLE","242","Al27","45.50519485","PKLE"
"PKLE","243","Al27","36.51618117","PKLE"
"PKLE","244","Al27","49.998024","PKLE"
"PKLE","245","Al27","62.17701647","PKLE"
"PKLE","246","Al27","48.87211826","PKLE"
"PKLE","247","Al27","50.49535505","PKLE"
"PKLE","248","Al27","129.1542041","PKLE"
"PKLE","249","Al27","55.1855643","PKLE"
"PKLE","250","Al27","59.32605741","PKLE"
"PKLE","251","Al27","*","PKLE"
"PKLE","252","Al27","40.50438394","PKLE"
"PKLE","253","Al27","*","PKLE"
"PKLE","254","Al27","65.4030979","PKLE"
"PKLE","255","Al27","55.15259119","PKLE"
"PKLE","256","Al27","53.95311079","PKLE"
"PKLE","257","Al27","45.31934163","PKLE"
"PKLE","258","Al27","*","PKLE"
"PKLE","259","Al27","64.16704349","PKLE"
"PKLE","260","Al27","58.92680102","PKLE"
"PKLE","261","Al27","38.73086772","PKLE"
"PKLE","262","Al27","*","PKLE"
"PKLE","263","Al27","68.92036519","PKLE"
"PKLE","264","Al27","70.30422381","PKLE"
"PKLE","265","Al27","133.2005816","PKLE"
"PKLE","267","Al27","56.95326596","PKLE"
"PKLE","268","Al27","*","PKLE"
"PKLE","269","Al27","*","PKLE"
"PKLE","270","Al27","32.9803876","PKLE"
"PKLE","271","Al27","*","PKLE"
"PKLE","272","Al27","39.5397462","PKLE"
"PKLE","273","Al27","50.49704187","PKLE"
"PKLE","274","Al27","46.7551949","PKLE"
"PKLE","275","Al27","50.83965255","PKLE"
"PKLE","276","Al27","*","PKLE"
"PKLE","277","Al27","48.46787429","PKLE"
"PKLE","278","Al27","*","PKLE"
"PKLE","279","Al27","46.27608851","PKLE"
"PKLE","281","Al27","54.12566483","PKLE"
"PKLE","282","Al27","*","PKLE"
"PKLE","283","Al27","*","PKLE"
"PKLE","284","Al27","28.01093123","PKLE"
"PKLE","285","Al27","*","PKLE"
"PKLE","286","Al27","39.25524734","PKLE"
"PKLE","287","Al27","71.6126341","PKLE"
"PKLE","288","Al27","*","PKLE"
"PKLE","289","Al27","57.57393962","PKLE"
"PKLE","290","Al27","*","PKLE"
"PKLE","292","Al27","50.83297553","PKLE"
"PKLE","293","Al27","60.55128675","PKLE"
"PKLE","294","Al27","55.49497388","PKLE"
"PKLE","296","Al27","54.68136059","PKLE"
"PKLE","297","Al27","58.01323759","PKLE"
"PKLE","298","Al27","*","PKLE"
"PKLE","299","Al27","43.47099212","PKLE"
"PKLE","300","Al27","43.00968548","PKLE"
"PKLE","301","Al27","76.27969179","PKLE"
"PKLE","302","Al27","45.53059627","PKLE"
"PKLE","303","Al27","41.68715773","PKLE"
"PKLE","304","Al27","57.64879028","PKLE"
"PKLE","305","Al27","49.69217659","PKLE"
"PKLE","306","Al27","46.94608645","PKLE"
"PKLE","307","Al27","44.9780096","PKLE"
"PKLE","308","Al27","113.1893309","PKLE"
"PKLE","310","Al27","81.5247539","PKLE"
"PKLE","311","Al27","77.88148218","PKLE"
"PKLE","312","Al27","27.06314031","PKLE"
"PKLE","313","Al27","46.29895061","PKLE"
"PKLE","314","Al27","44.88842055","PKLE"
"PKLE","315","Al27","*","PKLE"
"PKLE","317","Al27","55.20386604","PKLE"
"PKLE","318","Al27","48.41680511","PKLE"
"PKLE","319","Al27","*","PKLE"
"PKLE","320","Al27","51.56506141","PKLE"
"PKLE","322","Al27","41.91047706","PKLE"
"PKLE","323","Al27","46.68992254","PKLE"
"PKLE","324","Al27","58.26790737","PKLE"
"PKLE","325","Al27","57.11449577","PKLE"
"PKLE","326","Al27","*","PKLE"
"PKLE","328","Al27","116.6825434","PKLE"
"PKLE","330","Al27","74.05759359","PKLE"
"PKLE","332","Al27","52.23491172","PKLE"
"PKLE","333","Al27","73.27265135","PKLE"
"PKLE","334","Al27","60.94464107","PKLE"
"PKLE","335","Al27","131.2146615","PKLE"
"PKLE","336","Al27","100.0144085","PKLE"
"PKLE","337","Al27","56.99069056","PKLE"
"PKLE","338","Al27","99.44147114","PKLE"
"PKLE","339","Al27","43.37486025","PKLE"
"PKLE","340","Al27","68.92929093","PKLE"
"PKLE","341","Al27","54.39236512","PKLE"
"PKLE","342","Al27","57.16838004","PKLE"
"PKLE","343","Al27","52.82710612","PKLE"
"PKLE","345","Al27","62.46085226","PKLE"
"PKLE","346","Al27","62.26294295","PKLE"
"PKLE","347","Al27","50.3133522","PKLE"
"PKLE","349","Al27","61.64899195","PKLE"
"PKLE","350","Al27","58.53437675","PKLE"
"PKLE","352","Al27","47.98003444","PKLE"
"PKLE","353","Al27","89.47866764","PKLE"
"PKLE","354","Al27","54.19043254","PKLE"
"PKLE","355","Al27","*","PKLE"
"PKLE","356","Al27","67.77416279","PKLE"
"PKLE","358","Al27","49.70225375","PKLE"
"PKLE","359","Al27","75.74637995","PKLE"
"PKLE","360","Al27","89.58094002","PKLE"
"PKLE","361","Al27","56.85999195","PKLE"
"PKLE","363","Al27","49.35089373","PKLE"
"PKLE","364","Al27","72.49548117","PKLE"
"PKLE","365","Al27","97.83252394","PKLE"
"PKLE","366","Al27","55.54635122","PKLE"
"PKLE","367","Al27","39.70417667","PKLE"
"PKLE","368","Al27","34.59707377","PKLE"
"PKLE","369","Al27","54.37317384","PKLE"
"PKLE","370","Al27","54.88846085","PKLE"
"PKLE","371","Al27","49.45640862","PKLE"
"PKLE","372","Al27","42.4078165","PKLE"
"PKLE","373","Al27","67.45453759","PKLE"
"PKLE","374","Al27","50.72116137","PKLE"
"PKLE","375","Al27","66.73256017","PKLE"
"PKLE","377","Al27","*","PKLE"
"PKLE","378","Al27","114.111548","PKLE"
"PKLE","379","Al27","95.25364931","PKLE"
"PKLE","380","Al27","59.64160847","PKLE"
"PKLE","381","Al27","83.04100791","PKLE"
"PKLE","382","Al27","49.60412631","PKLE"
"PKLE","383","Al27","87.75081087","PKLE"
"PKLE","384","Al27","103.3277289","PKLE"
"PKLE","386","Al27","69.41966917","PKLE"
"PKLE","388","Al27","51.21968415","PKLE"
"PKLE","389","Al27","56.28854527","PKLE"
"PKLE","390","Al27","36.42424809","PKLE"
"PKLE","391","Al27","59.16523022","PKLE"
"PKLE","392","Al27","122.2856159","PKLE"
"PKLE","393","Al27","66.10680952","PKLE"
"PKLE","394","Al27","*","PKLE"
"PKLE","395","Al27","50.56475068","PKLE"
"PKLE","396","Al27","96.65699293","PKLE"
"PKLE","397","Al27","74.66865867","PKLE"
"PKLE","398","Al27","*","PKLE"
"PKLE","399","Al27","68.42156447","PKLE"
"PKLE","400","Al27","56.89117714","PKLE"
"PKLE","402","Al27","52.89324435","PKLE"
"PKLE","403","Al27","*","PKLE"
"PKLE","404","Al27","39.67619108","PKLE"
"PKLE","405","Al27","58.47205328","PKLE"
"PKLE","406","Al27","40.06190223","PKLE"
"PKLE","407","Al27","71.91780618","PKLE"
"PKLE","408","Al27","62.05465628","PKLE"
"PKLE","409","Al27","51.16398219","PKLE"
"PKLE","410","Al27","90.01854177","PKLE"
"PKLE","411","Al27","*","PKLE"
"PKLE","412","Al27","29.27313647","PKLE"
"PKLE","413","Al27","69.17856122","PKLE"
"PKLE","414","Al27","45.63015789","PKLE"
"PKLE","415","Al27","45.71933864","PKLE"
"PKLE","416","Al27","122.8168207","PKLE"
"PKLE","417","Al27","81.77241597","PKLE"
"PKLE","418","Al27","*","PKLE"
"PKLE","419","Al27","*","PKLE"
"PKLE","420","Al27","30.538317","PKLE"
"PKLE","421","Al27","*","PKLE"
"PKLE","422","Al27","65.60195422","PKLE"
"PKLE","423","Al27","55.32279087","PKLE"
"PKLE","424","Al27","93.72777183","PKLE"
"PKLE","425","Al27","68.44955661","PKLE"
"PKLE","426","Al27","39.39362359","PKLE"
"PKLE","427","Al27","*","PKLE"
"PKLE","428","Al27","43.81520872","PKLE"
"PKLE","429","Al27","64.11276774","PKLE"
"PKLE","431","Al27","98.34189894","PKLE"
"PKLE","432","Al27","55.05392615","PKLE"
"PKLE","433","Al27","94.47547816","PKLE"
"PKLE","435","Al27","49.11557969","PKLE"
"PKLE","436","Al27","52.7898276","PKLE"
"PKLE","437","Al27","56.83477808","PKLE"
"PKLE","438","Al27","57.15126748","PKLE"
"PKLE","439","Al27","42.26869843","PKLE"
"PKLE","440","Al27","43.24823997","PKLE"
"PKLE","442","Al27","37.77641339","PKLE"
"PKLE","443","Al27","41.16142668","PKLE"
"PKLE","444","Al27","47.89623909","PKLE"
"PKLE","445","Al27","58.14201917","PKLE"
"PKLE","446","Al27","58.42340041","PKLE"
"PKLE","447","Al27","75.49999132","PKLE"
"PKLE","448","Al27","47.67327422","PKLE"
"PKLE","449","Al27","60.34313574","PKLE"
"PKLE","450","Al27","57.32782444","PKLE"
"PKLE","451","Al27","43.37000907","PKLE"
"PKLE","452","Al27","39.5272677","PKLE"
"PKLE","453","Al27","47.54130935","PKLE"
"PKLE","454","Al27","*","PKLE"
"PKLE","455","Al27","48.44478547","PKLE"
"PKLE","456","Al27","70.46365871","PKLE"
"PKLE","458","Al27","*","PKLE"
"PKLE","459","Al27","62.04861004","PKLE"
"PKLE","460","Al27","126.791071","PKLE"
"PKLE","461","Al27","49.12152797","PKLE"
"PKLE","462","Al27","49.21360956","PKLE"
"PKLE","463","Al27","35.089803995","PKLE"
"PKLE","464","Al27","40.67254275","PKLE"
"PKLE","465","Al27","88.7039255","PKLE"
"PKLE","466","Al27","45.96810249","PKLE"
"PKLE","467","Al27","60.25835299","PKLE"
"PKLE","468","Al27","35.58424143","PKLE"
"PKLE","469","Al27","71.2362589","PKLE"
"PKLE","470","Al27","50.00047382","PKLE"
"PKLE","471","Al27","53.73384172","PKLE"
"PKLE","472","Al27","*","PKLE"
"PKLE","473","Al27","135.4206603","PKLE"
"PKLE","474","Al27","57.5994833","PKLE"
"PKLE","475","Al27","46.15541273","PKLE"
"PKLE","476","Al27","72.70305116","PKLE"
"PKLE","477","Al27","106.2927655","PKLE"
"PKLE","479","Al27","63.62803996","PKLE"
"PKLE","480","Al27","78.7476321","PKLE"
"PKLE","482","Al27","82.76145633","PKLE"
"PKLE","483","Al27","69.71591865","PKLE"
"PKLE","484","Al27","68.04959851","PKLE"
"PKLE","485","Al27","62.84563953","PKLE"
"PKLE","486","Al27","66.07003033","PKLE"
"PKLE","487","Al27","59.85381475","PKLE"
"PKLE","488","Al27","62.91264668","PKLE"
"PKLE","489","Al27","46.99555646","PKLE"
"PKLE","491","Al27","39.69317564","PKLE"
"PKLE","492","Al27","56.46807652","PKLE"
"PKLE","493","Al27","49.07356886","PKLE"
"PKLE","494","Al27","60.72089435","PKLE"
"PKLE","495","Al27","35.46089615","PKLE"
"PKLE","496","Al27","49.94873459","PKLE"
"PKLE","497","Al27","36.79781418","PKLE"
"PKLE","498","Al27","63.73280895","PKLE"
"PKLE","499","Al27","37.15474415","PKLE"
"PKLE","500","Al27","87.42651442","PKLE"
"PKLE","501","Al27","66.18760726","PKLE"
"PKLE","502","Al27","48.28946981","PKLE"
"PKLE","503","Al27","78.62943634","PKLE"
"PKLE","504","Al27","72.26459795","PKLE"
"PKLE","505","Al27","47.16695638","PKLE"
"PKLE","506","Al27","70.27079896","PKLE"
"PKLE","507","Al27","53.25866557","PKLE"
"PKLE","508","Al27","67.12967965","PKLE"
"PKLE","511","Al27","40.44122269","PKLE"
"PKLE","512","Al27","49.32876982","PKLE"
"PKLE","513","Al27","51.67522948","PKLE"
"PKLE","514","Al27","57.36554007","PKLE"
"PKLE","515","Al27","57.35528314","PKLE"
"PKLE","516","Al27","27.46217666","PKLE"
"PKLE","518","Al27","61.18973272","PKLE"
"PKLE","519","Al27","*","PKLE"
"PKLE","520","Al27","48.70041047","PKLE"
"PKLE","521","Al27","56.99155208","PKLE"
"PKLE","522","Al27","55.09115108","PKLE"
"PKLE","523","Al27","30.88349139","PKLE"
"PKLE","524","Al27","116.6788696","PKLE"
"PKLE","525","Al27","70.07570372","PKLE"
"PKLE","526","Al27","64.07663815","PKLE"
"PKLE","527","Al27","68.06628451","PKLE"
"PKLE","529","Al27","51.7093791","PKLE"
"PKLE","530","Al27","74.44045457","PKLE"
"PKLE","531","Al27","80.92228208","PKLE"
"PKLE","532","Al27","56.22242335","PKLE"
"PKLE","533","Al27","47.08379546","PKLE"
"PKLE","534","Al27","*","PKLE"
"PKLE","535","Al27","53.99434797","PKLE"
"PKLE","536","Al27","54.7328307","PKLE"
"PKLE","537","Al27","65.74386515","PKLE"
"PKLE","539","Al27","34.9415426","PKLE"
"PKLE","540","Al27","59.76332234","PKLE"
"PKLE","541","Al27","44.81375988","PKLE"
"PKLE","542","Al27","54.23508619","PKLE"
"PKLE","544","Al27","39.81576848","PKLE"
"PKLE","545","Al27","56.69024361","PKLE"
"PKLE","546","Al27","78.26405062","PKLE"
"PKLE","547","Al27","56.95871541","PKLE"
"PKLE","548","Al27","83.36869219","PKLE"
"PKLE","549","Al27","34.65881713","PKLE"
"PKLE","551","Al27","58.49007021","PKLE"
"PKLE","552","Al27","98.71030981","PKLE"
"PKLE","553","Al27","53.75408105","PKLE"
"PKLE","555","Al27","43.34598127","PKLE"
"PKLE","556","Al27","62.3986747","PKLE"
"PKLE","557","Al27","*","PKLE"
"PKLE","558","Al27","49.16685256","PKLE"
"PKLE","559","Al27","37.55026418","PKLE"
"PKLE","560","Al27","74.94425094","PKLE"
"PKLE","562","Al27","73.36153006","PKLE"
"PKLE","563","Al27","69.96674269","PKLE"
"PKLE","564","Al27","50.80786658","PKLE"
"PKLE","565","Al27","40.75016248","PKLE"
"PKLE","566","Al27","99.83184025","PKLE"
"PKLE","567","Al27","69.71995003","PKLE"
"PKLE","569","Al27","48.410034","PKLE"
"PKLE","570","Al27","53.09966603","PKLE"
"PKLE","571","Al27","80.59724546","PKLE"
"PKLE","572","Al27","97.88460008","PKLE"
"PKLE","573","Al27","67.2951235","PKLE"
"PKLE","574","Al27","60.56752089","PKLE"
"PKLE","576","Al27","65.79137226","PKLE"
"PKLE","577","Al27","70.99473933","PKLE"
"PKLE","578","Al27","45.62730832","PKLE"
"PKLE","579","Al27","*","PKLE"
"PKLE","580","Al27","50.76277707","PKLE"
"PKLE","581","Al27","63.82278026","PKLE"
"PKLE","583","Al27","51.86673713","PKLE"
"PKLE","584","Al27","36.5967994","PKLE"
"PKLE","585","Al27","55.431225","PKLE"
"PKLE","586","Al27","55.07873901","PKLE"
"PKLE","588","Al27","*","PKLE"
"PKLE","589","Al27","60.02745746","PKLE"
"PKLE","592","Al27","52.10473197","PKLE"
"PKLE","593","Al27","119.6437534","PKLE"
"PKLE","594","Al27","43.02852643","PKLE"
"PKLE","595","Al27","52.75693377","PKLE"
"PKLE","596","Al27","53.19981883","PKLE"
"PKLE","597","Al27","*","PKLE"
"PKLE","598","Al27","39.36044849","PKLE"
"PKLE","599","Al27","86.597797975","PKLE"
"PKLE","600","Al27","36.80055043","PKLE"
"PKLE","601","Al27","115.9348546","PKLE"
"PKLE","602","Al27","54.77046236","PKLE"
"PKLE","603","Al27","67.91724641","PKLE"
"PKLE","604","Al27","49.61451032","PKLE"
"PKLE","605","Al27","42.99263804","PKLE"
"PKLE","606","Al27","72.75590903","PKLE"
"PKLE","608","Al27","40.93271716","PKLE"
"PKLE","609","Al27","42.05855166","PKLE"
"PKLE","610","Al27","41.75963653","PKLE"
"PKLE","611","Al27","48.60631696","PKLE"
"PKLE","612","Al27","65.02590768","PKLE"
"PKLE","613","Al27","*","PKLE"
"PKLE","614","Al27","123.2900561","PKLE"
"PKLE","618","Al27","49.96362341","PKLE"
"PKLE","619","Al27","67.51062918","PKLE"
"PKLE","620","Al27","50.60941188","PKLE"
"PKLE","621","Al27","54.01696465","PKLE"
"PKLE","622","Al27","108.8220986","PKLE"
"PKLE","623","Al27","*","PKLE"
"PKLE","624","Al27","49.07236378","PKLE"
"PKLE","625","Al27","*","PKLE"
"PKLE","627","Al27","61.43071849","PKLE"
"PKLE","628","Al27","62.92458865","PKLE"
"PKLE","629","Al27","43.07919538","PKLE"
"PKLE","630","Al27","*","PKLE"
"PKLE","632","Al27","46.00994748","PKLE"
"PKLE","633","Al27","45.50119402","PKLE"
"PKLE","634","Al27","64.03207171","PKLE"
"PKLE","635","Al27","64.3449663","PKLE"
"PKLE","636","Al27","42.98890429","PKLE"
"PKLE","637","Al27","61.44284867","PKLE"
"PKLE","638","Al27","53.61306618","PKLE"
"PKLE","639","Al27","44.237054","PKLE"
"PKLE","640","Al27","47.42644219","PKLE"
"PKLE","641","Al27","49.72322938","PKLE"
"PKLE","642","Al27","61.87364532","PKLE"
"PKLE","643","Al27","45.56618584","PKLE"
"PKLE","644","Al27","55.97709122","PKLE"
"PKLE","645","Al27","*","PKLE"
"PKLE","647","Al27","55.82904075","PKLE"
"PKLE","648","Al27","66.55648419","PKLE"
"PKLE","649","Al27","123.9883986","PKLE"
"PKLE","652","Al27","*","PKLE"
"PKLE","654","Al27","63.52248345","PKLE"
"PKLE","655","Al27","79.36330914","PKLE"
"PKLE","656","Al27","52.08911197","PKLE"
"PKLE","657","Al27","49.01036153","PKLE"
"PKLE","658","Al27","64.02589694","PKLE"
"PKLE","660","Al27","45.81365653","PKLE"
"PKLE","661","Al27","60.81225877","PKLE"
"PKLE","663","Al27","46.75692284","PKLE"
"PKLE","664","Al27","69.62529097","PKLE"
"PKLE","666","Al27","56.88243271","PKLE"
"PKLE","667","Al27","47.41404581","PKLE"
"PKLE","668","Al27","37.04559156","PKLE"
"PKLE","669","Al27","59.76984208","PKLE"
"PKLE","670","Al27","55.68471394","PKLE"
"PKLE","671","Al27","*","PKLE"
"PKLE","672","Al27","47.82614108","PKLE"
"PKLE","673","Al27","67.39985632","PKLE"
"PKLE","674","Al27","68.6087763","PKLE"
"PKLE","675","Al27","40.32884243","PKLE"
"PKLE","677","Al27","65.46686276","PKLE"
"PKLE","679","Al27","58.39793997","PKLE"
"PKLE","680","Al27","48.96193358","PKLE"
"PKLE","681","Al27","73.04356741","PKLE"
"PKLE","682","Al27","57.76467029","PKLE"
"PKLE","683","Al27","58.05523216","PKLE"
"PKLE","684","Al27","79.23196122","PKLE"
"PKLE","685","Al27","87.18930527","PKLE"
"PKLE","686","Al27","48.53525211","PKLE"
"PKLE","689","Al27","103.7609665","PKLE"
"PKLE","690","Al27","48.83068328","PKLE"
"PKLE","691","Al27","56.51098549","PKLE"
"PKLE","692","Al27","48.40380109","PKLE"
"PKLE","693","Al27","41.09484201","PKLE"
"PKLE","694","Al27","89.0569316","PKLE"
"PKLE","695","Al27","36.9039081","PKLE"
"PKLE","696","Al27","41.26504733","PKLE"
"PKLE","697","Al27","44.19644321","PKLE"
"PKLE","698","Al27","74.93940622","PKLE"
"PKLE","699","Al27","101.9016877","PKLE"
"PKLE","700","Al27","*","PKLE"
"PKLE","702","Al27","43.29130239","PKLE"
"PKLE","703","Al27","32.46164966","PKLE"
"PKLE","704","Al27","51.58775747","PKLE"
"PKLE","705","Al27","39.14222228","PKLE"
"PKLE","706","Al27","46.65530944","PKLE"
"PKLE","707","Al27","*","PKLE"
"PKLE","708","Al27","66.21213131","PKLE"
"PKLE","710","Al27","69.70875324","PKLE"
"PKLE","711","Al27","49.59407764","PKLE"
"PKLE","712","Al27","40.01317327","PKLE"
"PKLE","713","Al27","43.01986354","PKLE"
"PKLE","714","Al27","31.52247623","PKLE"
"PKLE","715","Al27","47.47211987","PKLE"
"PKLE","716","Al27","51.75224467","PKLE"
"PKLE","718","Al27","51.768066095","PKLE"
"PKLE","719","Al27","41.68297812","PKLE"
"PKLE","720","Al27","43.46165712","PKLE"
"PKLE","721","Al27","41.48637775","PKLE"
"PKLE","722","Al27","49.23846155","PKLE"
"PKLE","723","Al27","47.29204612","PKLE"
"PKLE","724","Al27","92.0358369","PKLE"
"PKLE","725","Al27","43.99682904","PKLE"
"PKLE","726","Al27","49.68151317","PKLE"
"PKLE","729","Al27","40.8099677","PKLE"
"PKLE","730","Al27","74.56456739","PKLE"
"PKLE","731","Al27","52.90616226","PKLE"
"PKLE","732","Al27","76.99525327","PKLE"
"PKLE","733","Al27","136.1412077","PKLE"
"PKLE","734","Al27","35.75247785","PKLE"
"PKLE","735","Al27","46.58596886","PKLE"
"PKLE","736","Al27","58.20025277","PKLE"
"PKLE","737","Al27","39.04162955","PKLE"
"PKLE","738","Al27","46.68198797","PKLE"
"PKLE","739","Al27","44.61755567","PKLE"
"PKLE","740","Al27","40.64593127","PKLE"
"PKLE","742","Al27","51.87073775","PKLE"
"PKLE","743","Al27","*","PKLE"
"PKLE","744","Al27","*","PKLE"
"PKLE","745","Al27","70.6067928","PKLE"
"PKLE","746","Al27","39.66298794","PKLE"
"PKLE","748","Al27","60.25844527","PKLE"
"PKLE","749","Al27","104.1580936","PKLE"
"PKLE","750","Al27","66.47546698","PKLE"
"PKLE","751","Al27","58.14494831","PKLE"
"PKLE","752","Al27","63.99089677","PKLE"
"PKLE","753","Al27","74.38197207","PKLE"
"PKLE","755","Al27","119.3204014","PKLE"
"PKLE","756","Al27","68.61472991","PKLE"
"PKLE","757","Al27","52.82457162","PKLE"
"PKLE","758","Al27","66.41316952","PKLE"
"PKLE","759","Al27","40.09585895","PKLE"
"PKLE","760","Al27","*","PKLE"
"PKLE","761","Al27","51.26543609","PKLE"
"PKLE","762","Al27","70.40657381","PKLE"
"PKLE","763","Al27","*","PKLE"
"PKLE","764","Al27","50.81522696","PKLE"
"PKLE","765","Al27","50.97603709","PKLE"
"PKLE","766","Al27","41.65627809","PKLE"
"PKLE","767","Al27","63.21127266","PKLE"
"PKLE","768","Al27","112.2313434","PKLE"
"PKLE","769","Al27","85.48558296","PKLE"
"PKLE","770","Al27","49.84236888","PKLE"
"PKLE","771","Al27","55.03075627","PKLE"
"PKLE","772","Al27","119.2132698","PKLE"
"PKLE","773","Al27","133.875243","PKLE"
"PKLE","774","Al27","61.41806399","PKLE"
"PKLE","775","Al27","68.30732654","PKLE"
"PKLE","776","Al27","49.54057938","PKLE"
"PKLE","777","Al27","47.84352723","PKLE"
"PKLE","778","Al27","50.13841013","PKLE"
"PKLE","779","Al27","64.46040109","PKLE"
"PKLE","780","Al27","58.94337294","PKLE"
"PKLE","781","Al27","58.11101775","PKLE"
"PKLE","782","Al27","77.06455753","PKLE"
"PKLE","783","Al27","50.24339665","PKLE"
"PKLE","784","Al27","87.18817857","PKLE"
"PKLE","785","Al27","70.03858786","PKLE"
"PKLE","786","Al27","104.5114639","PKLE"
"PKLE","787","Al27","*","PKLE"
"PKLE","788","Al27","78.12476048","PKLE"
"PKLE","789","Al27","45.67292295","PKLE"
"PKLE","790","Al27","42.76380707","PKLE"
"PKLE","792","Al27","42.84392192","PKLE"
"PKLE","794","Al27","83.40678429","PKLE"
"PKLE","795","Al27","45.85729505","PKLE"
"PKLE","796","Al27","72.93509139","PKLE"
"PKLE","797","Al27","69.96546889","PKLE"
"PKLE","799","Al27","67.56324324","PKLE"
"PKLE","800","Al27","40.89314824","PKLE"
"PKLE","801","Al27","53.20260538","PKLE"
"PKLE","802","Al27","59.43903832","PKLE"
"PKLE","803","Al27","65.08073381","PKLE"
"PKLE","804","Al27","102.0891841","PKLE"
"PKLE","805","Al27","61.56832572","PKLE"
"PKLE","806","Al27","110.0046876","PKLE"
"PKLE","808","Al27","46.23127533","PKLE"
"PKLE","809","Al27","40.69392601","PKLE"
"PKLE","810","Al27","42.86285898","PKLE"
"PKLE","811","Al27","36.58144452","PKLE"
"PKLE","812","Al27","*","PKLE"
"PKLE","813","Al27","92.49047249","PKLE"
"PKLE","814","Al27","41.25453733","PKLE"
"PKLE","815","Al27","39.37475088","PKLE"
"PKLE","816","Al27","68.06359313","PKLE"
"PKLE","817","Al27","*","PKLE"
"PKLE","818","Al27","88.76276182","PKLE"
"PKLE","819","Al27","*","PKLE"
"PKLE","820","Al27","*","PKLE"
"PKLE","821","Al27","38.41730564","PKLE"
"PKLE","822","Al27","47.84374439","PKLE"
"PKLE","823","Al27","*","PKLE"
"PKLE","824","Al27","101.5083299","PKLE"
"PKLE","825","Al27","43.48806183","PKLE"
